Workbook
Name Print_Area_MI: #REF!
Name Print_Area_MI: #REF!

Sheet MPR
A2: QUARTERLY REPORT ON TB CASES REGISTRATION
A3: INDIVIDUAL/CONSOLIDATED (TICK ONE) | Y3: TB - 07
A4: Name of TB Care Facility (BMU) : | E4: KMC Leprosy Hospital | I4: District : | K4: West | M4: Central : | O4: Manghopir | T4: Patients registered during | Y4: 1st Quarter | AB4: of Year 2024
A6: Name of TB Coodinator/Facility incharge : | H6: Dr. Hafeez | T6: Date of completion of this form :
A8: Block 1: | K8: New (N) | M8: Relapse ® | O8: Previous Treatment History Unknown (UK) | R8: N+R+UK | U8: Previously treated ( Excluding Relapse) | AB8: Total
A9: All TB Cases Registered | U9: Treatment after failure | X9: Treatment after lost to follow-up | Z9: Other previously treated
A11: Pulmonary, Bacteriologically Confermid | K11: 2 | M11: 0 | O11: 0 | R11: 2 | U11: 0 | X11: 0 | Z11: 1 | AB11: 3
A12: Pulmonary , Clinically Diagnosed | K12: 0 | M12: 0 | O12: 0 | R12: 0 | U12: 0 | X12: 0 | Z12: 0 | AB12: 0
A13: Extra Pulmonary, Bacteriologically Confermid | K13: 0 | M13: 0 | O13: 0 | R13: 0 | U13: 0 | X13: 0 | Z13: 0 | AB13: 0
A14: Extra Pulmonary , Clinically Diagnosed | K14: 1 | M14: 0 | O14: 0 | R14: 1 | U14: 0 | X14: 0 | Z14: 0 | AB14: 1
A15: Total | K15: 3 | M15: 0 | O15: 0 | R15: 3 | U15: 0 | X15: 0 | Z15: 1 | AB15: 4
A16: Block 2: All New, Relapse and previous treatment history unknown Cases registered during the period by Age Group and Gender
K17: 0-4 | M17: 5-14 | O17: 15-24 | Q17: 25-34 | S17: 35-44 | U17: 45-54 | W17: 55-64 | Y17: 65 & Above | AA17: Total | AC17: Grand Total
K18: M | L18: F | M18: M | N18: F | O18: M | P18: F | Q18: M | R18: F | S18: M | T18: F | U18: M | V18: F | W18: M | X18: F | Y18: M | Z18: F | AA18: M | AB18: F
A19: Pulmonary, Bacteriologically Confermid | K19: 0 | L19: 0 | M19: 0 | N19: 0 | O19: 1 | P19: 0 | Q19: 0 | R19: 0 | S19: 0 | T19: 0 | U19: 0 | V19: 0 | W19: 0 | X19: 0 | Y19: 0 | Z19: 1 | AA19: 1 | AB19: 1 | AC19: 2
A20: Pulmonary , Clinically Diagnosed | K20: 0 | L20: 0 | M20: 0 | N20: 0 | O20: 0 | P20: 0 | Q20: 0 | R20: 0 | S20: 0 | T20: 0 | U20: 0 | V20: 0 | W20: 0 | X20: 0 | Y20: 0 | Z20: 0 | AA20: 0 | AB20: 0 | AC20: 0
A21: Extra Pulmonary, Bacteriologically Confermid | K21: 0 | L21: 0 | M21: 0 | N21: 0 | O21: 0 | P21: 0 | Q21: 0 | R21: 0 | S21: 0 | T21: 0 | U21: 0 | V21: 0 | W21: 0 | X21: 0 | Y21: 0 | Z21: 0 | AA21: 0 | AB21: 0 | AC21: 0
A22: Extra Pulmonary , Clinically Diagnosed | K22: 0 | L22: 0 | M22: 0 | N22: 1 | O22: 0 | P22: 0 | Q22: 0 | R22: 0 | S22: 0 | T22: 0 | U22: 0 | V22: 0 | W22: 0 | X22: 0 | Y22: 0 | Z22: 0 | AA22: 0 | AB22: 1 | AC22: 1
A23: Total | K23: 0 | L23: 0 | M23: 0 | N23: 1 | O23: 1 | P23: 0 | Q23: 0 | R23: 0 | S23: 0 | T23: 0 | U23: 0 | V23: 0 | W23: 0 | X23: 0 | Y23: 0 | Z23: 1 | AA23: 1 | AB23: 2 | AC23: 3
A25: Block 3: Presumptive TB Cases Identified Laboratory Diagnosis and use of WRD | N25: Block 4 : TB HIV Activities
A26: Total New OPD in Quarter | B26: No. of presumptive TB cases identified | D26: No. of Presumptive TB Patients tested Using | G26: Among Presumptive TB cases tested number reported B+ | K26: Among all registered number of B+ TB Cases | L26: Amoung All (N+R+UK) number tested by Gene Xpert | N26: No. of TB patients tested for HIV | Q26: TB Patients tested positive for HIV | T26: HIV positive TB Patients put on ART
B27: Total | C27: Through Community Referrals (LHWs) | D27: AFB | E27: Xp & AFB | F27: XP | G27: AFB | H27: AFB + Xpert | I27: Xpert | J27: G.Tot | N27: 0 | Q27: 0 | T27: 0
A28: 2080 | B28: 42 | C28: 0 | D28: 27 | E28: 1 | F28: 0 | G28: 1 | H28: 1 | I28: 1 | J28: 3 | K28: 3 | L28: 2 | N28: HIV patient tested for TB | Q28: HIV patients tested positive for TB | T28: TB positive HIV patients put on TB Tx | X28: HIV positive TB -Ve patients on TPT
N29: 0 | Q29: 0 | T29: 0 | Y29: 0-4 | AA29: 5-14 | AB29: 15 & above
X30: 6H | Y30: 0 | AA30: 0 | AB30: 0
X31: 3HR | Y31: 0 | AA31: 0 | AB31: 0
X32: 3 HP | Y32: 0 | AA32: 0 | AB32: 0
A34: Block 5 : Bacteriologically Confermid TB Cases with DST Result | N34: Block 6 : Contact Tracing HH *
G35: Rifampicin | I35: Isoniazid | K35: Fluoroquninolone | N35: Total No. of HH of B+ PTB | Q35: No. of HH contacts of B+ PTB Cases Screened | T35: Amoung HH contact screened, No. of TB Cases diagnosed | W35: No. of HH Contacts Initiated on TPT | AA35: HIV negative Immuno compromised on TPT
G36: Result | H36: Resistant | I36: Result | J36: Resistant | K36: Result | L36: Resistant | N36: 0-4 | O36: 5-14 | P36: 15 + | Q36: 0-4 | R36: 5-14 | S36: 15 + | T36: 0-4 | U36: 5-14 | V36: 15 + | X36: 0-4 | Y36: 5-14 | Z36: 15+ | AA36: 0-4 | AB36: 5-14 | AC36: 15+
A37: New + UK | G37: 0 | H37: 0 | I37: 0 | J37: 0 | K37: 0 | L37: 0 | N37: 1 | O37: 8 | P37: 0 | Q37: 0 | R37: 0 | S37: 0 | T37: 0 | U37: 0 | V37: 0 | W37: 6H | X37: 0 | Y37: 0 | Z37: 0 | AA37: 0 | AB37: 0 | AC37: 0
A38: Relapse | G38: 0 | H38: 0 | I38: 0 | J38: 0 | K38: 0 | L38: 0 | W38: 3HR | X38: 0 | Y38: 0 | Z38: 0 | AA38: 0 | AB38: 0 | AC38: 0
A39: Previously treated | G39: 0 | H39: 0 | I39: 0 | J39: 0 | K39: 0 | L39: 0 | W39: 3 HP | X39: 0 | Y39: 0 | Z39: 0 | AA39: 0 | AB39: 0 | AC39: 0
A40: Total | G40: 0 | H40: 0 | I40: 0 | J40: 0 | K40: 0 | L40: 0
A41: QUARTERLY REPORT ON TB CASES REGISTRATION
A42: INDIVIDUAL/CONSOLIDATED (TICK ONE) | Y42: TB - 07
A43: Name of TB Care Facility (BMU) : | E43: KMC Leprosy Hospital | I43: District : | K43: West | M43: Central : | O43: Manghopir | T43: Patients registered during | Y43: 2nd Quarter | AB43: of Year 2024
A45: Name of TB Coodinator/Facility incharge : | H45: Dr. Hafeez | T45: Date of completion of this form : | Z45: _______________________
A47: Block 1: | K47: New (N) | M47: Relapse ® | O47: Previous Treatment History Unknown (UK) | R47: N+R+UK | U47: Previously treated ( Excluding Relapse) | AB47: Total
A48: All TB Cases Registered | U48: Treatment after failure | X48: Treatment after lost to follow-up | Z48: Other previously treated
A50: Pulmonary, Bacteriologically Confermid | K50: 3 | M50: 0 | O50: 0 | R50: 3 | U50: 0 | X50: 0 | Z50: 0 | AB50: 3
A51: Pulmonary , Clinically Diagnosed | K51: 0 | M51: 0 | O51: 0 | R51: 0 | U51: 0 | X51: 0 | Z51: 0 | AB51: 0
A52: Extra Pulmonary, Bacteriologically Confermid | K52: 0 | M52: 0 | O52: 0 | R52: 0 | U52: 0 | X52: 0 | Z52: 0 | AB52: 0
A53: Extra Pulmonary , Clinically Diagnosed | K53: 0 | M53: 0 | O53: 0 | R53: 0 | U53: 0 | X53: 0 | Z53: 0 | AB53: 0
A54: Total | K54: 3 | M54: 0 | O54: 0 | R54: 3 | U54: 0 | X54: 0 | Z54: 0 | AB54: 3
A55: Block 2: All New, Relapse and previous treatment history unknown Cases registered during the period by Age Group and Gender
K56: 0-4 | M56: 5-14 | O56: 15-24 | Q56: 25-34 | S56: 35-44 | U56: 45-54 | W56: 55-64 | Y56: 65 & Above | AA56: Total | AC56: Grand Total
K57: M | L57: F | M57: M | N57: F | O57: M | P57: F | Q57: M | R57: F | S57: M | T57: F | U57: M | V57: F | W57: M | X57: F | Y57: M | Z57: F | AA57: M | AB57: F
A58: Pulmonary, Bacteriologically Confermid | K58: 0 | L58: 0 | M58: 0 | N58: 0 | O58: 0 | P58: 0 | Q58: 1 | R58: 0 | S58: 1 | T58: 0 | U58: 0 | V58: 0 | W58: 0 | X58: 1 | Y58: 0 | Z58: 0 | AA58: 2 | AB58: 1 | AC58: 3
A59: Pulmonary , Clinically Diagnosed | K59: 0 | L59: 0 | M59: 0 | N59: 0 | O59: 0 | P59: 0 | Q59: 0 | R59: 0 | S59: 0 | T59: 0 | U59: 0 | V59: 0 | W59: 0 | X59: 0 | Y59: 0 | Z59: 0 | AA59: 0 | AB59: 0 | AC59: 0
A60: Extra Pulmonary, Bacteriologically Confermid | K60: 0 | L60: 0 | M60: 0 | N60: 0 | O60: 0 | P60: 0 | Q60: 0 | R60: 0 | S60: 0 | T60: 0 | U60: 0 | V60: 0 | W60: 0 | X60: 0 | Y60: 0 | Z60: 0 | AA60: 0 | AB60: 0 | AC60: 0
A61: Extra Pulmonary , Clinically Diagnosed | K61: 0 | L61: 0 | M61: 0 | N61: 0 | O61: 0 | P61: 0 | Q61: 0 | R61: 0 | S61: 0 | T61: 0 | U61: 0 | V61: 0 | W61: 0 | X61: 0 | Y61: 0 | Z61: 0 | AA61: 0 | AB61: 0 | AC61: 0
A62: Total | K62: 0 | L62: 0 | M62: 0 | N62: 0 | O62: 0 | P62: 0 | Q62: 1 | R62: 0 | S62: 1 | T62: 0 | U62: 0 | V62: 0 | W62: 0 | X62: 1 | Y62: 0 | Z62: 0 | AA62: 2 | AB62: 1 | AC62: 3
A64: Block 3: Presumptive TB Cases Identified Laboratory Diagnosis and use of WRD | N64: Block 4 : TB HIV Activities
A65: Total New OPD in Quarter | B65: No. of presumptive TB cases identified | D65: No. of Presumptive TB Patients tested Using | G65: Among Presumptive TB cases tested number reported B+ | K65: Among all registered number of B+ TB Cases | L65: Amoung All (N+R+UK) number tested by Gene Xpert | N65: No. of TB patients tested for HIV | Q65: TB Patients tested positive for HIV | T65: HIV positive TB Patients put on ART
B66: Total | C66: Through Community Referrals (LHWs) | D66: AFB | E66: Xp & AFB | F66: XP | G66: AFB | H66: AFB + Xpert | I66: Xpert | J66: G.Tot | N66: 0 | Q66: 0 | T66: 0
A67: 1546 | B67: 28 | C67: 0 | D67: 5 | E67: 0 | F67: 0 | G67: 2 | H67: 0 | I67: 0 | J67: 2 | K67: 1 | L67: 3 | N67: HIV patient tested for TB | Q67: HIV patients tested positive for TB | T67: TB positive HIV patients put on TB Tx | X67: HIV positive TB -Ve patients on TPT
N68: 0 | Q68: 0 | T68: 0 | Y68: 0-4 | AA68: 5-14 | AB68: 15 & above
X69: 6H | Y69: 0 | AA69: 0 | AB69: 0
X70: 3HR | Y70: 0 | AA70: 0 | AB70: 0
X71: 3 HP | Y71: 0 | AA71: 0 | AB71: 0
A73: Block 5 : Bacteriologically Confermid TB Cases with DST Result | N73: Block 6 : Contact Tracing HH *
G74: Rifampicin | I74: Isoniazid | K74: Fluoroquninolone | N74: Total No. of HH of B+ PTB | Q74: No. of HH contacts of B+ PTB Cases Screened | T74: Amoung HH contact screened, No. of TB Cases diagnosed | W74: No. of HH Contacts Initiated on TPT | AA74: HIV negative Immuno compromised on TPT
G75: Result | H75: Resistant | I75: Result | J75: Resistant | K75: Result | L75: Resistant | N75: 0-4 | O75: 5-14 | P75: 15 + | Q75: 0-4 | R75: 5-14 | S75: 15 + | T75: 0-4 | U75: 5-14 | V75: 15 + | X75: 0-4 | Y75: 5-14 | Z75: 15+ | AA75: 0-4 | AB75: 5-14 | AC75: 15+
A76: New + UK | G76: 0 | H76: 0 | I76: 0 | J76: 0 | K76: 0 | L76: 0 | N76: 0 | O76: 7 | P76: 8 | Q76: 0 | R76: 0 | S76: 0 | T76: 0 | U76: 0 | V76: 0 | W76: 6H | X76: 0 | Y76: 0 | Z76: 0 | AA76: 0 | AB76: 0 | AC76: 0
A77: Relapse | G77: 0 | H77: 0 | I77: 0 | J77: 0 | K77: 0 | L77: 0 | W77: 3HR | X77: 0 | Y77: 0 | Z77: 0 | AA77: 0 | AB77: 0 | AC77: 0
A78: Previously treated | G78: 0 | H78: 0 | I78: 0 | J78: 0 | K78: 0 | L78: 0 | W78: 3 HP | X78: 0 | Y78: 0 | Z78: 0 | AA78: 0 | AB78: 0 | AC78: 0
A79: Total | G79: 0 | H79: 0 | I79: 0 | J79: 0 | K79: 0 | L79: 0
A80: QUARTERLY REPORT ON TB CASES REGISTRATION
A81: INDIVIDUAL/CONSOLIDATED (TICK ONE) | Y81: TB - 07
A82: Name of TB Care Facility (BMU) : | E82: KMC Leprosy Hospital | I82: District : | K82: West | M82: Central : | O82: Manghopir | T82: Patients registered during | Y82: 3rd Quarter | AB82: of Year 2024
A84: Name of TB Coodinator/Facility incharge : | H84: Dr. Hafeez | T84: Date of completion of this form : | Z84: _______________________
A86: Block 1: | K86: New (N) | M86: Relapse ® | O86: Previous Treatment History Unknown (UK) | R86: N+R+UK | U86: Previously treated ( Excluding Relapse) | AB86: Total
A87: All TB Cases Registered | U87: Treatment after failure | X87: Treatment after lost to follow-up | Z87: Other previously treated
A89: Pulmonary, Bacteriologically Confermid | K89: 5 | M89: 1 | O89: 0 | R89: 6 | U89: 0 | X89: 0 | Z89: 0 | AB89: 6
A90: Pulmonary , Clinically Diagnosed | K90: 0 | M90: 0 | O90: 0 | R90: 0 | U90: 0 | X90: 0 | Z90: 0 | AB90: 0
A91: Extra Pulmonary, Bacteriologically Confermid | K91: 0 | M91: 0 | O91: 0 | R91: 0 | U91: 0 | X91: 0 | Z91: 0 | AB91: 0
A92: Extra Pulmonary , Clinically Diagnosed | K92: 1 | M92: 0 | O92: 0 | R92: 1 | U92: 0 | X92: 0 | Z92: 0 | AB92: 1
A93: Total | K93: 6 | M93: 1 | O93: 0 | R93: 7 | U93: 0 | X93: 0 | Z93: 0 | AB93: 7
A94: Block 2: All New, Relapse and previous treatment history unknown Cases registered during the period by Age Group and Gender
K95: 0-4 | M95: 5-14 | O95: 15-24 | Q95: 25-34 | S95: 35-44 | U95: 45-54 | W95: 55-64 | Y95: 65 & Above | AA95: Total | AC95: Grand Total
K96: M | L96: F | M96: M | N96: F | O96: M | P96: F | Q96: M | R96: F | S96: M | T96: F | U96: M | V96: F | W96: M | X96: F | Y96: M | Z96: F | AA96: M | AB96: F
A97: Pulmonary, Bacteriologically Confermid | K97: 0 | L97: 0 | M97: 0 | N97: 0 | O97: 0 | P97: 1 | Q97: 1 | R97: 0 | S97: 1 | T97: 1 | U97: 0 | V97: 2 | W97: 0 | X97: 0 | Y97: 0 | Z97: 0 | AA97: 2 | AB97: 4 | AC97: 6
A98: Pulmonary , Clinically Diagnosed | K98: 0 | L98: 0 | M98: 0 | N98: 0 | O98: 0 | P98: 0 | Q98: 0 | R98: 0 | S98: 0 | T98: 0 | U98: 0 | V98: 0 | W98: 0 | X98: 0 | Y98: 0 | Z98: 0 | AA98: 0 | AB98: 0 | AC98: 0
A99: Extra Pulmonary, Bacteriologically Confermid | K99: 0 | L99: 0 | M99: 0 | N99: 0 | O99: 0 | P99: 0 | Q99: 0 | R99: 0 | S99: 0 | T99: 0 | U99: 0 | V99: 0 | W99: 0 | X99: 0 | Y99: 0 | Z99: 0 | AA99: 0 | AB99: 0 | AC99: 0
A100: Extra Pulmonary , Clinically Diagnosed | K100: 0 | L100: 0 | M100: 0 | N100: 0 | O100: 0 | P100: 0 | Q100: 0 | R100: 0 | S100: 0 | T100: 0 | U100: 1 | V100: 0 | W100: 0 | X100: 0 | Y100: 0 | Z100: 0 | AA100: 1 | AB100: 0 | AC100: 1
A101: Total | K101: 0 | L101: 0 | M101: 0 | N101: 0 | O101: 0 | P101: 1 | Q101: 1 | R101: 0 | S101: 1 | T101: 1 | U101: 1 | V101: 2 | W101: 0 | X101: 0 | Y101: 0 | Z101: 0 | AA101: 3 | AB101: 4 | AC101: 7
A103: Block 3: Presumptive TB Cases Identified Laboratory Diagnosis and use of WRD | N103: Block 4 : TB HIV Activities
A104: Total New OPD in Quarter | B104: No. of presumptive TB cases identified | D104: No. of Presumptive TB Patients tested Using | G104: Among Presumptive TB cases tested number reported B+ | K104: Among all registered number of B+ TB Cases | L104: Amoung All (N+R+UK) number tested by Gene Xpert | N104: No. of TB patients tested for HIV | Q104: TB Patients tested positive for HIV | T104: HIV positive TB Patients put on ART
B105: Total | C105: Through Community Referrals (LHWs) | D105: AFB | E105: Xp & AFB | F105: XP | G105: AFB | H105: AFB + Xpert | I105: Xpert | J105: G.Tot | N105: 0 | Q105: 0 | T105: 0
A106: 1846 | B106: 34 | C106: 0 | D106: 22 | E106: 1 | F106: 0 | G106: 4 | H106: 2 | I106: 0 | J106: 6 | K106: 5 | L106: 6 | N106: HIV patient tested for TB | Q106: HIV patients tested positive for TB | T106: TB positive HIV patients put on TB Tx | X106: HIV positive TB -Ve patients on TPT
N107: 0 | Q107: 0 | T107: 0 | Y107: 0-4 | AA107: 5-14 | AB107: 15 & above
X108: 6H | Y108: 0 | AA108: 0 | AB108: 0
X109: 3HR | Y109: 0 | AA109: 0 | AB109: 0
X110: 3 HP | Y110: 0 | AA110: 0 | AB110: 0
A112: Block 5 : Bacteriologically Confermid TB Cases with DST Result | N112: Block 6 : Contact Tracing HH *
G113: Rifampicin | I113: Isoniazid | K113: Fluoroquninolone | N113: Total No. of HH of B+ PTB | Q113: No. of HH contacts of B+ PTB Cases Screened | T113: Amoung HH contact screened, No. of TB Cases diagnosed | W113: No. of HH Contacts Initiated on TPT | AA113: HIV negative Immuno compromised on TPT
G114: Result | H114: Resistant | I114: Result | J114: Resistant | K114: Result | L114: Resistant | N114: 0-4 | O114: 5-14 | P114: 15 + | Q114: 0-4 | R114: 5-14 | S114: 15 + | T114: 0-4 | U114: 5-14 | V114: 15 + | X114: 0-4 | Y114: 5-14 | Z114: 15+ | AA114: 0-4 | AB114: 5-14 | AC114: 15+
A115: New + UK | G115: 0 | H115: 0 | I115: 0 | J115: 0 | K115: 0 | L115: 0 | N115: 3 | O115: 9 | P115: 22 | Q115: 3 | R115: 8 | S115: 15 | T115: 0 | U115: 0 | V115: 0 | W115: 6H | X115: 2 | Y115: 0 | Z115: 0 | AA115: 0 | AB115: 0 | AC115: 0
A116: Relapse | G116: 0 | H116: 0 | I116: 0 | J116: 0 | K116: 0 | L116: 0 | W116: 3HR | X116: 0 | Y116: 0 | Z116: 0 | AA116: 0 | AB116: 0 | AC116: 0
...

Sheet KARACHI
A2: QUARTERLY REPORT ON TB CASES REGISTRATION
A3: INDIVIDUAL/CONSOLIDATED (TICK ONE) | Y3: TB - 07
A4: Name of TB Care Facility (BMU) : | E4: KARACHI CONSOLIDATED | I4: District : | K4: __________________ | M4: Central : | O4: KARACHI | T4: Patients registered during | Y4: 1st Quarter | AB4: of Year 2024
A6: Name of TB Coodinator/Facility incharge : | H6: ___________________________________________________ | T6: Date of completion of this form : | Z6: _______________________
A8: Block 1: | K8: New (N) | M8: Relapse ® | O8: Previous Treatment History Unknown (UK) | R8: N+R+UK | U8: Previously treated ( Excluding Relapse) | AB8: Total
A9: All TB Cases Registered | U9: Treatment after failure | X9: Treatment after lost to follow-up | Z9: Other previously treated
A11: Pulmonary, Bacteriologically Confermid | K11: 124 | M11: 24 | O11: 3 | R11: 151 | U11: 0 | X11: 3 | Z11: 2 | AB11: 156
A12: Pulmonary , Clinically Diagnosed | K12: 139 | M12: 40 | O12: 1 | R12: 180 | U12: 0 | X12: 0 | Z12: 3 | AB12: 183
A13: Extra Pulmonary, Bacteriologically Confermid | K13: 2 | M13: 0 | O13: 0 | R13: 2 | U13: 0 | X13: 0 | Z13: 0 | AB13: 2
A14: Extra Pulmonary , Clinically Diagnosed | K14: 77 | M14: 5 | O14: 1 | R14: 83 | U14: 0 | X14: 0 | Z14: 9 | AB14: 92
A15: Total | K15: 342 | M15: 69 | O15: 5 | R15: 416 | U15: 0 | X15: 3 | Z15: 14 | AB15: 433
A16: Block 2: All New, Relapse and previous treatment history unknown Cases registered during the period by Age Group and Gender
K17: 0-4 | M17: 5-14 | O17: 15-24 | Q17: 25-34 | S17: 35-44 | U17: 45-54 | W17: 55-64 | Y17: 65 & Above | AA17: Total | AC17: Grand Total
K18: M | L18: F | M18: M | N18: F | O18: M | P18: F | Q18: M | R18: F | S18: M | T18: F | U18: M | V18: F | W18: M | X18: F | Y18: M | Z18: F | AA18: M | AB18: F
A19: Pulmonary, Bacteriologically Confermid | K19: 0 | L19: 0 | M19: 3 | N19: 12 | O19: 23 | P19: 24 | Q19: 13 | R19: 13 | S19: 10 | T19: 9 | U19: 12 | V19: 10 | W19: 5 | X19: 7 | Y19: 6 | Z19: 4 | AA19: 72 | AB19: 79 | AC19: 151
A20: Pulmonary , Clinically Diagnosed | K20: 0 | L20: 2 | M20: 4 | N20: 8 | O20: 11 | P20: 33 | Q20: 13 | R20: 27 | S20: 17 | T20: 7 | U20: 13 | V20: 11 | W20: 13 | X20: 6 | Y20: 9 | Z20: 6 | AA20: 80 | AB20: 100 | AC20: 180
A21: Extra Pulmonary, Bacteriologically Confermid | K21: 0 | L21: 0 | M21: 0 | N21: 0 | O21: 0 | P21: 1 | Q21: 0 | R21: 0 | S21: 0 | T21: 1 | U21: 0 | V21: 0 | W21: 0 | X21: 0 | Y21: 0 | Z21: 0 | AA21: 0 | AB21: 2 | AC21: 2
A22: Extra Pulmonary , Clinically Diagnosed | K22: 0 | L22: 0 | M22: 4 | N22: 6 | O22: 7 | P22: 14 | Q22: 7 | R22: 10 | S22: 8 | T22: 11 | U22: 2 | V22: 6 | W22: 2 | X22: 2 | Y22: 4 | Z22: 0 | AA22: 34 | AB22: 49 | AC22: 83
A23: Total | K23: 0 | L23: 2 | M23: 11 | N23: 26 | O23: 41 | P23: 72 | Q23: 33 | R23: 50 | S23: 35 | T23: 28 | U23: 27 | V23: 27 | W23: 20 | X23: 15 | Y23: 19 | Z23: 10 | AA23: 186 | AB23: 230 | AC23: 416
A25: Block 3: Presumptive TB Cases Identified Laboratory Diagnosis and use of WRD | N25: Block 4 : TB HIV Activities
A26: Total New OPD in Quarter | B26: No. of presumptive TB cases identified | D26: No. of Presumptive TB Patients tested Using | G26: Among Presumptive TB cases tested number reported B+ | K26: Among all registered number of B+ TB Cases | L26: Amoung All (N+R+UK) number tested by Gene Xpert | N26: No. of TB patients tested for HIV | Q26: TB Patients tested positive for HIV | T26: HIV positive TB Patients put on ART
B27: Total | C27: Through Community Referrals (LHWs) | D27: AFB | E27: Xp & AFB | F27: XP | G27: AFB | H27: AFB + Xpert | I27: Xpert | J27: G.Tot | N27: 219 | Q27: 3 | T27: 3
A28: 5801 | B28: 982 | C28: 11 | D28: 165 | E28: 385 | F28: 275 | G28: 24 | H28: 52 | I28: 71 | J28: 147 | K28: 135 | L28: 172 | N28: HIV patient tested for TB | Q28: HIV patients tested positive for TB | T28: TB positive HIV patients put on TB Tx | X28: HIV positive TB -Ve patients on TPT
N29: 0 | Q29: 0 | T29: 0 | Y29: 0-4 | AA29: 5-14 | AB29: 15 & above
X30: 6H | Y30: 0 | AA30: 0 | AB30: 0
X31: 3HR | Y31: 0 | AA31: 0 | AB31: 0
X32: 3 HP | Y32: 0 | AA32: 0 | AB32: 0
A34: Block 5 : Bacteriologically Confermid TB Cases with DST Result | N34: Block 6 : Contact Tracing HH *
G35: Rifampicin | I35: Isoniazid | K35: Fluoroquninolone | N35: Total No. of HH of B+ PTB | Q35: No. of HH contacts of B+ PTB Cases Screened | T35: Amoung HH contact screened, No. of TB Cases diagnosed | W35: No. of HH Contacts Initiated on TPT | AA35: HIV negative Immuno compromised on TPT
G36: Result | H36: Resistant | I36: Result | J36: Resistant | K36: Result | L36: Resistant | N36: 0-4 | O36: 5-14 | P36: 15 + | Q36: 0-4 | R36: 5-14 | S36: 15 + | T36: 0-4 | U36: 5-14 | V36: 15 + | X36: 0-4 | Y36: 5-14 | Z36: 15+ | AA36: 0-4 | AB36: 5-14 | AC36: 15+
A37: New + UK | G37: 113 | H37: 1 | I37: 0 | J37: 0 | K37: 0 | L37: 0 | N37: 78 | O37: 151 | P37: 865 | Q37: 28 | R37: 59 | S37: 270 | T37: 1 | U37: 3 | V37: 8 | W37: 6H | X37: 0 | Y37: 8 | Z37: 13 | AA37: 0 | AB37: 0 | AC37: 0
A38: Relapse | G38: 23 | H38: 0 | I38: 0 | J38: 0 | K38: 0 | L38: 0 | W38: 3HR | X38: 0 | Y38: 0 | Z38: 11 | AA38: 0 | AB38: 0 | AC38: 0
A39: Previously treated | G39: 1 | H39: 1 | I39: 0 | J39: 0 | K39: 0 | L39: 0 | W39: 3 HP | X39: 0 | Y39: 8 | Z39: 37 | AA39: 0 | AB39: 0 | AC39: 0
A40: Total | G40: 137 | H40: 2 | I40: 0 | J40: 0 | K40: 0 | L40: 0
A41: QUARTERLY REPORT ON TB CASES REGISTRATION
A42: INDIVIDUAL/CONSOLIDATED (TICK ONE) | Y42: TB - 07
A43: Name of TB Care Facility (BMU) : | E43: KARACHI CONSOLIDATED | I43: District : | K43: __________________ | M43: Central : | O43: ________________ | T43: Patients registered during | Y43: 2nd Quarter | AB43: of Year 2024
A45: Name of TB Coodinator/Facility incharge : | H45: ___________________________________________________ | T45: Date of completion of this form : | Z45: _______________________
A47: Block 1: | K47: New (N) | M47: Relapse ® | O47: Previous Treatment History Unknown (UK) | R47: N+R+UK | U47: Previously treated ( Excluding Relapse) | AB47: Total
A48: All TB Cases Registered | U48: Treatment after failure | X48: Treatment after lost to follow-up | Z48: Other previously treated
A50: Pulmonary, Bacteriologically Confermid | K50: 106 | M50: 18 | O50: 1 | R50: 125 | U50: 1 | X50: 6 | Z50: 4 | AB50: 136
A51: Pulmonary , Clinically Diagnosed | K51: 160 | M51: 23 | O51: 1 | R51: 184 | U51: 0 | X51: 2 | Z51: 6 | AB51: 192
A52: Extra Pulmonary, Bacteriologically Confermid | K52: 5 | M52: 1 | O52: 0 | R52: 6 | U52: 0 | X52: 0 | Z52: 0 | AB52: 6
A53: Extra Pulmonary , Clinically Diagnosed | K53: 68 | M53: 3 | O53: 0 | R53: 71 | U53: 0 | X53: 1 | Z53: 6 | AB53: 78
A54: Total | K54: 339 | M54: 45 | O54: 2 | R54: 386 | U54: 1 | X54: 9 | Z54: 16 | AB54: 412
A55: Block 2: All New, Relapse and previous treatment history unknown Cases registered during the period by Age Group and Gender
K56: 0-4 | M56: 5-14 | O56: 15-24 | Q56: 25-34 | S56: 35-44 | U56: 45-54 | W56: 55-64 | Y56: 65 & Above | AA56: Total | AC56: Grand Total
K57: M | L57: F | M57: M | N57: F | O57: M | P57: F | Q57: M | R57: F | S57: M | T57: F | U57: M | V57: F | W57: M | X57: F | Y57: M | Z57: F | AA57: M | AB57: F
A58: Pulmonary, Bacteriologically Confermid | K58: 0 | L58: 0 | M58: 0 | N58: 5 | O58: 15 | P58: 23 | Q58: 9 | R58: 10 | S58: 11 | T58: 8 | U58: 15 | V58: 5 | W58: 4 | X58: 9 | Y58: 8 | Z58: 3 | AA58: 62 | AB58: 63 | AC58: 125
A59: Pulmonary , Clinically Diagnosed | K59: 2 | L59: 0 | M59: 5 | N59: 8 | O59: 21 | P59: 31 | Q59: 11 | R59: 21 | S59: 11 | T59: 16 | U59: 10 | V59: 9 | W59: 12 | X59: 7 | Y59: 12 | Z59: 8 | AA59: 84 | AB59: 100 | AC59: 184
A60: Extra Pulmonary, Bacteriologically Confermid | K60: 0 | L60: 0 | M60: 0 | N60: 0 | O60: 0 | P60: 0 | Q60: 0 | R60: 0 | S60: 2 | T60: 0 | U60: 3 | V60: 0 | W60: 0 | X60: 1 | Y60: 0 | Z60: 0 | AA60: 5 | AB60: 1 | AC60: 6
A61: Extra Pulmonary , Clinically Diagnosed | K61: 1 | L61: 0 | M61: 4 | N61: 6 | O61: 6 | P61: 10 | Q61: 2 | R61: 9 | S61: 5 | T61: 13 | U61: 5 | V61: 5 | W61: 3 | X61: 0 | Y61: 2 | Z61: 0 | AA61: 28 | AB61: 43 | AC61: 71
A62: Total | K62: 3 | L62: 0 | M62: 9 | N62: 19 | O62: 42 | P62: 64 | Q62: 22 | R62: 40 | S62: 29 | T62: 37 | U62: 33 | V62: 19 | W62: 19 | X62: 17 | Y62: 22 | Z62: 11 | AA62: 179 | AB62: 207 | AC62: 386
A64: Block 3: Presumptive TB Cases Identified Laboratory Diagnosis and use of WRD | N64: Block 4 : TB HIV Activities
A65: Total New OPD in Quarter | B65: No. of presumptive TB cases identified | D65: No. of Presumptive TB Patients tested Using | G65: Among Presumptive TB cases tested number reported B+ | K65: Among all registered number of B+ TB Cases | L65: Amoung All (N+R+UK) number tested by Gene Xpert | N65: No. of TB patients tested for HIV | Q65: TB Patients tested positive for HIV | T65: HIV positive TB Patients put on ART
B66: Total | C66: Through Community Referrals (LHWs) | D66: AFB | E66: Xp & AFB | F66: XP | G66: AFB | H66: AFB + Xpert | I66: Xpert | J66: G.Tot | N66: 113 | Q66: 0 | T66: 0
A67: 6203 | B67: 725 | C67: 19 | D67: 82 | E67: 327 | F67: 199 | G67: 5 | H67: 74 | I67: 66 | J67: 145 | K67: 86 | L67: 126 | N67: HIV patient tested for TB | Q67: HIV patients tested positive for TB | T67: TB positive HIV patients put on TB Tx | X67: HIV positive TB -Ve patients on TPT
N68: 0 | Q68: 0 | T68: 0 | Y68: 0-4 | AA68: 5-14 | AB68: 15 & above
X69: 6H | Y69: 0 | AA69: 0 | AB69: 0
X70: 3HR | Y70: 0 | AA70: 0 | AB70: 0
X71: 3 HP | Y71: 0 | AA71: 0 | AB71: 0
A73: Block 5 : Bacteriologically Confermid TB Cases with DST Result | N73: Block 6 : Contact Tracing HH *
G74: Rifampicin | I74: Isoniazid | K74: Fluoroquninolone | N74: Total No. of HH of B+ PTB | Q74: No. of HH contacts of B+ PTB Cases Screened | T74: Amoung HH contact screened, No. of TB Cases diagnosed | W74: No. of HH Contacts Initiated on TPT | AA74: HIV negative Immuno compromised on TPT
G75: Result | H75: Resistant | I75: Result | J75: Resistant | K75: Result | L75: Resistant | N75: 0-4 | O75: 5-14 | P75: 15 + | Q75: 0-4 | R75: 5-14 | S75: 15 + | T75: 0-4 | U75: 5-14 | V75: 15 + | X75: 0-4 | Y75: 5-14 | Z75: 15+ | AA75: 0-4 | AB75: 5-14 | AC75: 15+
A76: New + UK | G76: 106 | H76: 0 | I76: 0 | J76: 0 | K76: 0 | L76: 0 | N76: 95 | O76: 238 | P76: 577 | Q76: 47 | R76: 128 | S76: 317 | T76: 0 | U76: 1 | V76: 13 | W76: 6H | X76: 12 | Y76: 0 | Z76: 0 | AA76: 0 | AB76: 0 | AC76: 0
A77: Relapse | G77: 18 | H77: 1 | I77: 0 | J77: 0 | K77: 0 | L77: 0 | W77: 3HR | X77: 0 | Y77: 0 | Z77: 0 | AA77: 0 | AB77: 0 | AC77: 0
A78: Previously treated | G78: 7 | H78: 0 | I78: 0 | J78: 0 | K78: 0 | L78: 0 | W78: 3 HP | X78: 0 | Y78: 27 | Z78: 114 | AA78: 0 | AB78: 0 | AC78: 0
A79: Total | G79: 131 | H79: 1 | I79: 0 | J79: 0 | K79: 0 | L79: 0
A80: QUARTERLY REPORT ON TB CASES REGISTRATION
A81: INDIVIDUAL/CONSOLIDATED (TICK ONE) | Y81: TB - 07
A82: Name of TB Care Facility (BMU) : | E82: KARACHI CONSOLIDATED | I82: District : | K82: __________________ | M82: Central : | O82: ________________ | T82: Patients registered during | Y82: 3rd Quarter | AB82: of Year 2024
A84: Name of TB Coodinator/Facility incharge : | H84: ___________________________________________________ | T84: Date of completion of this form : | Z84: _______________________
A86: Block 1: | K86: New (N) | M86: Relapse ® | O86: Previous Treatment History Unknown (UK) | R86: N+R+UK | U86: Previously treated ( Excluding Relapse) | AB86: Total
A87: All TB Cases Registered | U87: Treatment after failure | X87: Treatment after lost to follow-up | Z87: Other previously treated
A89: Pulmonary, Bacteriologically Confermid | K89: 108 | M89: 17 | O89: 1 | R89: 126 | U89: 0 | X89: 0 | Z89: 1 | AB89: 127
A90: Pulmonary , Clinically Diagnosed | K90: 147 | M90: 36 | O90: 0 | R90: 183 | U90: 0 | X90: 5 | Z90: 3 | AB90: 191
A91: Extra Pulmonary, Bacteriologically Confermid | K91: 4 | M91: 0 | O91: 0 | R91: 4 | U91: 0 | X91: 0 | Z91: 0 | AB91: 4
A92: Extra Pulmonary , Clinically Diagnosed | K92: 73 | M92: 3 | O92: 1 | R92: 77 | U92: 0 | X92: 0 | Z92: 10 | AB92: 87
A93: Total | K93: 332 | M93: 56 | O93: 2 | R93: 390 | U93: 0 | X93: 5 | Z93: 14 | AB93: 409
A94: Block 2: All New, Relapse and previous treatment history unknown Cases registered during the period by Age Group and Gender
K95: 0-4 | M95: 5-14 | O95: 15-24 | Q95: 25-34 | S95: 35-44 | U95: 45-54 | W95: 55-64 | Y95: 65 & Above | AA95: Total | AC95: Grand Total
K96: M | L96: F | M96: M | N96: F | O96: M | P96: F | Q96: M | R96: F | S96: M | T96: F | U96: M | V96: F | W96: M | X96: F | Y96: M | Z96: F | AA96: M | AB96: F
A97: Pulmonary, Bacteriologically Confermid | K97: 0 | L97: 1 | M97: 1 | N97: 11 | O97: 9 | P97: 14 | Q97: 13 | R97: 14 | S97: 13 | T97: 13 | U97: 11 | V97: 7 | W97: 5 | X97: 3 | Y97: 9 | Z97: 2 | AA97: 61 | AB97: 65 | AC97: 126
A98: Pulmonary , Clinically Diagnosed | K98: 0 | L98: 0 | M98: 3 | N98: 11 | O98: 16 | P98: 24 | Q98: 15 | R98: 16 | S98: 15 | T98: 10 | U98: 13 | V98: 7 | W98: 17 | X98: 3 | Y98: 24 | Z98: 9 | AA98: 103 | AB98: 80 | AC98: 183
A99: Extra Pulmonary, Bacteriologically Confermid | K99: 0 | L99: 0 | M99: 0 | N99: 0 | O99: 0 | P99: 0 | Q99: 2 | R99: 1 | S99: 0 | T99: 0 | U99: 0 | V99: 0 | W99: 1 | X99: 0 | Y99: 0 | Z99: 0 | AA99: 3 | AB99: 1 | AC99: 4
A100: Extra Pulmonary , Clinically Diagnosed | K100: 0 | L100: 0 | M100: 2 | N100: 5 | O100: 8 | P100: 16 | Q100: 6 | R100: 7 | S100: 2 | T100: 11 | U100: 2 | V100: 6 | W100: 5 | X100: 1 | Y100: 0 | Z100: 6 | AA100: 25 | AB100: 52 | AC100: 77
A101: Total | K101: 0 | L101: 1 | M101: 6 | N101: 27 | O101: 33 | P101: 54 | Q101: 36 | R101: 38 | S101: 30 | T101: 34 | U101: 26 | V101: 20 | W101: 28 | X101: 7 | Y101: 33 | Z101: 17 | AA101: 192 | AB101: 198 | AC101: 390
A103: Block 3: Presumptive TB Cases Identified Laboratory Diagnosis and use of WRD | N103: Block 4 : TB HIV Activities
A104: Total New OPD in Quarter | B104: No. of presumptive TB cases identified | D104: No. of Presumptive TB Patients tested Using | G104: Among Presumptive TB cases tested number reported B+ | K104: Among all registered number of B+ TB Cases | L104: Amoung All (N+R+UK) number tested by Gene Xpert | N104: No. of TB patients tested for HIV | Q104: TB Patients tested positive for HIV | T104: HIV positive TB Patients put on ART
B105: Total | C105: Through Community Referrals (LHWs) | D105: AFB | E105: Xp & AFB | F105: XP | G105: AFB | H105: AFB + Xpert | I105: Xpert | J105: G.Tot | N105: 64 | Q105: 0 | T105: 0
A106: 5809 | B106: 802 | C106: 19 | D106: 48 | E106: 351 | F106: 263 | G106: 1 | H106: 58 | I106: 77 | J106: 136 | K106: 111 | L106: 161 | N106: HIV patient tested for TB | Q106: HIV patients tested positive for TB | T106: TB positive HIV patients put on TB Tx | X106: HIV positive TB -Ve patients on TPT
N107: 1 | Q107: 0 | T107: 0 | Y107: 0-4 | AA107: 5-14 | AB107: 15 & above
X108: 6H | Y108: 0 | AA108: 0 | AB108: 0
X109: 3HR | Y109: 0 | AA109: 0 | AB109: 0
X110: 3 HP | Y110: 0 | AA110: 0 | AB110: 0
A112: Block 5 : Bacteriologically Confermid TB Cases with DST Result | N112: Block 6 : Contact Tracing HH *
G113: Rifampicin | I113: Isoniazid | K113: Fluoroquninolone | N113: Total No. of HH of B+ PTB | Q113: No. of HH contacts of B+ PTB Cases Screened | T113: Amoung HH contact screened, No. of TB Cases diagnosed | W113: No. of HH Contacts Initiated on TPT | AA113: HIV negative Immuno compromised on TPT
G114: Result | H114: Resistant | I114: Result | J114: Resistant | K114: Result | L114: Resistant | N114: 0-4 | O114: 5-14 | P114: 15 + | Q114: 0-4 | R114: 5-14 | S114: 15 + | T114: 0-4 | U114: 5-14 | V114: 15 + | X114: 0-4 | Y114: 5-14 | Z114: 15+ | AA114: 0-4 | AB114: 5-14 | AC114: 15+
A115: New + UK | G115: 112 | H115: 0 | I115: 0 | J115: 0 | K115: 0 | L115: 0 | N115: 65 | O115: 178 | P115: 493 | Q115: 27 | R115: 119 | S115: 266 | T115: 0 | U115: 1 | V115: 10 | W115: 6H | X115: 1 | Y115: 0 | Z115: 0 | AA115: 0 | AB115: 0 | AC115: 0
A116: Relapse | G116: 14 | H116: 0 | I116: 0 | J116: 0 | K116: 0 | L116: 0 | W116: 3HR | X116: 0 | Y116: 0 | Z116: 0 | AA116: 0 | AB116: 0 | AC116: 0
...

Sheet SINDH
A2: QUARTERLY REPORT ON TB CASES REGISTRATION
A3: INDIVIDUAL/CONSOLIDATED (TICK ONE) | Y3: TB - 07
A4: Name of TB Care Facility (BMU) : | E4: SINDH CONSOLIDATED | I4: District : | K4: __________________ | M4: Central : | O4: ________________ | T4: Patients registered during | Y4: 1st Quarter | AB4: of Year 2024
A6: Name of TB Coodinator/Facility incharge : | H6: ___________________________________________________ | T6: Date of completion of this form : | Z6: _______________________
A8: Block 1: | K8: New (N) | M8: Relapse ® | O8: Previous Treatment History Unknown (UK) | R8: N+R+UK | U8: Previously treated ( Excluding Relapse) | AB8: Total
A9: All TB Cases Registered | U9: Treatment after failure | X9: Treatment after lost to follow-up | Z9: Other previously treated
A11: Pulmonary, Bacteriologically Confermid | K11: 44 | M11: 10 | O11: 0 | R11: 54 | U11: 0 | X11: 0 | Z11: 0 | AB11: 54
A12: Pulmonary , Clinically Diagnosed | K12: 13 | M12: 1 | O12: 0 | R12: 14 | U12: 0 | X12: 0 | Z12: 0 | AB12: 14
A13: Extra Pulmonary, Bacteriologically Confermid | K13: 0 | M13: 0 | O13: 0 | R13: 0 | U13: 0 | X13: 0 | Z13: 0 | AB13: 0
A14: Extra Pulmonary , Clinically Diagnosed | K14: 4 | M14: 0 | O14: 0 | R14: 4 | U14: 0 | X14: 0 | Z14: 0 | AB14: 4
A15: Total | K15: 61 | M15: 11 | O15: 0 | R15: 72 | U15: 0 | X15: 0 | Z15: 0 | AB15: 72
A16: Block 2: All New, Relapse and previous treatment history unknown Cases registered during the period by Age Group and Gender
K17: 0-4 | M17: 5-14 | O17: 15-24 | Q17: 25-34 | S17: 35-44 | U17: 45-54 | W17: 55-64 | Y17: 65 & Above | AA17: Total | AC17: Grand Total
K18: M | L18: F | M18: M | N18: F | O18: M | P18: F | Q18: M | R18: F | S18: M | T18: F | U18: M | V18: F | W18: M | X18: F | Y18: M | Z18: F | AA18: M | AB18: F
A19: Pulmonary, Bacteriologically Confermid | K19: 0 | L19: 0 | M19: 0 | N19: 0 | O19: 4 | P19: 16 | Q19: 5 | R19: 7 | S19: 4 | T19: 6 | U19: 4 | V19: 4 | W19: 1 | X19: 1 | Y19: 1 | Z19: 1 | AA19: 19 | AB19: 35 | AC19: 54
A20: Pulmonary , Clinically Diagnosed | K20: 0 | L20: 0 | M20: 0 | N20: 0 | O20: 1 | P20: 1 | Q20: 0 | R20: 2 | S20: 5 | T20: 1 | U20: 1 | V20: 0 | W20: 0 | X20: 2 | Y20: 0 | Z20: 1 | AA20: 7 | AB20: 7 | AC20: 14
A21: Extra Pulmonary, Bacteriologically Confermid | K21: 0 | L21: 0 | M21: 0 | N21: 0 | O21: 0 | P21: 0 | Q21: 0 | R21: 0 | S21: 0 | T21: 0 | U21: 0 | V21: 0 | W21: 0 | X21: 0 | Y21: 0 | Z21: 0 | AA21: 0 | AB21: 0 | AC21: 0
A22: Extra Pulmonary , Clinically Diagnosed | K22: 0 | L22: 0 | M22: 0 | N22: 0 | O22: 1 | P22: 1 | Q22: 1 | R22: 0 | S22: 0 | T22: 0 | U22: 1 | V22: 0 | W22: 0 | X22: 0 | Y22: 0 | Z22: 0 | AA22: 3 | AB22: 1 | AC22: 4
A23: Total | K23: 0 | L23: 0 | M23: 0 | N23: 0 | O23: 6 | P23: 18 | Q23: 6 | R23: 9 | S23: 9 | T23: 7 | U23: 6 | V23: 4 | W23: 1 | X23: 3 | Y23: 1 | Z23: 2 | AA23: 29 | AB23: 43 | AC23: 72
A25: Block 3: Presumptive TB Cases Identified Laboratory Diagnosis and use of WRD | N25: Block 4 : TB HIV Activities
A26: Total New OPD in Quarter | B26: No. of presumptive TB cases identified | D26: No. of Presumptive TB Patients tested Using | G26: Among Presumptive TB cases tested number reported B+ | K26: Among all registered number of B+ TB Cases | L26: Amoung All (N+R+UK) number tested by Gene Xpert | N26: No. of TB patients tested for HIV | Q26: TB Patients tested positive for HIV | T26: HIV positive TB Patients put on ART
B27: Total | C27: Through Community Referrals (LHWs) | D27: AFB | E27: Xp & AFB | F27: XP | G27: AFB | H27: AFB + Xpert | I27: Xpert | J27: G.Tot | N27: 0 | Q27: 0 | T27: 0
A28: 14028 | B28: 338 | C28: 3 | D28: 89 | E28: 140 | F28: 94 | G28: 3 | H28: 37 | I28: 14 | J28: 54 | K28: 54 | L28: 65 | N28: HIV patient tested for TB | Q28: HIV patients tested positive for TB | T28: TB positive HIV patients put on TB Tx | X28: HIV positive TB -Ve patients on TPT
N29: 0 | Q29: 0 | T29: 0 | Y29: 0-4 | AA29: 5-14 | AB29: 15 & above
X30: 6H | Y30: 0 | AA30: 0 | AB30: 0
X31: 3HR | Y31: 0 | AA31: 0 | AB31: 0
X32: 3 HP | Y32: 0 | AA32: 0 | AB32: 0
A34: Block 5 : Bacteriologically Confermid TB Cases with DST Result | N34: Block 6 : Contact Tracing HH *
G35: Rifampicin | I35: Isoniazid | K35: Fluoroquninolone | N35: Total No. of HH of B+ PTB | Q35: No. of HH contacts of B+ PTB Cases Screened | T35: Amoung HH contact screened, No. of TB Cases diagnosed | W35: No. of HH Contacts Initiated on TPT | AA35: HIV negative Immuno compromised on TPT
G36: Result | H36: Resistant | I36: Result | J36: Resistant | K36: Result | L36: Resistant | N36: 0-4 | O36: 5-14 | P36: 15 + | Q36: 0-4 | R36: 5-14 | S36: 15 + | T36: 0-4 | U36: 5-14 | V36: 15 + | X36: 0-4 | Y36: 5-14 | Z36: 15+ | AA36: 0-4 | AB36: 5-14 | AC36: 15+
A37: New + UK | G37: 32 | H37: 0 | I37: 0 | J37: 0 | K37: 0 | L37: 0 | N37: 0 | O37: 0 | P37: 13 | Q37: 0 | R37: 7 | S37: 40 | T37: 0 | U37: 0 | V37: 5 | W37: 6H | X37: 0 | Y37: 0 | Z37: 0 | AA37: 0 | AB37: 0 | AC37: 0
A38: Relapse | G38: 5 | H38: 0 | I38: 0 | J38: 0 | K38: 0 | L38: 0 | W38: 3HR | X38: 0 | Y38: 0 | Z38: 0 | AA38: 0 | AB38: 0 | AC38: 0
A39: Previously treated | G39: 0 | H39: 0 | I39: 0 | J39: 0 | K39: 0 | L39: 0 | W39: 3 HP | X39: 0 | Y39: 0 | Z39: 0 | AA39: 0 | AB39: 0 | AC39: 0
A40: Total | G40: 37 | H40: 0 | I40: 0 | J40: 0 | K40: 0 | L40: 0
A41: QUARTERLY REPORT ON TB CASES REGISTRATION
A42: INDIVIDUAL/CONSOLIDATED (TICK ONE) | Y42: TB - 07
A43: Name of TB Care Facility (BMU) : | E43: SINDH CONSOLIDATED | I43: District : | K43: __________________ | M43: Central : | O43: ________________ | T43: Patients registered during | Y43: 2nd Quarter | AB43: of Year 2024
A45: Name of TB Coodinator/Facility incharge : | H45: ___________________________________________________ | T45: Date of completion of this form : | Z45: _______________________
A47: Block 1: | K47: New (N) | M47: Relapse ® | O47: Previous Treatment History Unknown (UK) | R47: N+R+UK | U47: Previously treated ( Excluding Relapse) | AB47: Total
A48: All TB Cases Registered | U48: Treatment after failure | X48: Treatment after lost to follow-up | Z48: Other previously treated
A50: Pulmonary, Bacteriologically Confermid | K50: 29 | M50: 1 | O50: 0 | R50: 30 | U50: 0 | X50: 0 | Z50: 0 | AB50: 30
A51: Pulmonary , Clinically Diagnosed | K51: 9 | M51: 4 | O51: 0 | R51: 13 | U51: 0 | X51: 0 | Z51: 0 | AB51: 13
A52: Extra Pulmonary, Bacteriologically Confermid | K52: 0 | M52: 0 | O52: 0 | R52: 0 | U52: 0 | X52: 0 | Z52: 0 | AB52: 0
A53: Extra Pulmonary , Clinically Diagnosed | K53: 10 | M53: 1 | O53: 0 | R53: 11 | U53: 0 | X53: 0 | Z53: 0 | AB53: 11
A54: Total | K54: 48 | M54: 6 | O54: 0 | R54: 54 | U54: 0 | X54: 0 | Z54: 0 | AB54: 54
A55: Block 2: All New, Relapse and previous treatment history unknown Cases registered during the period by Age Group and Gender
K56: 0-4 | M56: 5-14 | O56: 15-24 | Q56: 25-34 | S56: 35-44 | U56: 45-54 | W56: 55-64 | Y56: 65 & Above | AA56: Total | AC56: Grand Total
K57: M | L57: F | M57: M | N57: F | O57: M | P57: F | Q57: M | R57: F | S57: M | T57: F | U57: M | V57: F | W57: M | X57: F | Y57: M | Z57: F | AA57: M | AB57: F
A58: Pulmonary, Bacteriologically Confermid | K58: 0 | L58: 0 | M58: 0 | N58: 0 | O58: 7 | P58: 2 | Q58: 4 | R58: 2 | S58: 3 | T58: 3 | U58: 5 | V58: 0 | W58: 0 | X58: 1 | Y58: 3 | Z58: 0 | AA58: 22 | AB58: 8 | AC58: 30
A59: Pulmonary , Clinically Diagnosed | K59: 0 | L59: 0 | M59: 0 | N59: 0 | O59: 2 | P59: 0 | Q59: 3 | R59: 1 | S59: 2 | T59: 1 | U59: 0 | V59: 0 | W59: 2 | X59: 1 | Y59: 0 | Z59: 1 | AA59: 9 | AB59: 4 | AC59: 13
A60: Extra Pulmonary, Bacteriologically Confermid | K60: 0 | L60: 0 | M60: 0 | N60: 0 | O60: 0 | P60: 0 | Q60: 0 | R60: 0 | S60: 0 | T60: 0 | U60: 0 | V60: 0 | W60: 0 | X60: 0 | Y60: 0 | Z60: 0 | AA60: 0 | AB60: 0 | AC60: 0
A61: Extra Pulmonary , Clinically Diagnosed | K61: 0 | L61: 0 | M61: 0 | N61: 0 | O61: 3 | P61: 1 | Q61: 1 | R61: 1 | S61: 0 | T61: 0 | U61: 1 | V61: 0 | W61: 0 | X61: 1 | Y61: 3 | Z61: 0 | AA61: 8 | AB61: 3 | AC61: 11
A62: Total | K62: 0 | L62: 0 | M62: 0 | N62: 0 | O62: 12 | P62: 3 | Q62: 8 | R62: 4 | S62: 5 | T62: 4 | U62: 6 | V62: 0 | W62: 2 | X62: 3 | Y62: 6 | Z62: 1 | AA62: 39 | AB62: 15 | AC62: 54
A64: Block 3: Presumptive TB Cases Identified Laboratory Diagnosis and use of WRD | N64: Block 4 : TB HIV Activities
A65: Total New OPD in Quarter | B65: No. of presumptive TB cases identified | D65: No. of Presumptive TB Patients tested Using | G65: Among Presumptive TB cases tested number reported B+ | K65: Among all registered number of B+ TB Cases | L65: Amoung All (N+R+UK) number tested by Gene Xpert | N65: No. of TB patients tested for HIV | Q65: TB Patients tested positive for HIV | T65: HIV positive TB Patients put on ART
B66: Total | C66: Through Community Referrals (LHWs) | D66: AFB | E66: Xp & AFB | F66: XP | G66: AFB | H66: AFB + Xpert | I66: Xpert | J66: G.Tot | N66: 19 | Q66: 0 | T66: 0
A67: 43139 | B67: 215 | C67: 0 | D67: 117 | E67: 81 | F67: 20 | G67: 4 | H67: 24 | I67: 2 | J67: 30 | K67: 30 | L67: 44 | N67: HIV patient tested for TB | Q67: HIV patients tested positive for TB | T67: TB positive HIV patients put on TB Tx | X67: HIV positive TB -Ve patients on TPT
N68: 19 | Q68: 19 | T68: 0 | Y68: 0-4 | AA68: 5-14 | AB68: 15 & above
X69: 6H | Y69: 0 | AA69: 0 | AB69: 0
X70: 3HR | Y70: 0 | AA70: 0 | AB70: 0
X71: 3 HP | Y71: 0 | AA71: 0 | AB71: 0
A73: Block 5 : Bacteriologically Confermid TB Cases with DST Result | N73: Block 6 : Contact Tracing HH *
G74: Rifampicin | I74: Isoniazid | K74: Fluoroquninolone | N74: Total No. of HH of B+ PTB | Q74: No. of HH contacts of B+ PTB Cases Screened | T74: Amoung HH contact screened, No. of TB Cases diagnosed | W74: No. of HH Contacts Initiated on TPT | AA74: HIV negative Immuno compromised on TPT
G75: Result | H75: Resistant | I75: Result | J75: Resistant | K75: Result | L75: Resistant | N75: 0-4 | O75: 5-14 | P75: 15 + | Q75: 0-4 | R75: 5-14 | S75: 15 + | T75: 0-4 | U75: 5-14 | V75: 15 + | X75: 0-4 | Y75: 5-14 | Z75: 15+ | AA75: 0-4 | AB75: 5-14 | AC75: 15+
A76: New + UK | G76: 26 | H76: 0 | I76: 0 | J76: 0 | K76: 0 | L76: 0 | N76: 0 | O76: 0 | P76: 12 | Q76: 0 | R76: 8 | S76: 37 | T76: 0 | U76: 0 | V76: 4 | W76: 6H | X76: 0 | Y76: 0 | Z76: 0 | AA76: 0 | AB76: 0 | AC76: 0
A77: Relapse | G77: 1 | H77: 0 | I77: 0 | J77: 0 | K77: 0 | L77: 0 | W77: 3HR | X77: 0 | Y77: 0 | Z77: 0 | AA77: 0 | AB77: 0 | AC77: 0
A78: Previously treated | G78: 0 | H78: 0 | I78: 0 | J78: 0 | K78: 0 | L78: 0 | W78: 3 HP | X78: 0 | Y78: 0 | Z78: 0 | AA78: 0 | AB78: 0 | AC78: 0
A79: Total | G79: 27 | H79: 0 | I79: 0 | J79: 0 | K79: 0 | L79: 0
A80: QUARTERLY REPORT ON TB CASES REGISTRATION
A81: INDIVIDUAL/CONSOLIDATED (TICK ONE) | Y81: TB - 07
A82: Name of TB Care Facility (BMU) : | E82: SINDH CONSOLIDATED | I82: District : | K82: __________________ | M82: Central : | O82: ________________ | T82: Patients registered during | Y82: 3rd Quarter | AB82: of Year 2024
A84: Name of TB Coodinator/Facility incharge : | H84: ___________________________________________________ | T84: Date of completion of this form : | Z84: _______________________
A86: Block 1: | K86: New (N) | M86: Relapse ® | O86: Previous Treatment History Unknown (UK) | R86: N+R+UK | U86: Previously treated ( Excluding Relapse) | AB86: Total
A87: All TB Cases Registered | U87: Treatment after failure | X87: Treatment after lost to follow-up | Z87: Other previously treated
A89: Pulmonary, Bacteriologically Confermid | K89: 50 | M89: 5 | O89: 0 | R89: 55 | U89: 0 | X89: 0 | Z89: 0 | AB89: 55
A90: Pulmonary , Clinically Diagnosed | K90: 5 | M90: 2 | O90: 0 | R90: 7 | U90: 0 | X90: 0 | Z90: 0 | AB90: 7
A91: Extra Pulmonary, Bacteriologically Confermid | K91: 0 | M91: 0 | O91: 0 | R91: 0 | U91: 0 | X91: 0 | Z91: 0 | AB91: 0
A92: Extra Pulmonary , Clinically Diagnosed | K92: 3 | M92: 0 | O92: 0 | R92: 3 | U92: 0 | X92: 0 | Z92: 0 | AB92: 3
A93: Total | K93: 58 | M93: 7 | O93: 0 | R93: 65 | U93: 0 | X93: 0 | Z93: 0 | AB93: 65
A94: Block 2: All New, Relapse and previous treatment history unknown Cases registered during the period by Age Group and Gender
K95: 0-4 | M95: 5-14 | O95: 15-24 | Q95: 25-34 | S95: 35-44 | U95: 45-54 | W95: 55-64 | Y95: 65 & Above | AA95: Total | AC95: Grand Total
K96: M | L96: F | M96: M | N96: F | O96: M | P96: F | Q96: M | R96: F | S96: M | T96: F | U96: M | V96: F | W96: M | X96: F | Y96: M | Z96: F | AA96: M | AB96: F
A97: Pulmonary, Bacteriologically Confermid | K97: 0 | L97: 0 | M97: 0 | N97: 0 | O97: 6 | P97: 11 | Q97: 9 | R97: 2 | S97: 6 | T97: 4 | U97: 2 | V97: 1 | W97: 7 | X97: 3 | Y97: 3 | Z97: 1 | AA97: 33 | AB97: 22 | AC97: 55
A98: Pulmonary , Clinically Diagnosed | K98: 0 | L98: 0 | M98: 0 | N98: 0 | O98: 0 | P98: 1 | Q98: 0 | R98: 0 | S98: 0 | T98: 0 | U98: 0 | V98: 0 | W98: 1 | X98: 1 | Y98: 3 | Z98: 1 | AA98: 4 | AB98: 3 | AC98: 7
A99: Extra Pulmonary, Bacteriologically Confermid | K99: 0 | L99: 0 | M99: 0 | N99: 0 | O99: 0 | P99: 0 | Q99: 0 | R99: 0 | S99: 0 | T99: 0 | U99: 0 | V99: 0 | W99: 0 | X99: 0 | Y99: 0 | Z99: 0 | AA99: 0 | AB99: 0 | AC99: 0
A100: Extra Pulmonary , Clinically Diagnosed | K100: 0 | L100: 0 | M100: 0 | N100: 0 | O100: 0 | P100: 1 | Q100: 0 | R100: 0 | S100: 0 | T100: 1 | U100: 0 | V100: 0 | W100: 0 | X100: 0 | Y100: 1 | Z100: 0 | AA100: 1 | AB100: 2 | AC100: 3
A101: Total | K101: 0 | L101: 0 | M101: 0 | N101: 0 | O101: 6 | P101: 13 | Q101: 9 | R101: 2 | S101: 6 | T101: 5 | U101: 2 | V101: 1 | W101: 8 | X101: 4 | Y101: 7 | Z101: 2 | AA101: 38 | AB101: 27 | AC101: 65
A103: Block 3: Presumptive TB Cases Identified Laboratory Diagnosis and use of WRD | N103: Block 4 : TB HIV Activities
A104: Total New OPD in Quarter | B104: No. of presumptive TB cases identified | D104: No. of Presumptive TB Patients tested Using | G104: Among Presumptive TB cases tested number reported B+ | K104: Among all registered number of B+ TB Cases | L104: Amoung All (N+R+UK) number tested by Gene Xpert | N104: No. of TB patients tested for HIV | Q104: TB Patients tested positive for HIV | T104: HIV positive TB Patients put on ART
B105: Total | C105: Through Community Referrals (LHWs) | D105: AFB | E105: Xp & AFB | F105: XP | G105: AFB | H105: AFB + Xpert | I105: Xpert | J105: G.Tot | N105: 0 | Q105: 0 | T105: 0
A106: 48602 | B106: 323 | C106: 12 | D106: 149 | E106: 97 | F106: 77 | G106: 4 | H106: 40 | I106: 13 | J106: 57 | K106: 55 | L106: 56 | N106: HIV patient tested for TB | Q106: HIV patients tested positive for TB | T106: TB positive HIV patients put on TB Tx | X106: HIV positive TB -Ve patients on TPT
N107: 0 | Q107: 0 | T107: 0 | Y107: 0-4 | AA107: 5-14 | AB107: 15 & above
X108: 6H | Y108: 0 | AA108: 0 | AB108: 0
X109: 3HR | Y109: 0 | AA109: 0 | AB109: 0
X110: 3 HP | Y110: 0 | AA110: 0 | AB110: 0
A112: Block 5 : Bacteriologically Confermid TB Cases with DST Result | N112: Block 6 : Contact Tracing HH *
G113: Rifampicin | I113: Isoniazid | K113: Fluoroquninolone | N113: Total No. of HH of B+ PTB | Q113: No. of HH contacts of B+ PTB Cases Screened | T113: Amoung HH contact screened, No. of TB Cases diagnosed | W113: No. of HH Contacts Initiated on TPT | AA113: HIV negative Immuno compromised on TPT
G114: Result | H114: Resistant | I114: Result | J114: Resistant | K114: Result | L114: Resistant | N114: 0-4 | O114: 5-14 | P114: 15 + | Q114: 0-4 | R114: 5-14 | S114: 15 + | T114: 0-4 | U114: 5-14 | V114: 15 + | X114: 0-4 | Y114: 5-14 | Z114: 15+ | AA114: 0-4 | AB114: 5-14 | AC114: 15+
A115: New + UK | G115: 41 | H115: 0 | I115: 0 | J115: 0 | K115: 0 | L115: 0 | N115: 0 | O115: 0 | P115: 0 | Q115: 0 | R115: 0 | S115: 0 | T115: 0 | U115: 0 | V115: 0 | W115: 6H | X115: 0 | Y115: 0 | Z115: 0 | AA115: 0 | AB115: 0 | AC115: 0
A116: Relapse | G116: 3 | H116: 0 | I116: 0 | J116: 0 | K116: 0 | L116: 0 | W116: 3HR | X116: 0 | Y116: 0 | Z116: 0 | AA116: 0 | AB116: 0 | AC116: 0
...

Sheet GILGIT BALTISTAN
A2: QUARTERLY REPORT ON TB CASES REGISTRATION
A3: INDIVIDUAL/CONSOLIDATED (TICK ONE) | Y3: TB - 07
A4: Name of TB Care Facility (BMU) : | E4: GB - CONSOLIDATED | I4: District : | K4: __________________ | M4: Central : | O4: Gilgit Baltistan | T4: Patients registered during | Y4: 1st Quarter | AB4: of Year 2024
A6: Name of TB Coodinator/Facility incharge : | H6: ___________________________________________________ | T6: Date of completion of this form : | Z6: _______________________
A8: Block 1: | K8: New (N) | M8: Relapse ® | O8: Previous Treatment History Unknown (UK) | R8: N+R+UK | U8: Previously treated ( Excluding Relapse) | AB8: Total
A9: All TB Cases Registered | U9: Treatment after failure | X9: Treatment after lost to follow-up | Z9: Other previously treated
A11: Pulmonary, Bacteriologically Confermid | K11: 80 | M11: 0 | O11: 0 | R11: 80 | U11: 0 | X11: 0 | Z11: 0 | AB11: 80
A12: Pulmonary , Clinically Diagnosed | K12: 474 | M12: 1 | O12: 0 | R12: 475 | U12: 0 | X12: 0 | Z12: 1 | AB12: 476
A13: Extra Pulmonary, Bacteriologically Confermid | K13: 1 | M13: 0 | O13: 0 | R13: 1 | U13: 0 | X13: 0 | Z13: 0 | AB13: 1
A14: Extra Pulmonary , Clinically Diagnosed | K14: 198 | M14: 0 | O14: 0 | R14: 198 | U14: 0 | X14: 0 | Z14: 0 | AB14: 198
A15: Total | K15: 753 | M15: 1 | O15: 0 | R15: 754 | U15: 0 | X15: 0 | Z15: 1 | AB15: 755
A16: Block 2: All New, Relapse and previous treatment history unknown Cases registered during the period by Age Group and Gender
K17: 0-4 | M17: 5-14 | O17: 15-24 | Q17: 25-34 | S17: 35-44 | U17: 45-54 | W17: 55-64 | Y17: 65 & Above | AA17: Total | AC17: Grand Total
K18: M | L18: F | M18: M | N18: F | O18: M | P18: F | Q18: M | R18: F | S18: M | T18: F | U18: M | V18: F | W18: M | X18: F | Y18: M | Z18: F | AA18: M | AB18: F
A19: Pulmonary, Bacteriologically Confermid | K19: 0 | L19: 0 | M19: 1 | N19: 1 | O19: 6 | P19: 12 | Q19: 7 | R19: 9 | S19: 4 | T19: 4 | U19: 3 | V19: 5 | W19: 3 | X19: 4 | Y19: 12 | Z19: 9 | AA19: 36 | AB19: 44 | AC19: 80
A20: Pulmonary , Clinically Diagnosed | K20: 138 | L20: 120 | M20: 31 | N20: 35 | O20: 21 | P20: 14 | Q20: 18 | R20: 18 | S20: 11 | T20: 16 | U20: 9 | V20: 7 | W20: 9 | X20: 4 | Y20: 14 | Z20: 10 | AA20: 251 | AB20: 224 | AC20: 475
A21: Extra Pulmonary, Bacteriologically Confermid | K21: 0 | L21: 0 | M21: 0 | N21: 0 | O21: 0 | P21: 0 | Q21: 0 | R21: 0 | S21: 0 | T21: 0 | U21: 0 | V21: 0 | W21: 0 | X21: 0 | Y21: 0 | Z21: 1 | AA21: 0 | AB21: 1 | AC21: 1
A22: Extra Pulmonary , Clinically Diagnosed | K22: 23 | L22: 15 | M22: 12 | N22: 11 | O22: 34 | P22: 18 | Q22: 14 | R22: 14 | S22: 14 | T22: 6 | U22: 11 | V22: 5 | W22: 5 | X22: 2 | Y22: 7 | Z22: 7 | AA22: 120 | AB22: 78 | AC22: 198
A23: Total | K23: 161 | L23: 135 | M23: 44 | N23: 47 | O23: 61 | P23: 44 | Q23: 39 | R23: 41 | S23: 29 | T23: 26 | U23: 23 | V23: 17 | W23: 17 | X23: 10 | Y23: 33 | Z23: 27 | AA23: 407 | AB23: 347 | AC23: 754
A25: Block 3: Presumptive TB Cases Identified Laboratory Diagnosis and use of WRD | N25: Block 4 : TB HIV Activities
A26: Total New OPD in Quarter | B26: No. of presumptive TB cases identified | D26: No. of Presumptive TB Patients tested Using | G26: Among Presumptive TB cases tested number reported B+ | K26: Among all registered number of B+ TB Cases | L26: Amoung All (N+R+UK) number tested by Gene Xpert | N26: No. of TB patients tested for HIV | Q26: TB Patients tested positive for HIV | T26: HIV positive TB Patients put on ART
B27: Total | C27: Through Community Referrals (LHWs) | D27: AFB | E27: Xp & AFB | F27: XP | G27: AFB | H27: AFB + Xpert | I27: Xpert | J27: G.Tot | N27: 0 | Q27: 0 | T27: 0
A28: 188323 | B28: 2077 | C28: 1144 | D28: 626 | E28: 542 | F28: 938 | G28: 72 | H28: 2 | I28: 27 | J28: 101 | K28: 78 | L28: 109 | N28: HIV patient tested for TB | Q28: HIV patients tested positive for TB | T28: TB positive HIV patients put on TB Tx | X28: HIV positive TB -Ve patients on TPT
N29: 0 | Q29: 0 | T29: 0 | Y29: 0-4 | AA29: 5-14 | AB29: 15 & above
X30: 6H | Y30: 0 | AA30: 0 | AB30: 0
X31: 3HR | Y31: 0 | AA31: 0 | AB31: 0
X32: 3 HP | Y32: 0 | AA32: 0 | AB32: 0
A34: Block 5 : Bacteriologically Confermid TB Cases with DST Result | N34: Block 6 : Contact Tracing HH *
G35: Rifampicin | I35: Isoniazid | K35: Fluoroquninolone | N35: Total No. of HH of B+ PTB | Q35: No. of HH contacts of B+ PTB Cases Screened | T35: Amoung HH contact screened, No. of TB Cases diagnosed | W35: No. of HH Contacts Initiated on TPT | AA35: HIV negative Immuno compromised on TPT
G36: Result | H36: Resistant | I36: Result | J36: Resistant | K36: Result | L36: Resistant | N36: 0-4 | O36: 5-14 | P36: 15 + | Q36: 0-4 | R36: 5-14 | S36: 15 + | T36: 0-4 | U36: 5-14 | V36: 15 + | X36: 0-4 | Y36: 5-14 | Z36: 15+ | AA36: 0-4 | AB36: 5-14 | AC36: 15+
A37: New + UK | G37: 73 | H37: 0 | I37: 0 | J37: 0 | K37: 0 | L37: 0 | N37: 1 | O37: 3 | P37: 52 | Q37: 1 | R37: 29 | S37: 132 | T37: 0 | U37: 0 | V37: 1 | W37: 6H | X37: 0 | Y37: 0 | Z37: 0 | AA37: 0 | AB37: 0 | AC37: 0
A38: Relapse | G38: 0 | H38: 0 | I38: 0 | J38: 0 | K38: 0 | L38: 0 | W38: 3HR | X38: 0 | Y38: 0 | Z38: 0 | AA38: 0 | AB38: 0 | AC38: 0
A39: Previously treated | G39: 1 | H39: 0 | I39: 0 | J39: 0 | K39: 0 | L39: 0 | W39: 3 HP | X39: 0 | Y39: 0 | Z39: 3 | AA39: 0 | AB39: 0 | AC39: 0
A40: Total | G40: 74 | H40: 0 | I40: 0 | J40: 0 | K40: 0 | L40: 0
A41: QUARTERLY REPORT ON TB CASES REGISTRATION
A42: INDIVIDUAL/CONSOLIDATED (TICK ONE) | Y42: TB - 07
A43: Name of TB Care Facility (BMU) : | E43: GB - CONSOLIDATED | I43: District : | K43: __________________ | M43: Central : | O43: Gilgit Baltistan | T43: Patients registered during | Y43: 2nd Quarter | AB43: of Year 2024
A45: Name of TB Coodinator/Facility incharge : | H45: ___________________________________________________ | T45: Date of completion of this form : | Z45: _______________________
A47: Block 1: | K47: New (N) | M47: Relapse ® | O47: Previous Treatment History Unknown (UK) | R47: N+R+UK | U47: Previously treated ( Excluding Relapse) | AB47: Total
A48: All TB Cases Registered | U48: Treatment after failure | X48: Treatment after lost to follow-up | Z48: Other previously treated
A50: Pulmonary, Bacteriologically Confermid | K50: 103 | M50: 3 | O50: 3 | R50: 109 | U50: 0 | X50: 0 | Z50: 0 | AB50: 109
A51: Pulmonary , Clinically Diagnosed | K51: 774 | M51: 0 | O51: 0 | R51: 774 | U51: 0 | X51: 0 | Z51: 0 | AB51: 774
A52: Extra Pulmonary, Bacteriologically Confermid | K52: 1 | M52: 0 | O52: 0 | R52: 1 | U52: 0 | X52: 0 | Z52: 0 | AB52: 1
A53: Extra Pulmonary , Clinically Diagnosed | K53: 208 | M53: 0 | O53: 0 | R53: 208 | U53: 0 | X53: 0 | Z53: 0 | AB53: 208
A54: Total | K54: 1086 | M54: 3 | O54: 3 | R54: 1092 | U54: 0 | X54: 0 | Z54: 0 | AB54: 1092
A55: Block 2: All New, Relapse and previous treatment history unknown Cases registered during the period by Age Group and Gender
K56: 0-4 | M56: 5-14 | O56: 15-24 | Q56: 25-34 | S56: 35-44 | U56: 45-54 | W56: 55-64 | Y56: 65 & Above | AA56: Total | AC56: Grand Total
K57: M | L57: F | M57: M | N57: F | O57: M | P57: F | Q57: M | R57: F | S57: M | T57: F | U57: M | V57: F | W57: M | X57: F | Y57: M | Z57: F | AA57: M | AB57: F
A58: Pulmonary, Bacteriologically Confermid | K58: 1 | L58: 0 | M58: 3 | N58: 3 | O58: 9 | P58: 17 | Q58: 6 | R58: 12 | S58: 4 | T58: 4 | U58: 3 | V58: 5 | W58: 8 | X58: 7 | Y58: 19 | Z58: 8 | AA58: 53 | AB58: 56 | AC58: 109
A59: Pulmonary , Clinically Diagnosed | K59: 264 | L59: 161 | M59: 75 | N59: 60 | O59: 33 | P59: 34 | Q59: 29 | R59: 21 | S59: 11 | T59: 18 | U59: 9 | V59: 12 | W59: 10 | X59: 11 | Y59: 19 | Z59: 7 | AA59: 450 | AB59: 324 | AC59: 774
A60: Extra Pulmonary, Bacteriologically Confermid | K60: 1 | L60: 0 | M60: 0 | N60: 0 | O60: 0 | P60: 0 | Q60: 0 | R60: 0 | S60: 0 | T60: 0 | U60: 0 | V60: 0 | W60: 0 | X60: 0 | Y60: 0 | Z60: 0 | AA60: 1 | AB60: 0 | AC60: 1
A61: Extra Pulmonary , Clinically Diagnosed | K61: 36 | L61: 28 | M61: 19 | N61: 7 | O61: 31 | P61: 8 | Q61: 13 | R61: 14 | S61: 8 | T61: 10 | U61: 8 | V61: 5 | W61: 5 | X61: 3 | Y61: 8 | Z61: 5 | AA61: 128 | AB61: 80 | AC61: 208
A62: Total | K62: 302 | L62: 189 | M62: 97 | N62: 70 | O62: 73 | P62: 59 | Q62: 48 | R62: 47 | S62: 23 | T62: 32 | U62: 20 | V62: 22 | W62: 23 | X62: 21 | Y62: 46 | Z62: 20 | AA62: 632 | AB62: 460 | AC62: 1092
A64: Block 3: Presumptive TB Cases Identified Laboratory Diagnosis and use of WRD | N64: Block 4 : TB HIV Activities
A65: Total New OPD in Quarter | B65: No. of presumptive TB cases identified | D65: No. of Presumptive TB Patients tested Using | G65: Among Presumptive TB cases tested number reported B+ | K65: Among all registered number of B+ TB Cases | L65: Amoung All (N+R+UK) number tested by Gene Xpert | N65: No. of TB patients tested for HIV | Q65: TB Patients tested positive for HIV | T65: HIV positive TB Patients put on ART
B66: Total | C66: Through Community Referrals (LHWs) | D66: AFB | E66: Xp & AFB | F66: XP | G66: AFB | H66: AFB + Xpert | I66: Xpert | J66: G.Tot | N66: 0 | Q66: 0 | T66: 0
A67: 226123 | B67: 3273 | C67: 147 | D67: 1415 | E67: 887 | F67: 658 | G67: 101 | H67: 110 | I67: 19 | J67: 230 | K67: 102 | L67: 598 | N67: HIV patient tested for TB | Q67: HIV patients tested positive for TB | T67: TB positive HIV patients put on TB Tx | X67: HIV positive TB -Ve patients on TPT
N68: 0 | Q68: 0 | T68: 0 | Y68: 0-4 | AA68: 5-14 | AB68: 15 & above
X69: 6H | Y69: 0 | AA69: 0 | AB69: 0
X70: 3HR | Y70: 0 | AA70: 0 | AB70: 0
X71: 3 HP | Y71: 0 | AA71: 0 | AB71: 0
A73: Block 5 : Bacteriologically Confermid TB Cases with DST Result | N73: Block 6 : Contact Tracing HH *
G74: Rifampicin | I74: Isoniazid | K74: Fluoroquninolone | N74: Total No. of HH of B+ PTB | Q74: No. of HH contacts of B+ PTB Cases Screened | T74: Amoung HH contact screened, No. of TB Cases diagnosed | W74: No. of HH Contacts Initiated on TPT | AA74: HIV negative Immuno compromised on TPT
G75: Result | H75: Resistant | I75: Result | J75: Resistant | K75: Result | L75: Resistant | N75: 0-4 | O75: 5-14 | P75: 15 + | Q75: 0-4 | R75: 5-14 | S75: 15 + | T75: 0-4 | U75: 5-14 | V75: 15 + | X75: 0-4 | Y75: 5-14 | Z75: 15+ | AA75: 0-4 | AB75: 5-14 | AC75: 15+
A76: New + UK | G76: 73 | H76: 0 | I76: 13 | J76: 0 | K76: 0 | L76: 0 | N76: 4 | O76: 7 | P76: 89 | Q76: 1 | R76: 46 | S76: 126 | T76: 0 | U76: 0 | V76: 0 | W76: 6H | X76: 0 | Y76: 0 | Z76: 0 | AA76: 0 | AB76: 0 | AC76: 0
A77: Relapse | G77: 0 | H77: 0 | I77: 0 | J77: 0 | K77: 0 | L77: 0 | W77: 3HR | X77: 0 | Y77: 0 | Z77: 0 | AA77: 0 | AB77: 0 | AC77: 0
A78: Previously treated | G78: 0 | H78: 0 | I78: 0 | J78: 0 | K78: 0 | L78: 0 | W78: 3 HP | X78: 1 | Y78: 3 | Z78: 5 | AA78: 0 | AB78: 0 | AC78: 0
A79: Total | G79: 73 | H79: 0 | I79: 13 | J79: 0 | K79: 0 | L79: 0
A80: QUARTERLY REPORT ON TB CASES REGISTRATION
A81: INDIVIDUAL/CONSOLIDATED (TICK ONE) | Y81: TB - 07
A82: Name of TB Care Facility (BMU) : | E82: GB - CONSOLIDATED | I82: District : | K82: __________________ | M82: Central : | O82: Gilgit Baltistan | T82: Patients registered during | Y82: 3rd Quarter | AB82: of Year 2024
A84: Name of TB Coodinator/Facility incharge : | H84: ___________________________________________________ | T84: Date of completion of this form : | Z84: _______________________
A86: Block 1: | K86: New (N) | M86: Relapse ® | O86: Previous Treatment History Unknown (UK) | R86: N+R+UK | U86: Previously treated ( Excluding Relapse) | AB86: Total
A87: All TB Cases Registered | U87: Treatment after failure | X87: Treatment after lost to follow-up | Z87: Other previously treated
A89: Pulmonary, Bacteriologically Confermid | K89: 133 | M89: 0 | O89: 0 | R89: 133 | U89: 0 | X89: 0 | Z89: 0 | AB89: 133
A90: Pulmonary , Clinically Diagnosed | K90: 1189 | M90: 0 | O90: 0 | R90: 1189 | U90: 0 | X90: 0 | Z90: 0 | AB90: 1189
A91: Extra Pulmonary, Bacteriologically Confermid | K91: 2 | M91: 0 | O91: 0 | R91: 2 | U91: 0 | X91: 0 | Z91: 0 | AB91: 2
A92: Extra Pulmonary , Clinically Diagnosed | K92: 377 | M92: 0 | O92: 0 | R92: 377 | U92: 0 | X92: 0 | Z92: 0 | AB92: 377
A93: Total | K93: 1701 | M93: 0 | O93: 0 | R93: 1701 | U93: 0 | X93: 0 | Z93: 0 | AB93: 1701
A94: Block 2: All New, Relapse and previous treatment history unknown Cases registered during the period by Age Group and Gender
K95: 0-4 | M95: 5-14 | O95: 15-24 | Q95: 25-34 | S95: 35-44 | U95: 45-54 | W95: 55-64 | Y95: 65 & Above | AA95: Total | AC95: Grand Total
K96: M | L96: F | M96: M | N96: F | O96: M | P96: F | Q96: M | R96: F | S96: M | T96: F | U96: M | V96: F | W96: M | X96: F | Y96: M | Z96: F | AA96: M | AB96: F
A97: Pulmonary, Bacteriologically Confermid | K97: 0 | L97: 0 | M97: 6 | N97: 5 | O97: 13 | P97: 24 | Q97: 17 | R97: 21 | S97: 5 | T97: 10 | U97: 3 | V97: 6 | W97: 3 | X97: 4 | Y97: 9 | Z97: 7 | AA97: 56 | AB97: 77 | AC97: 133
A98: Pulmonary , Clinically Diagnosed | K98: 419 | L98: 364 | M98: 94 | N98: 95 | O98: 31 | P98: 35 | Q98: 19 | R98: 30 | S98: 13 | T98: 19 | U98: 7 | V98: 17 | W98: 10 | X98: 7 | Y98: 15 | Z98: 14 | AA98: 608 | AB98: 581 | AC98: 1189
A99: Extra Pulmonary, Bacteriologically Confermid | K99: 0 | L99: 0 | M99: 0 | N99: 0 | O99: 0 | P99: 1 | Q99: 1 | R99: 0 | S99: 0 | T99: 0 | U99: 0 | V99: 0 | W99: 0 | X99: 0 | Y99: 0 | Z99: 0 | AA99: 1 | AB99: 1 | AC99: 2
A100: Extra Pulmonary , Clinically Diagnosed | K100: 97 | L100: 62 | M100: 39 | N100: 25 | O100: 45 | P100: 25 | Q100: 16 | R100: 13 | S100: 8 | T100: 13 | U100: 8 | V100: 3 | W100: 5 | X100: 8 | Y100: 2 | Z100: 8 | AA100: 220 | AB100: 157 | AC100: 377
A101: Total | K101: 516 | L101: 426 | M101: 139 | N101: 125 | O101: 89 | P101: 85 | Q101: 53 | R101: 64 | S101: 26 | T101: 42 | U101: 18 | V101: 26 | W101: 18 | X101: 19 | Y101: 26 | Z101: 29 | AA101: 885 | AB101: 816 | AC101: 1701
A103: Block 3: Presumptive TB Cases Identified Laboratory Diagnosis and use of WRD | N103: Block 4 : TB HIV Activities
A104: Total New OPD in Quarter | B104: No. of presumptive TB cases identified | D104: No. of Presumptive TB Patients tested Using | G104: Among Presumptive TB cases tested number reported B+ | K104: Among all registered number of B+ TB Cases | L104: Amoung All (N+R+UK) number tested by Gene Xpert | N104: No. of TB patients tested for HIV | Q104: TB Patients tested positive for HIV | T104: HIV positive TB Patients put on ART
B105: Total | C105: Through Community Referrals (LHWs) | D105: AFB | E105: Xp & AFB | F105: XP | G105: AFB | H105: AFB + Xpert | I105: Xpert | J105: G.Tot | N105: 0 | Q105: 0 | T105: 0
A106: 224482 | B106: 3057 | C106: 68 | D106: 589 | E106: 220 | F106: 1660 | G106: 21 | H106: 7 | I106: 70 | J106: 98 | K106: 132 | L106: 475 | N106: HIV patient tested for TB | Q106: HIV patients tested positive for TB | T106: TB positive HIV patients put on TB Tx | X106: HIV positive TB -Ve patients on TPT
N107: 0 | Q107: 0 | T107: 0 | Y107: 0-4 | AA107: 5-14 | AB107: 15 & above
X108: 6H | Y108: 0 | AA108: 0 | AB108: 0
X109: 3HR | Y109: 0 | AA109: 0 | AB109: 0
X110: 3 HP | Y110: 0 | AA110: 0 | AB110: 0
A112: Block 5 : Bacteriologically Confermid TB Cases with DST Result | N112: Block 6 : Contact Tracing HH *
G113: Rifampicin | I113: Isoniazid | K113: Fluoroquninolone | N113: Total No. of HH of B+ PTB | Q113: No. of HH contacts of B+ PTB Cases Screened | T113: Amoung HH contact screened, No. of TB Cases diagnosed | W113: No. of HH Contacts Initiated on TPT | AA113: HIV negative Immuno compromised on TPT
G114: Result | H114: Resistant | I114: Result | J114: Resistant | K114: Result | L114: Resistant | N114: 0-4 | O114: 5-14 | P114: 15 + | Q114: 0-4 | R114: 5-14 | S114: 15 + | T114: 0-4 | U114: 5-14 | V114: 15 + | X114: 0-4 | Y114: 5-14 | Z114: 15+ | AA114: 0-4 | AB114: 5-14 | AC114: 15+
A115: New + UK | G115: 105 | H115: 0 | I115: 0 | J115: 0 | K115: 0 | L115: 0 | N115: 16 | O115: 49 | P115: 214 | Q115: 13 | R115: 39 | S115: 193 | T115: 0 | U115: 0 | V115: 4 | W115: 6H | X115: 2 | Y115: 0 | Z115: 0 | AA115: 0 | AB115: 0 | AC115: 0
A116: Relapse | G116: 0 | H116: 0 | I116: 0 | J116: 0 | K116: 0 | L116: 0 | W116: 3HR | X116: 0 | Y116: 0 | Z116: 0 | AA116: 0 | AB116: 0 | AC116: 0
...

Sheet AZAD KHASHMIR
A2: QUARTERLY REPORT ON TB CASES REGISTRATION
A3: INDIVIDUAL/CONSOLIDATED (TICK ONE) | Y3: TB - 07
A4: Name of TB Care Facility (BMU) : | E4: Consolidated | I4: District : | M4: Central : | O4: Azad Kashmir | T4: Patients registered during | Y4: 1st Quarter | AB4: of Year 2024
A6: Name of TB Coodinator/Facility incharge : | H6: ___________________________________________________ | T6: Date of completion of this form : | Z6: _______________________
A8: Block 1: | K8: New (N) | M8: Relapse ® | O8: Previous Treatment History Unknown (UK) | R8: N+R+UK | U8: Previously treated ( Excluding Relapse) | AB8: Total
A9: All TB Cases Registered | U9: Treatment after failure | X9: Treatment after lost to follow-up | Z9: Other previously treated
A11: Pulmonary, Bacteriologically Confermid | K11: 681 | M11: 52 | O11: 1 | R11: 734 | U11: 1 | X11: 0 | Z11: 1 | AB11: 736
A12: Pulmonary , Clinically Diagnosed | K12: 438 | M12: 9 | O12: 4 | R12: 451 | U12: 0 | X12: 1 | Z12: 4 | AB12: 456
A13: Extra Pulmonary, Bacteriologically Confermid | K13: 0 | M13: 0 | O13: 0 | R13: 0 | U13: 0 | X13: 0 | Z13: 0 | AB13: 0
A14: Extra Pulmonary , Clinically Diagnosed | K14: 323 | M14: 3 | O14: 0 | R14: 326 | U14: 0 | X14: 0 | Z14: 3 | AB14: 329
A15: Total | K15: 1442 | M15: 64 | O15: 5 | R15: 1511 | U15: 1 | X15: 1 | Z15: 8 | AB15: 1521
A16: Block 2: All New, Relapse and previous treatment history unknown Cases registered during the period by Age Group and Gender
K17: 0-4 | M17: 5-14 | O17: 15-24 | Q17: 25-34 | S17: 35-44 | U17: 45-54 | W17: 55-64 | Y17: 65 & Above | AA17: Total | AC17: Grand Total
K18: M | L18: F | M18: M | N18: F | O18: M | P18: F | Q18: M | R18: F | S18: M | T18: F | U18: M | V18: F | W18: M | X18: F | Y18: M | Z18: F | AA18: M | AB18: F
A19: Pulmonary, Bacteriologically Confermid | K19: 5 | L19: 2 | M19: 5 | N19: 15 | O19: 51 | P19: 75 | Q19: 55 | R19: 29 | S19: 46 | T19: 40 | U19: 52 | V19: 45 | W19: 75 | X19: 57 | Y19: 99 | Z19: 83 | AA19: 388 | AB19: 346 | AC19: 734
A20: Pulmonary , Clinically Diagnosed | K20: 8 | L20: 4 | M20: 8 | N20: 16 | O20: 27 | P20: 27 | Q20: 30 | R20: 29 | S20: 25 | T20: 22 | U20: 27 | V20: 26 | W20: 31 | X20: 47 | Y20: 71 | Z20: 53 | AA20: 227 | AB20: 224 | AC20: 451
A21: Extra Pulmonary, Bacteriologically Confermid | K21: 0 | L21: 0 | M21: 0 | N21: 0 | O21: 0 | P21: 0 | Q21: 0 | R21: 0 | S21: 0 | T21: 0 | U21: 0 | V21: 0 | W21: 0 | X21: 0 | Y21: 0 | Z21: 0 | AA21: 0 | AB21: 0 | AC21: 0
A22: Extra Pulmonary , Clinically Diagnosed | K22: 4 | L22: 2 | M22: 8 | N22: 8 | O22: 25 | P22: 34 | Q22: 35 | R22: 21 | S22: 20 | T22: 21 | U22: 26 | V22: 17 | W22: 24 | X22: 16 | Y22: 42 | Z22: 23 | AA22: 184 | AB22: 142 | AC22: 326
A23: Total | K23: 17 | L23: 8 | M23: 21 | N23: 39 | O23: 103 | P23: 136 | Q23: 120 | R23: 79 | S23: 91 | T23: 83 | U23: 105 | V23: 88 | W23: 130 | X23: 120 | Y23: 212 | Z23: 159 | AA23: 799 | AB23: 712 | AC23: 1511
A25: Block 3: Presumptive TB Cases Identified Laboratory Diagnosis and use of WRD | N25: Block 4 : TB HIV Activities
A26: Total New OPD in Quarter | B26: No. of presumptive TB cases identified | D26: No. of Presumptive TB Patients tested Using | G26: Among Presumptive TB cases tested number reported B+ | K26: Among all registered number of B+ TB Cases | L26: Amoung All (N+R+UK) number tested by Gene Xpert | N26: No. of TB patients tested for HIV | Q26: TB Patients tested positive for HIV | T26: HIV positive TB Patients put on ART
B27: Total | C27: Through Community Referrals (LHWs) | D27: AFB | E27: Xp & AFB | F27: XP | G27: AFB | H27: AFB + Xpert | I27: Xpert | J27: G.Tot | N27: 0 | Q27: 0 | T27: 0
A28: 259129 | B28: 10854 | C28: 1438 | D28: 5715 | E28: 0 | F28: 6116 | G28: 716 | H28: 0 | I28: 0 | J28: 716 | K28: 736 | L28: 1123 | N28: HIV patient tested for TB | Q28: HIV patients tested positive for TB | T28: TB positive HIV patients put on TB Tx | X28: HIV positive TB -Ve patients on TPT
N29: 0 | Q29: 0 | T29: 0 | Y29: 0-4 | AA29: 5-14 | AB29: 15 & above
X30: 6H | Y30: 0 | AA30: 0 | AB30: 0
X31: 3HR | Y31: 0 | AA31: 0 | AB31: 0
X32: 3 HP | Y32: 0 | AA32: 0 | AB32: 0
A34: Block 5 : Bacteriologically Confermid TB Cases with DST Result | N34: Block 6 : Contact Tracing HH *
G35: Rifampicin | I35: Isoniazid | K35: Fluoroquninolone | N35: Total No. of HH of B+ PTB | Q35: No. of HH contacts of B+ PTB Cases Screened | T35: Amoung HH contact screened, No. of TB Cases diagnosed | W35: No. of HH Contacts Initiated on TPT | AA35: HIV negative Immuno compromised on TPT
G36: Result | H36: Resistant | I36: Result | J36: Resistant | K36: Result | L36: Resistant | N36: 0-4 | O36: 5-14 | P36: 15 + | Q36: 0-4 | R36: 5-14 | S36: 15 + | T36: 0-4 | U36: 5-14 | V36: 15 + | X36: 0-4 | Y36: 5-14 | Z36: 15+ | AA36: 0-4 | AB36: 5-14 | AC36: 15+
A37: New + UK | G37: 688 | H37: 1 | I37: 0 | J37: 0 | K37: 0 | L37: 0 | N37: 0 | O37: 670 | P37: 4015 | Q37: 0 | R37: 592 | S37: 3560 | T37: 0 | U37: 30 | V37: 129 | W37: 6H | X37: 1 | Y37: 0 | Z37: 0 | AA37: 0 | AB37: 0 | AC37: 0
A38: Relapse | G38: 0 | H38: 0 | I38: 0 | J38: 0 | K38: 0 | L38: 0 | W38: 3HR | X38: 0 | Y38: 0 | Z38: 0 | AA38: 0 | AB38: 0 | AC38: 0
A39: Previously treated | G39: 1 | H39: 0 | I39: 0 | J39: 0 | K39: 0 | L39: 0 | W39: 3 HP | X39: 0 | Y39: 0 | Z39: 0 | AA39: 0 | AB39: 0 | AC39: 0
A40: Total | G40: 689 | H40: 1 | I40: 0 | J40: 0 | K40: 0 | L40: 0
A41: QUARTERLY REPORT ON TB CASES REGISTRATION
A42: INDIVIDUAL/CONSOLIDATED (TICK ONE) | Y42: TB - 07
A43: Name of TB Care Facility (BMU) : | E43: Consolidated | I43: District : | K43: 0 | M43: Central : | O43: Azad Kashmir | T43: Patients registered during | Y43: 2nd Quarter | AB43: of Year 2024
A45: Name of TB Coodinator/Facility incharge : | H45: ___________________________________________________ | T45: Date of completion of this form : | Z45: _______________________
A47: Block 1: | K47: New (N) | M47: Relapse ® | O47: Previous Treatment History Unknown (UK) | R47: N+R+UK | U47: Previously treated ( Excluding Relapse) | AB47: Total
A48: All TB Cases Registered | U48: Treatment after failure | X48: Treatment after lost to follow-up | Z48: Other previously treated
A50: Pulmonary, Bacteriologically Confermid | K50: 733 | M50: 41 | O50: 0 | R50: 774 | U50: 0 | X50: 0 | Z50: 0 | AB50: 774
A51: Pulmonary , Clinically Diagnosed | K51: 446 | M51: 6 | O51: 1 | R51: 453 | U51: 0 | X51: 0 | Z51: 0 | AB51: 453
A52: Extra Pulmonary, Bacteriologically Confermid | K52: 0 | M52: 0 | O52: 0 | R52: 0 | U52: 0 | X52: 0 | Z52: 0 | AB52: 0
A53: Extra Pulmonary , Clinically Diagnosed | K53: 341 | M53: 3 | O53: 0 | R53: 344 | U53: 0 | X53: 0 | Z53: 2 | AB53: 346
A54: Total | K54: 1520 | M54: 50 | O54: 1 | R54: 1571 | U54: 0 | X54: 0 | Z54: 2 | AB54: 1573
A55: Block 2: All New, Relapse and previous treatment history unknown Cases registered during the period by Age Group and Gender
K56: 0-4 | M56: 5-14 | O56: 15-24 | Q56: 25-34 | S56: 35-44 | U56: 45-54 | W56: 55-64 | Y56: 65 & Above | AA56: Total | AC56: Grand Total
K57: M | L57: F | M57: M | N57: F | O57: M | P57: F | Q57: M | R57: F | S57: M | T57: F | U57: M | V57: F | W57: M | X57: F | Y57: M | Z57: F | AA57: M | AB57: F
A58: Pulmonary, Bacteriologically Confermid | K58: 2 | L58: 1 | M58: 11 | N58: 20 | O58: 58 | P58: 84 | Q58: 59 | R58: 55 | S58: 54 | T58: 34 | U58: 40 | V58: 55 | W58: 60 | X58: 54 | Y58: 95 | Z58: 92 | AA58: 379 | AB58: 395 | AC58: 774
A59: Pulmonary , Clinically Diagnosed | K59: 5 | L59: 6 | M59: 9 | N59: 13 | O59: 32 | P59: 34 | Q59: 25 | R59: 41 | S59: 24 | T59: 16 | U59: 24 | V59: 26 | W59: 36 | X59: 33 | Y59: 71 | Z59: 58 | AA59: 226 | AB59: 227 | AC59: 453
A60: Extra Pulmonary, Bacteriologically Confermid | K60: 0 | L60: 0 | M60: 0 | N60: 0 | O60: 0 | P60: 0 | Q60: 0 | R60: 0 | S60: 0 | T60: 0 | U60: 0 | V60: 0 | W60: 0 | X60: 0 | Y60: 0 | Z60: 0 | AA60: 0 | AB60: 0 | AC60: 0
A61: Extra Pulmonary , Clinically Diagnosed | K61: 3 | L61: 1 | M61: 13 | N61: 13 | O61: 39 | P61: 20 | Q61: 28 | R61: 32 | S61: 24 | T61: 25 | U61: 19 | V61: 21 | W61: 26 | X61: 21 | Y61: 38 | Z61: 21 | AA61: 190 | AB61: 154 | AC61: 344
A62: Total | K62: 10 | L62: 8 | M62: 33 | N62: 46 | O62: 129 | P62: 138 | Q62: 112 | R62: 128 | S62: 102 | T62: 75 | U62: 83 | V62: 102 | W62: 122 | X62: 108 | Y62: 204 | Z62: 171 | AA62: 795 | AB62: 776 | AC62: 1571
A64: Block 3: Presumptive TB Cases Identified Laboratory Diagnosis and use of WRD | N64: Block 4 : TB HIV Activities
A65: Total New OPD in Quarter | B65: No. of presumptive TB cases identified | D65: No. of Presumptive TB Patients tested Using | G65: Among Presumptive TB cases tested number reported B+ | K65: Among all registered number of B+ TB Cases | L65: Amoung All (N+R+UK) number tested by Gene Xpert | N65: No. of TB patients tested for HIV | Q65: TB Patients tested positive for HIV | T65: HIV positive TB Patients put on ART
B66: Total | C66: Through Community Referrals (LHWs) | D66: AFB | E66: Xp & AFB | F66: XP | G66: AFB | H66: AFB + Xpert | I66: Xpert | J66: G.Tot | N66: 0 | Q66: 0 | T66: 0
A67: 267310 | B67: 10282 | C67: 1603 | D67: 5342 | E67: 0 | F67: 6318 | G67: 748 | H67: 0 | I67: 0 | J67: 748 | K67: 774 | L67: 1028 | N67: HIV patient tested for TB | Q67: HIV patients tested positive for TB | T67: TB positive HIV patients put on TB Tx | X67: HIV positive TB -Ve patients on TPT
N68: 0 | Q68: 0 | T68: 0 | Y68: 0-4 | AA68: 5-14 | AB68: 15 & above
X69: 6H | Y69: 0 | AA69: 0 | AB69: 0
X70: 3HR | Y70: 0 | AA70: 0 | AB70: 0
X71: 3 HP | Y71: 0 | AA71: 0 | AB71: 0
A73: Block 5 : Bacteriologically Confermid TB Cases with DST Result | N73: Block 6 : Contact Tracing HH *
G74: Rifampicin | I74: Isoniazid | K74: Fluoroquninolone | N74: Total No. of HH of B+ PTB | Q74: No. of HH contacts of B+ PTB Cases Screened | T74: Amoung HH contact screened, No. of TB Cases diagnosed | W74: No. of HH Contacts Initiated on TPT | AA74: HIV negative Immuno compromised on TPT
G75: Result | H75: Resistant | I75: Result | J75: Resistant | K75: Result | L75: Resistant | N75: 0-4 | O75: 5-14 | P75: 15 + | Q75: 0-4 | R75: 5-14 | S75: 15 + | T75: 0-4 | U75: 5-14 | V75: 15 + | X75: 0-4 | Y75: 5-14 | Z75: 15+ | AA75: 0-4 | AB75: 5-14 | AC75: 15+
A76: New + UK | G76: 719 | H76: 2 | I76: 0 | J76: 0 | K76: 0 | L76: 0 | N76: 0 | O76: 1380 | P76: 3473 | Q76: 0 | R76: 1137 | S76: 2908 | T76: 0 | U76: 3 | V76: 164 | W76: 6H | X76: 0 | Y76: 17 | Z76: 0 | AA76: 0 | AB76: 0 | AC76: 0
A77: Relapse | G77: 0 | H77: 0 | I77: 0 | J77: 0 | K77: 0 | L77: 0 | W77: 3HR | X77: 0 | Y77: 5 | Z77: 12 | AA77: 0 | AB77: 0 | AC77: 0
A78: Previously treated | G78: 0 | H78: 0 | I78: 0 | J78: 0 | K78: 0 | L78: 0 | W78: 3 HP | X78: 0 | Y78: 0 | Z78: 0 | AA78: 0 | AB78: 0 | AC78: 0
A79: Total | G79: 719 | H79: 2 | I79: 0 | J79: 0 | K79: 0 | L79: 0
A80: QUARTERLY REPORT ON TB CASES REGISTRATION
A81: INDIVIDUAL/CONSOLIDATED (TICK ONE) | Y81: TB - 07
A82: Name of TB Care Facility (BMU) : | E82: Consolidated | I82: District : | K82: 0 | M82: Central : | O82: Azad Kashmir | T82: Patients registered during | Y82: 3rd Quarter | AB82: of Year 2024
A84: Name of TB Coodinator/Facility incharge : | H84: ___________________________________________________ | T84: Date of completion of this form : | Z84: _______________________
A86: Block 1: | K86: New (N) | M86: Relapse ® | O86: Previous Treatment History Unknown (UK) | R86: N+R+UK | U86: Previously treated ( Excluding Relapse) | AB86: Total
A87: All TB Cases Registered | U87: Treatment after failure | X87: Treatment after lost to follow-up | Z87: Other previously treated
A89: Pulmonary, Bacteriologically Confermid | K89: 644 | M89: 52 | O89: 0 | R89: 696 | U89: 0 | X89: 0 | Z89: 0 | AB89: 696
A90: Pulmonary , Clinically Diagnosed | K90: 489 | M90: 11 | O90: 0 | R90: 500 | U90: 0 | X90: 0 | Z90: 1 | AB90: 501
A91: Extra Pulmonary, Bacteriologically Confermid | K91: 0 | M91: 0 | O91: 0 | R91: 0 | U91: 0 | X91: 0 | Z91: 0 | AB91: 0
A92: Extra Pulmonary , Clinically Diagnosed | K92: 424 | M92: 5 | O92: 3 | R92: 432 | U92: 0 | X92: 0 | Z92: 0 | AB92: 432
A93: Total | K93: 1557 | M93: 68 | O93: 3 | R93: 1628 | U93: 0 | X93: 0 | Z93: 1 | AB93: 1629
A94: Block 2: All New, Relapse and previous treatment history unknown Cases registered during the period by Age Group and Gender
K95: 0-4 | M95: 5-14 | O95: 15-24 | Q95: 25-34 | S95: 35-44 | U95: 45-54 | W95: 55-64 | Y95: 65 & Above | AA95: Total | AC95: Grand Total
K96: M | L96: F | M96: M | N96: F | O96: M | P96: F | Q96: M | R96: F | S96: M | T96: F | U96: M | V96: F | W96: M | X96: F | Y96: M | Z96: F | AA96: M | AB96: F
A97: Pulmonary, Bacteriologically Confermid | K97: 1 | L97: 4 | M97: 6 | N97: 7 | O97: 67 | P97: 67 | Q97: 56 | R97: 29 | S97: 47 | T97: 35 | U97: 54 | V97: 30 | W97: 59 | X97: 52 | Y97: 102 | Z97: 80 | AA97: 392 | AB97: 304 | AC97: 696
A98: Pulmonary , Clinically Diagnosed | K98: 4 | L98: 7 | M98: 9 | N98: 11 | O98: 30 | P98: 33 | Q98: 24 | R98: 29 | S98: 29 | T98: 20 | U98: 37 | V98: 21 | W98: 47 | X98: 43 | Y98: 75 | Z98: 81 | AA98: 255 | AB98: 245 | AC98: 500
A99: Extra Pulmonary, Bacteriologically Confermid | K99: 0 | L99: 0 | M99: 0 | N99: 0 | O99: 0 | P99: 0 | Q99: 0 | R99: 0 | S99: 0 | T99: 0 | U99: 0 | V99: 0 | W99: 0 | X99: 0 | Y99: 0 | Z99: 0 | AA99: 0 | AB99: 0 | AC99: 0
A100: Extra Pulmonary , Clinically Diagnosed | K100: 2 | L100: 1 | M100: 14 | N100: 7 | O100: 41 | P100: 40 | Q100: 42 | R100: 35 | S100: 32 | T100: 32 | U100: 24 | V100: 20 | W100: 30 | X100: 27 | Y100: 63 | Z100: 22 | AA100: 248 | AB100: 184 | AC100: 432
A101: Total | K101: 7 | L101: 12 | M101: 29 | N101: 25 | O101: 138 | P101: 140 | Q101: 122 | R101: 93 | S101: 108 | T101: 87 | U101: 115 | V101: 71 | W101: 136 | X101: 122 | Y101: 240 | Z101: 183 | AA101: 895 | AB101: 733 | AC101: 1628
A103: Block 3: Presumptive TB Cases Identified Laboratory Diagnosis and use of WRD | N103: Block 4 : TB HIV Activities
A104: Total New OPD in Quarter | B104: No. of presumptive TB cases identified | D104: No. of Presumptive TB Patients tested Using | G104: Among Presumptive TB cases tested number reported B+ | K104: Among all registered number of B+ TB Cases | L104: Amoung All (N+R+UK) number tested by Gene Xpert | N104: No. of TB patients tested for HIV | Q104: TB Patients tested positive for HIV | T104: HIV positive TB Patients put on ART
B105: Total | C105: Through Community Referrals (LHWs) | D105: AFB | E105: Xp & AFB | F105: XP | G105: AFB | H105: AFB + Xpert | I105: Xpert | J105: G.Tot | N105: 0 | Q105: 0 | T105: 0
A106: 318191 | B106: 10191 | C106: 1278 | D106: 4059 | E106: 0 | F106: 6138 | G106: 747 | H106: 0 | I106: 0 | J106: 747 | K106: 696 | L106: 936 | N106: HIV patient tested for TB | Q106: HIV patients tested positive for TB | T106: TB positive HIV patients put on TB Tx | X106: HIV positive TB -Ve patients on TPT
N107: 0 | Q107: 0 | T107: 0 | Y107: 0-4 | AA107: 5-14 | AB107: 15 & above
X108: 6H | Y108: 0 | AA108: 0 | AB108: 0
X109: 3HR | Y109: 0 | AA109: 0 | AB109: 0
X110: 3 HP | Y110: 0 | AA110: 0 | AB110: 0
A112: Block 5 : Bacteriologically Confermid TB Cases with DST Result | N112: Block 6 : Contact Tracing HH *
G113: Rifampicin | I113: Isoniazid | K113: Fluoroquninolone | N113: Total No. of HH of B+ PTB | Q113: No. of HH contacts of B+ PTB Cases Screened | T113: Amoung HH contact screened, No. of TB Cases diagnosed | W113: No. of HH Contacts Initiated on TPT | AA113: HIV negative Immuno compromised on TPT
G114: Result | H114: Resistant | I114: Result | J114: Resistant | K114: Result | L114: Resistant | N114: 0-4 | O114: 5-14 | P114: 15 + | Q114: 0-4 | R114: 5-14 | S114: 15 + | T114: 0-4 | U114: 5-14 | V114: 15 + | X114: 0-4 | Y114: 5-14 | Z114: 15+ | AA114: 0-4 | AB114: 5-14 | AC114: 15+
A115: New + UK | G115: 655 | H115: 2 | I115: 0 | J115: 0 | K115: 0 | L115: 0 | N115: 0 | O115: 794 | P115: 4057 | Q115: 0 | R115: 678 | S115: 3636 | T115: 0 | U115: 4 | V115: 146 | W115: 6H | X115: 5 | Y115: 0 | Z115: 0 | AA115: 0 | AB115: 0 | AC115: 0
A116: Relapse | G116: 0 | H116: 0 | I116: 0 | J116: 0 | K116: 0 | L116: 0 | W116: 3HR | X116: 0 | Y116: 5 | Z116: 12 | AA116: 0 | AB116: 0 | AC116: 0
...

Sheet KHYBER PAKHTUNKHWA
A2: QUARTERLY REPORT ON TB CASES REGISTRATION
A3: INDIVIDUAL/CONSOLIDATED (TICK ONE) | Y3: TB - 07
A4: Name of TB Care Facility (BMU) : | E4: KHYBER PAKHTHUNKHWA | I4: District : | K4: __________________ | M4: Central : | O4: ________________ | T4: Patients registered during | Y4: 1st Quarter | AB4: of Year 2024
A6: Name of TB Coodinator/Facility incharge : | H6: ___________________________________________________ | T6: Date of completion of this form : | Z6: _______________________
A8: Block 1: | K8: New (N) | M8: Relapse ® | O8: Previous Treatment History Unknown (UK) | R8: N+R+UK | U8: Previously treated ( Excluding Relapse) | AB8: Total
A9: All TB Cases Registered | U9: Treatment after failure | X9: Treatment after lost to follow-up | Z9: Other previously treated
A11: Pulmonary, Bacteriologically Confermid | K11: 24 | M11: 2 | O11: 0 | R11: 26 | U11: 0 | X11: 0 | Z11: 0 | AB11: 26
A12: Pulmonary , Clinically Diagnosed | K12: 21 | M12: 0 | O12: 0 | R12: 21 | U12: 0 | X12: 0 | Z12: 0 | AB12: 21
A13: Extra Pulmonary, Bacteriologically Confermid | K13: 0 | M13: 0 | O13: 0 | R13: 0 | U13: 0 | X13: 0 | Z13: 0 | AB13: 0
A14: Extra Pulmonary , Clinically Diagnosed | K14: 43 | M14: 1 | O14: 0 | R14: 44 | U14: 0 | X14: 0 | Z14: 0 | AB14: 44
A15: Total | K15: 88 | M15: 3 | O15: 0 | R15: 91 | U15: 0 | X15: 0 | Z15: 0 | AB15: 91
A16: Block 2: All New, Relapse and previous treatment history unknown Cases registered during the period by Age Group and Gender
K17: 0-4 | M17: 5-14 | O17: 15-24 | Q17: 25-34 | S17: 35-44 | U17: 45-54 | W17: 55-64 | Y17: 65 & Above | AA17: Total | AC17: Grand Total
K18: M | L18: F | M18: M | N18: F | O18: M | P18: F | Q18: M | R18: F | S18: M | T18: F | U18: M | V18: F | W18: M | X18: F | Y18: M | Z18: F | AA18: M | AB18: F
A19: Pulmonary, Bacteriologically Confermid | K19: 0 | L19: 0 | M19: 0 | N19: 0 | O19: 6 | P19: 5 | Q19: 4 | R19: 3 | S19: 2 | T19: 1 | U19: 2 | V19: 1 | W19: 0 | X19: 0 | Y19: 2 | Z19: 0 | AA19: 16 | AB19: 10 | AC19: 26
A20: Pulmonary , Clinically Diagnosed | K20: 0 | L20: 0 | M20: 0 | N20: 0 | O20: 3 | P20: 2 | Q20: 3 | R20: 2 | S20: 5 | T20: 0 | U20: 1 | V20: 1 | W20: 1 | X20: 1 | Y20: 1 | Z20: 1 | AA20: 14 | AB20: 7 | AC20: 21
A21: Extra Pulmonary, Bacteriologically Confermid | K21: 0 | L21: 0 | M21: 0 | N21: 0 | O21: 0 | P21: 0 | Q21: 0 | R21: 0 | S21: 0 | T21: 0 | U21: 0 | V21: 0 | W21: 0 | X21: 0 | Y21: 0 | Z21: 0 | AA21: 0 | AB21: 0 | AC21: 0
A22: Extra Pulmonary , Clinically Diagnosed | K22: 1 | L22: 0 | M22: 2 | N22: 7 | O22: 5 | P22: 1 | Q22: 3 | R22: 5 | S22: 2 | T22: 4 | U22: 4 | V22: 1 | W22: 1 | X22: 3 | Y22: 4 | Z22: 1 | AA22: 22 | AB22: 22 | AC22: 44
A23: Total | K23: 1 | L23: 0 | M23: 2 | N23: 7 | O23: 14 | P23: 8 | Q23: 10 | R23: 10 | S23: 9 | T23: 5 | U23: 7 | V23: 3 | W23: 2 | X23: 4 | Y23: 7 | Z23: 2 | AA23: 52 | AB23: 39 | AC23: 91
A25: Block 3: Presumptive TB Cases Identified Laboratory Diagnosis and use of WRD | N25: Block 4 : TB HIV Activities
A26: Total New OPD in Quarter | B26: No. of presumptive TB cases identified | D26: No. of Presumptive TB Patients tested Using | G26: Among Presumptive TB cases tested number reported B+ | K26: Among all registered number of B+ TB Cases | L26: Amoung All (N+R+UK) number tested by Gene Xpert | N26: No. of TB patients tested for HIV | Q26: TB Patients tested positive for HIV | T26: HIV positive TB Patients put on ART
B27: Total | C27: Through Community Referrals (LHWs) | D27: AFB | E27: Xp & AFB | F27: XP | G27: AFB | H27: AFB + Xpert | I27: Xpert | J27: G.Tot | N27: 0 | Q27: 0 | T27: 0
A28: 765 | B28: 170 | C28: 9 | D28: 127 | E28: 0 | F28: 0 | G28: 14 | H28: 2 | I28: 10 | J28: 26 | K28: 16 | L28: 34 | N28: HIV patient tested for TB | Q28: HIV patients tested positive for TB | T28: TB positive HIV patients put on TB Tx | X28: HIV positive TB -Ve patients on TPT
N29: 0 | Q29: 0 | T29: 0 | Y29: 0-4 | AA29: 5-14 | AB29: 15 & above
X30: 6H | Y30: 0 | AA30: 0 | AB30: 0
X31: 3HR | Y31: 0 | AA31: 0 | AB31: 0
X32: 3 HP | Y32: 0 | AA32: 0 | AB32: 0
A34: Block 5 : Bacteriologically Confermid TB Cases with DST Result | N34: Block 6 : Contact Tracing HH *
G35: Rifampicin | I35: Isoniazid | K35: Fluoroquninolone | N35: Total No. of HH of B+ PTB | Q35: No. of HH contacts of B+ PTB Cases Screened | T35: Amoung HH contact screened, No. of TB Cases diagnosed | W35: No. of HH Contacts Initiated on TPT | AA35: HIV negative Immuno compromised on TPT
G36: Result | H36: Resistant | I36: Result | J36: Resistant | K36: Result | L36: Resistant | N36: 0-4 | O36: 5-14 | P36: 15 + | Q36: 0-4 | R36: 5-14 | S36: 15 + | T36: 0-4 | U36: 5-14 | V36: 15 + | X36: 0-4 | Y36: 5-14 | Z36: 15+ | AA36: 0-4 | AB36: 5-14 | AC36: 15+
A37: New + UK | G37: 19 | H37: 0 | I37: 0 | J37: 0 | K37: 0 | L37: 0 | N37: 0 | O37: 500 | P37: 97 | Q37: 0 | R37: 40 | S37: 33 | T37: 0 | U37: 11 | V37: 1 | W37: 6H | X37: 0 | Y37: 0 | Z37: 0 | AA37: 0 | AB37: 0 | AC37: 0
A38: Relapse | G38: 2 | H38: 0 | I38: 0 | J38: 0 | K38: 0 | L38: 0 | W38: 3HR | X38: 0 | Y38: 0 | Z38: 0 | AA38: 0 | AB38: 0 | AC38: 0
A39: Previously treated | G39: 0 | H39: 0 | I39: 0 | J39: 0 | K39: 0 | L39: 0 | W39: 3 HP | X39: 0 | Y39: 0 | Z39: 0 | AA39: 0 | AB39: 0 | AC39: 0
A40: Total | G40: 21 | H40: 0 | I40: 0 | J40: 0 | K40: 0 | L40: 0
A41: QUARTERLY REPORT ON TB CASES REGISTRATION
A42: INDIVIDUAL/CONSOLIDATED (TICK ONE) | Y42: TB - 07
A43: Name of TB Care Facility (BMU) : | E43: KHYBER PAKHTHUNKHWA | I43: District : | K43: __________________ | M43: Central : | O43: ________________ | T43: Patients registered during | Y43: 2nd Quarter | AB43: of Year 2024
A45: Name of TB Coodinator/Facility incharge : | H45: ___________________________________________________ | T45: Date of completion of this form : | Z45: _______________________
A47: Block 1: | K47: New (N) | M47: Relapse ® | O47: Previous Treatment History Unknown (UK) | R47: N+R+UK | U47: Previously treated ( Excluding Relapse) | AB47: Total
A48: All TB Cases Registered | U48: Treatment after failure | X48: Treatment after lost to follow-up | Z48: Other previously treated
A50: Pulmonary, Bacteriologically Confermid | K50: 32 | M50: 1 | O50: 0 | R50: 33 | U50: 0 | X50: 0 | Z50: 0 | AB50: 33
A51: Pulmonary , Clinically Diagnosed | K51: 39 | M51: 0 | O51: 0 | R51: 39 | U51: 0 | X51: 0 | Z51: 0 | AB51: 39
A52: Extra Pulmonary, Bacteriologically Confermid | K52: 0 | M52: 0 | O52: 0 | R52: 0 | U52: 0 | X52: 0 | Z52: 0 | AB52: 0
A53: Extra Pulmonary , Clinically Diagnosed | K53: 50 | M53: 1 | O53: 0 | R53: 51 | U53: 0 | X53: 0 | Z53: 0 | AB53: 51
A54: Total | K54: 121 | M54: 2 | O54: 0 | R54: 123 | U54: 0 | X54: 0 | Z54: 0 | AB54: 123
A55: Block 2: All New, Relapse and previous treatment history unknown Cases registered during the period by Age Group and Gender
K56: 0-4 | M56: 5-14 | O56: 15-24 | Q56: 25-34 | S56: 35-44 | U56: 45-54 | W56: 55-64 | Y56: 65 & Above | AA56: Total | AC56: Grand Total
K57: M | L57: F | M57: M | N57: F | O57: M | P57: F | Q57: M | R57: F | S57: M | T57: F | U57: M | V57: F | W57: M | X57: F | Y57: M | Z57: F | AA57: M | AB57: F
A58: Pulmonary, Bacteriologically Confermid | K58: 0 | L58: 0 | M58: 0 | N58: 0 | O58: 2 | P58: 5 | Q58: 9 | R58: 1 | S58: 4 | T58: 4 | U58: 3 | V58: 0 | W58: 0 | X58: 2 | Y58: 2 | Z58: 1 | AA58: 20 | AB58: 13 | AC58: 33
A59: Pulmonary , Clinically Diagnosed | K59: 0 | L59: 0 | M59: 3 | N59: 2 | O59: 3 | P59: 8 | Q59: 5 | R59: 3 | S59: 5 | T59: 2 | U59: 2 | V59: 0 | W59: 2 | X59: 1 | Y59: 1 | Z59: 2 | AA59: 21 | AB59: 18 | AC59: 39
A60: Extra Pulmonary, Bacteriologically Confermid | K60: 0 | L60: 0 | M60: 0 | N60: 0 | O60: 0 | P60: 0 | Q60: 0 | R60: 0 | S60: 0 | T60: 0 | U60: 0 | V60: 0 | W60: 0 | X60: 0 | Y60: 0 | Z60: 0 | AA60: 0 | AB60: 0 | AC60: 0
A61: Extra Pulmonary , Clinically Diagnosed | K61: 4 | L61: 1 | M61: 8 | N61: 2 | O61: 2 | P61: 9 | Q61: 5 | R61: 5 | S61: 5 | T61: 5 | U61: 1 | V61: 1 | W61: 0 | X61: 1 | Y61: 1 | Z61: 1 | AA61: 26 | AB61: 25 | AC61: 51
A62: Total | K62: 4 | L62: 1 | M62: 11 | N62: 4 | O62: 7 | P62: 22 | Q62: 19 | R62: 9 | S62: 14 | T62: 11 | U62: 6 | V62: 1 | W62: 2 | X62: 4 | Y62: 4 | Z62: 4 | AA62: 67 | AB62: 56 | AC62: 123
A64: Block 3: Presumptive TB Cases Identified Laboratory Diagnosis and use of WRD | N64: Block 4 : TB HIV Activities
A65: Total New OPD in Quarter | B65: No. of presumptive TB cases identified | D65: No. of Presumptive TB Patients tested Using | G65: Among Presumptive TB cases tested number reported B+ | K65: Among all registered number of B+ TB Cases | L65: Amoung All (N+R+UK) number tested by Gene Xpert | N65: No. of TB patients tested for HIV | Q65: TB Patients tested positive for HIV | T65: HIV positive TB Patients put on ART
B66: Total | C66: Through Community Referrals (LHWs) | D66: AFB | E66: Xp & AFB | F66: XP | G66: AFB | H66: AFB + Xpert | I66: Xpert | J66: G.Tot | N66: 0 | Q66: 0 | T66: 0
A67: 757 | B67: 196 | C67: 0 | D67: 163 | E67: 0 | F67: 0 | G67: 18 | H67: 15 | I67: 0 | J67: 33 | K67: 20 | L67: 75 | N67: HIV patient tested for TB | Q67: HIV patients tested positive for TB | T67: TB positive HIV patients put on TB Tx | X67: HIV positive TB -Ve patients on TPT
N68: 0 | Q68: 0 | T68: 0 | Y68: 0-4 | AA68: 5-14 | AB68: 15 & above
X69: 6H | Y69: 0 | AA69: 0 | AB69: 0
X70: 3HR | Y70: 0 | AA70: 0 | AB70: 0
X71: 3 HP | Y71: 0 | AA71: 0 | AB71: 0
A73: Block 5 : Bacteriologically Confermid TB Cases with DST Result | N73: Block 6 : Contact Tracing HH *
G74: Rifampicin | I74: Isoniazid | K74: Fluoroquninolone | N74: Total No. of HH of B+ PTB | Q74: No. of HH contacts of B+ PTB Cases Screened | T74: Amoung HH contact screened, No. of TB Cases diagnosed | W74: No. of HH Contacts Initiated on TPT | AA74: HIV negative Immuno compromised on TPT
G75: Result | H75: Resistant | I75: Result | J75: Resistant | K75: Result | L75: Resistant | N75: 0-4 | O75: 5-14 | P75: 15 + | Q75: 0-4 | R75: 5-14 | S75: 15 + | T75: 0-4 | U75: 5-14 | V75: 15 + | X75: 0-4 | Y75: 5-14 | Z75: 15+ | AA75: 0-4 | AB75: 5-14 | AC75: 15+
A76: New + UK | G76: 27 | H76: 0 | I76: 0 | J76: 0 | K76: 0 | L76: 0 | N76: 0 | O76: 33 | P76: 726 | Q76: 0 | R76: 14 | S76: 103 | T76: 0 | U76: 1 | V76: 25 | W76: 6H | X76: 0 | Y76: 0 | Z76: 0 | AA76: 0 | AB76: 0 | AC76: 0
A77: Relapse | G77: 1 | H77: 0 | I77: 0 | J77: 0 | K77: 0 | L77: 0 | W77: 3HR | X77: 0 | Y77: 0 | Z77: 0 | AA77: 0 | AB77: 0 | AC77: 0
A78: Previously treated | G78: 0 | H78: 0 | I78: 0 | J78: 0 | K78: 0 | L78: 0 | W78: 3 HP | X78: 0 | Y78: 0 | Z78: 0 | AA78: 0 | AB78: 0 | AC78: 0
A79: Total | G79: 28 | H79: 0 | I79: 0 | J79: 0 | K79: 0 | L79: 0
A80: QUARTERLY REPORT ON TB CASES REGISTRATION
A81: INDIVIDUAL/CONSOLIDATED (TICK ONE) | Y81: TB - 07
A82: Name of TB Care Facility (BMU) : | E82: KHYBER PAKHTHUNKHWA | I82: District : | K82: __________________ | M82: Central : | O82: ________________ | T82: Patients registered during | Y82: 3rd Quarter | AB82: of Year 2024
A84: Name of TB Coodinator/Facility incharge : | H84: ___________________________________________________ | T84: Date of completion of this form : | Z84: _______________________
A86: Block 1: | K86: New (N) | M86: Relapse ® | O86: Previous Treatment History Unknown (UK) | R86: N+R+UK | U86: Previously treated ( Excluding Relapse) | AB86: Total
A87: All TB Cases Registered | U87: Treatment after failure | X87: Treatment after lost to follow-up | Z87: Other previously treated
A89: Pulmonary, Bacteriologically Confermid | K89: 23 | M89: 1 | O89: 0 | R89: 24 | U89: 0 | X89: 0 | Z89: 0 | AB89: 24
A90: Pulmonary , Clinically Diagnosed | K90: 39 | M90: 0 | O90: 0 | R90: 39 | U90: 0 | X90: 0 | Z90: 0 | AB90: 39
A91: Extra Pulmonary, Bacteriologically Confermid | K91: 0 | M91: 0 | O91: 0 | R91: 0 | U91: 0 | X91: 0 | Z91: 0 | AB91: 0
A92: Extra Pulmonary , Clinically Diagnosed | K92: 43 | M92: 2 | O92: 0 | R92: 45 | U92: 0 | X92: 0 | Z92: 0 | AB92: 45
A93: Total | K93: 105 | M93: 3 | O93: 0 | R93: 108 | U93: 0 | X93: 0 | Z93: 0 | AB93: 108
A94: Block 2: All New, Relapse and previous treatment history unknown Cases registered during the period by Age Group and Gender
K95: 0-4 | M95: 5-14 | O95: 15-24 | Q95: 25-34 | S95: 35-44 | U95: 45-54 | W95: 55-64 | Y95: 65 & Above | AA95: Total | AC95: Grand Total
K96: M | L96: F | M96: M | N96: F | O96: M | P96: F | Q96: M | R96: F | S96: M | T96: F | U96: M | V96: F | W96: M | X96: F | Y96: M | Z96: F | AA96: M | AB96: F
A97: Pulmonary, Bacteriologically Confermid | K97: 0 | L97: 0 | M97: 0 | N97: 1 | O97: 3 | P97: 1 | Q97: 2 | R97: 2 | S97: 5 | T97: 0 | U97: 3 | V97: 1 | W97: 4 | X97: 0 | Y97: 1 | Z97: 1 | AA97: 18 | AB97: 6 | AC97: 24
A98: Pulmonary , Clinically Diagnosed | K98: 1 | L98: 1 | M98: 0 | N98: 3 | O98: 6 | P98: 4 | Q98: 5 | R98: 4 | S98: 5 | T98: 3 | U98: 4 | V98: 1 | W98: 2 | X98: 0 | Y98: 0 | Z98: 0 | AA98: 23 | AB98: 16 | AC98: 39
A99: Extra Pulmonary, Bacteriologically Confermid | K99: 0 | L99: 0 | M99: 0 | N99: 0 | O99: 0 | P99: 0 | Q99: 0 | R99: 0 | S99: 0 | T99: 0 | U99: 0 | V99: 0 | W99: 0 | X99: 0 | Y99: 0 | Z99: 0 | AA99: 0 | AB99: 0 | AC99: 0
A100: Extra Pulmonary , Clinically Diagnosed | K100: 6 | L100: 1 | M100: 6 | N100: 5 | O100: 5 | P100: 3 | Q100: 3 | R100: 3 | S100: 0 | T100: 4 | U100: 3 | V100: 1 | W100: 2 | X100: 0 | Y100: 3 | Z100: 0 | AA100: 28 | AB100: 17 | AC100: 45
A101: Total | K101: 7 | L101: 2 | M101: 6 | N101: 9 | O101: 14 | P101: 8 | Q101: 10 | R101: 9 | S101: 10 | T101: 7 | U101: 10 | V101: 3 | W101: 8 | X101: 0 | Y101: 4 | Z101: 1 | AA101: 69 | AB101: 39 | AC101: 108
A103: Block 3: Presumptive TB Cases Identified Laboratory Diagnosis and use of WRD | N103: Block 4 : TB HIV Activities
A104: Total New OPD in Quarter | B104: No. of presumptive TB cases identified | D104: No. of Presumptive TB Patients tested Using | G104: Among Presumptive TB cases tested number reported B+ | K104: Among all registered number of B+ TB Cases | L104: Amoung All (N+R+UK) number tested by Gene Xpert | N104: No. of TB patients tested for HIV | Q104: TB Patients tested positive for HIV | T104: HIV positive TB Patients put on ART
B105: Total | C105: Through Community Referrals (LHWs) | D105: AFB | E105: Xp & AFB | F105: XP | G105: AFB | H105: AFB + Xpert | I105: Xpert | J105: G.Tot | N105: 0 | Q105: 0 | T105: 0
A106: 851 | B106: 187 | C106: 8 | D106: 187 | E106: 76 | F106: 25 | G106: 14 | H106: 19 | I106: 0 | J106: 33 | K106: 24 | L106: 101 | N106: HIV patient tested for TB | Q106: HIV patients tested positive for TB | T106: TB positive HIV patients put on TB Tx | X106: HIV positive TB -Ve patients on TPT
N107: 0 | Q107: 0 | T107: 0 | Y107: 0-4 | AA107: 5-14 | AB107: 15 & above
X108: 6H | Y108: 0 | AA108: 0 | AB108: 0
X109: 3HR | Y109: 0 | AA109: 0 | AB109: 0
X110: 3 HP | Y110: 0 | AA110: 0 | AB110: 0
A112: Block 5 : Bacteriologically Confermid TB Cases with DST Result | N112: Block 6 : Contact Tracing HH *
G113: Rifampicin | I113: Isoniazid | K113: Fluoroquninolone | N113: Total No. of HH of B+ PTB | Q113: No. of HH contacts of B+ PTB Cases Screened | T113: Amoung HH contact screened, No. of TB Cases diagnosed | W113: No. of HH Contacts Initiated on TPT | AA113: HIV negative Immuno compromised on TPT
G114: Result | H114: Resistant | I114: Result | J114: Resistant | K114: Result | L114: Resistant | N114: 0-4 | O114: 5-14 | P114: 15 + | Q114: 0-4 | R114: 5-14 | S114: 15 + | T114: 0-4 | U114: 5-14 | V114: 15 + | X114: 0-4 | Y114: 5-14 | Z114: 15+ | AA114: 0-4 | AB114: 5-14 | AC114: 15+
A115: New + UK | G115: 18 | H115: 0 | I115: 0 | J115: 0 | K115: 0 | L115: 0 | N115: 0 | O115: 60 | P115: 233 | Q115: 0 | R115: 18 | S115: 90 | T115: 0 | U115: 0 | V115: 14 | W115: 6H | X115: 0 | Y115: 0 | Z115: 0 | AA115: 0 | AB115: 0 | AC115: 0
A116: Relapse | G116: 1 | H116: 0 | I116: 0 | J116: 0 | K116: 0 | L116: 0 | W116: 3HR | X116: 0 | Y116: 0 | Z116: 0 | AA116: 0 | AB116: 0 | AC116: 0
...

Sheet All Project Total - 2024
A2: QUARTERLY REPORT ON TB CASES REGISTRATION
A3: INDIVIDUAL/CONSOLIDATED (TICK ONE) | Y3: TB - 07
A4: Name of TB Care Facility (BMU) : | E4: All Project Total | I4: District : | K4: __________________ | M4: Central : | O4: CONSOLIDATED | T4: Patients registered during | Y4: 1st Quarter | AB4: of Year 2024
A6: Name of TB Coodinator/Facility incharge : | H6: ___________________________________________________ | T6: Date of completion of this form : | Z6: _______________________
A8: Block 1: | K8: New (N) | M8: Relapse ® | O8: Previous Treatment History Unknown (UK) | R8: N+R+UK | U8: Previously treated ( Excluding Relapse) | AB8: Total
A9: All TB Cases Registered | U9: Treatment after failure | X9: Treatment after lost to follow-up | Z9: Other previously treated
A11: Pulmonary, Bacteriologically Confermid | K11: =SUM(MPR!K11+KARACHI!K11+SINDH!K11+'GILGIT BALTISTAN'!K11+'AZAD KHASHMIR'!K11+'KHYBER PAKHTUNKHWA'!K11) -> 955 | M11: =SUM(MPR!M11+KARACHI!M11+SINDH!M11+'GILGIT BALTISTAN'!M11+'AZAD KHASHMIR'!M11+'KHYBER PAKHTUNKHWA'!M11) -> 88 | O11: =MPR!O11+KARACHI!O11+SINDH!O11+'GILGIT BALTISTAN'!O11:Q11+'AZAD KHASHMIR'!O11:Q11+'KHYBER PAKHTUNKHWA'!O11:Q11 -> 4 | R11: =SUM(K11+M11+O11) -> 1047 | U11: =MPR!U11+KARACHI!U11+SINDH!U11+'GILGIT BALTISTAN'!U11:W11+'AZAD KHASHMIR'!U11:W11+'KHYBER PAKHTUNKHWA'!U11:W11 -> 1 | X11: =MPR!X11+KARACHI!X11+SINDH!X11+'GILGIT BALTISTAN'!X11:Y11+'AZAD KHASHMIR'!X11:Y11+'KHYBER PAKHTUNKHWA'!X11:Y11 -> 3 | Z11: =MPR!Z11+KARACHI!Z11+SINDH!Z11+'GILGIT BALTISTAN'!Z11:AA11+'AZAD KHASHMIR'!Z11:AA11+'KHYBER PAKHTUNKHWA'!Z11:AA11 -> 4 | AB11: =SUM(K11+M11+O11+U11+X11+Z11) -> 1055
A12: Pulmonary , Clinically Diagnosed | K12: =SUM(MPR!K12+KARACHI!K12+SINDH!K12+'GILGIT BALTISTAN'!K12+'AZAD KHASHMIR'!K12+'KHYBER PAKHTUNKHWA'!K12) -> 1085 | M12: =SUM(MPR!M12+KARACHI!M12+SINDH!M12+'GILGIT BALTISTAN'!M12+'AZAD KHASHMIR'!M12+'KHYBER PAKHTUNKHWA'!M12) -> 51 | O12: =MPR!O12+KARACHI!O12+SINDH!O12+'GILGIT BALTISTAN'!O12:Q12+'AZAD KHASHMIR'!O12:Q12+'KHYBER PAKHTUNKHWA'!O12:Q12 -> 5 | R12: =SUM(K12+M12+O12) -> 1141 | U12: =MPR!U12+KARACHI!U12+SINDH!U12+'GILGIT BALTISTAN'!U12:W12+'AZAD KHASHMIR'!U12:W12+'KHYBER PAKHTUNKHWA'!U12:W12 -> 0 | X12: =MPR!X12+KARACHI!X12+SINDH!X12+'GILGIT BALTISTAN'!X12:Y12+'AZAD KHASHMIR'!X12:Y12+'KHYBER PAKHTUNKHWA'!X12:Y12 -> 1 | Z12: =MPR!Z12+KARACHI!Z12+SINDH!Z12+'GILGIT BALTISTAN'!Z12:AA12+'AZAD KHASHMIR'!Z12:AA12+'KHYBER PAKHTUNKHWA'!Z12:AA12 -> 8 | AB12: =SUM(K12+M12+O12+U12+X12+Z12) -> 1150
A13: Extra Pulmonary, Bacteriologically Confermid | K13: =SUM(MPR!K13+KARACHI!K13+SINDH!K13+'GILGIT BALTISTAN'!K13+'AZAD KHASHMIR'!K13+'KHYBER PAKHTUNKHWA'!K13) -> 3 | M13: =SUM(MPR!M13+KARACHI!M13+SINDH!M13+'GILGIT BALTISTAN'!M13+'AZAD KHASHMIR'!M13+'KHYBER PAKHTUNKHWA'!M13) -> 0 | O13: =MPR!O13+KARACHI!O13+SINDH!O13+'GILGIT BALTISTAN'!O13:Q13+'AZAD KHASHMIR'!O13:Q13+'KHYBER PAKHTUNKHWA'!O13:Q13 -> 0 | R13: =SUM(K13+M13+O13) -> 3 | U13: =MPR!U13+KARACHI!U13+SINDH!U13+'GILGIT BALTISTAN'!U13:W13+'AZAD KHASHMIR'!U13:W13+'KHYBER PAKHTUNKHWA'!U13:W13 -> 0 | X13: =MPR!X13+KARACHI!X13+SINDH!X13+'GILGIT BALTISTAN'!X13:Y13+'AZAD KHASHMIR'!X13:Y13+'KHYBER PAKHTUNKHWA'!X13:Y13 -> 0 | Z13: =MPR!Z13+KARACHI!Z13+SINDH!Z13+'GILGIT BALTISTAN'!Z13:AA13+'AZAD KHASHMIR'!Z13:AA13+'KHYBER PAKHTUNKHWA'!Z13:AA13 -> 0 | AB13: =SUM(K13+M13+O13+U13+X13+Z13) -> 3
A14: Extra Pulmonary , Clinically Diagnosed | K14: =SUM(MPR!K14+KARACHI!K14+SINDH!K14+'GILGIT BALTISTAN'!K14+'AZAD KHASHMIR'!K14+'KHYBER PAKHTUNKHWA'!K14) -> 646 | M14: =SUM(MPR!M14+KARACHI!M14+SINDH!M14+'GILGIT BALTISTAN'!M14+'AZAD KHASHMIR'!M14+'KHYBER PAKHTUNKHWA'!M14) -> 9 | O14: =MPR!O14+KARACHI!O14+SINDH!O14+'GILGIT BALTISTAN'!O14:Q14+'AZAD KHASHMIR'!O14:Q14+'KHYBER PAKHTUNKHWA'!O14:Q14 -> 1 | R14: =SUM(K14+M14+O14) -> 656 | U14: =MPR!U14+KARACHI!U14+SINDH!U14+'GILGIT BALTISTAN'!U14:W14+'AZAD KHASHMIR'!U14:W14+'KHYBER PAKHTUNKHWA'!U14:W14 -> 0 | X14: =MPR!X14+KARACHI!X14+SINDH!X14+'GILGIT BALTISTAN'!X14:Y14+'AZAD KHASHMIR'!X14:Y14+'KHYBER PAKHTUNKHWA'!X14:Y14 -> 0 | Z14: =MPR!Z14+KARACHI!Z14+SINDH!Z14+'GILGIT BALTISTAN'!Z14:AA14+'AZAD KHASHMIR'!Z14:AA14+'KHYBER PAKHTUNKHWA'!Z14:AA14 -> 12 | AB14: =SUM(K14+M14+O14+U14+X14+Z14) -> 668
A15: Total | K15: =SUM(K11:L14) -> 2689 | M15: =SUM(M11:N14) -> 148 | O15: =SUM(O11:Q14) -> 10 | R15: =SUM(K15+M15+O15) -> 2847 | U15: =SUM(U11:W14) -> 1 | X15: =SUM(X11:Y14) -> 4 | Z15: =SUM(Z11:AA14) -> 24 | AB15: =SUM(K15+M15+O15+U15+X15+Z15) -> 2876
A16: Block 2: All New, Relapse and previous treatment history unknown Cases registered during the period by Age Group and Gender
K17: 0-4 | M17: 5-14 | O17: 15-24 | Q17: 25-34 | S17: 35-44 | U17: 45-54 | W17: 55-64 | Y17: 65 & Above | AA17: Total | AC17: Grand Total
K18: M | L18: F | M18: M | N18: F | O18: M | P18: F | Q18: M | R18: F | S18: M | T18: F | U18: M | V18: F | W18: M | X18: F | Y18: M | Z18: F | AA18: M | AB18: F
A19: Pulmonary, Bacteriologically Confermid | K19: =MPR!K19+KARACHI!K19+SINDH!K19+'GILGIT BALTISTAN'!K19+'AZAD KHASHMIR'!K19+'KHYBER PAKHTUNKHWA'!K19 -> 5 | L19: =MPR!L19+KARACHI!L19+SINDH!L19+'GILGIT BALTISTAN'!L19+'AZAD KHASHMIR'!L19+'KHYBER PAKHTUNKHWA'!L19 -> 2 | M19: =MPR!M19+KARACHI!M19+SINDH!M19+'GILGIT BALTISTAN'!M19+'AZAD KHASHMIR'!M19+'KHYBER PAKHTUNKHWA'!M19 -> 9 | N19: =MPR!N19+KARACHI!N19+SINDH!N19+'GILGIT BALTISTAN'!N19+'AZAD KHASHMIR'!N19+'KHYBER PAKHTUNKHWA'!N19 -> 28 | O19: =MPR!O19+KARACHI!O19+SINDH!O19+'GILGIT BALTISTAN'!O19+'AZAD KHASHMIR'!O19+'KHYBER PAKHTUNKHWA'!O19 -> 91 | P19: =MPR!P19+KARACHI!P19+SINDH!P19+'GILGIT BALTISTAN'!P19+'AZAD KHASHMIR'!P19+'KHYBER PAKHTUNKHWA'!P19 -> 132 | Q19: =MPR!Q19+KARACHI!Q19+SINDH!Q19+'GILGIT BALTISTAN'!Q19+'AZAD KHASHMIR'!Q19+'KHYBER PAKHTUNKHWA'!Q19 -> 84 | R19: =MPR!R19+KARACHI!R19+SINDH!R19+'GILGIT BALTISTAN'!R19+'AZAD KHASHMIR'!R19+'KHYBER PAKHTUNKHWA'!R19 -> 61 | ... Z19: =MPR!Z19+KARACHI!Z19+SINDH!Z19+'GILGIT BALTISTAN'!Z19+'AZAD KHASHMIR'!Z19+'KHYBER PAKHTUNKHWA'!Z19 -> 98 | AA19: =SUM(K19+M19+O19+Q19+S19+U19+W19+Y19) -> 532 | AB19: =SUM(L19+N19+P19+R19+T19+V19+X19+Z19) -> 515 | AC19: =SUM(AA19:AB19) -> 1047
A20: Pulmonary , Clinically Diagnosed | K20: =MPR!K20+KARACHI!K20+SINDH!K20+'GILGIT BALTISTAN'!K20+'AZAD KHASHMIR'!K20+'KHYBER PAKHTUNKHWA'!K20 -> 146 | L20: =MPR!L20+KARACHI!L20+SINDH!L20+'GILGIT BALTISTAN'!L20+'AZAD KHASHMIR'!L20+'KHYBER PAKHTUNKHWA'!L20 -> 126 | M20: =MPR!M20+KARACHI!M20+SINDH!M20+'GILGIT BALTISTAN'!M20+'AZAD KHASHMIR'!M20+'KHYBER PAKHTUNKHWA'!M20 -> 43 | N20: =MPR!N20+KARACHI!N20+SINDH!N20+'GILGIT BALTISTAN'!N20+'AZAD KHASHMIR'!N20+'KHYBER PAKHTUNKHWA'!N20 -> 59 | O20: =MPR!O20+KARACHI!O20+SINDH!O20+'GILGIT BALTISTAN'!O20+'AZAD KHASHMIR'!O20+'KHYBER PAKHTUNKHWA'!O20 -> 63 | P20: =MPR!P20+KARACHI!P20+SINDH!P20+'GILGIT BALTISTAN'!P20+'AZAD KHASHMIR'!P20+'KHYBER PAKHTUNKHWA'!P20 -> 77 | Q20: =MPR!Q20+KARACHI!Q20+SINDH!Q20+'GILGIT BALTISTAN'!Q20+'AZAD KHASHMIR'!Q20+'KHYBER PAKHTUNKHWA'!Q20 -> 64 | R20: =MPR!R20+KARACHI!R20+SINDH!R20+'GILGIT BALTISTAN'!R20+'AZAD KHASHMIR'!R20+'KHYBER PAKHTUNKHWA'!R20 -> 78 | ... Z20: =MPR!Z20+KARACHI!Z20+SINDH!Z20+'GILGIT BALTISTAN'!Z20+'AZAD KHASHMIR'!Z20+'KHYBER PAKHTUNKHWA'!Z20 -> 71 | AA20: =SUM(K20+M20+O20+Q20+S20+U20+W20+Y20) -> 579 | AB20: =SUM(L20+N20+P20+R20+T20+V20+X20+Z20) -> 562 | AC20: =SUM(AA20:AB20) -> 1141
A21: Extra Pulmonary, Bacteriologically Confermid | K21: =MPR!K21+KARACHI!K21+SINDH!K21+'GILGIT BALTISTAN'!K21+'AZAD KHASHMIR'!K21+'KHYBER PAKHTUNKHWA'!K21 -> 0 | L21: =MPR!L21+KARACHI!L21+SINDH!L21+'GILGIT BALTISTAN'!L21+'AZAD KHASHMIR'!L21+'KHYBER PAKHTUNKHWA'!L21 -> 0 | M21: =MPR!M21+KARACHI!M21+SINDH!M21+'GILGIT BALTISTAN'!M21+'AZAD KHASHMIR'!M21+'KHYBER PAKHTUNKHWA'!M21 -> 0 | N21: =MPR!N21+KARACHI!N21+SINDH!N21+'GILGIT BALTISTAN'!N21+'AZAD KHASHMIR'!N21+'KHYBER PAKHTUNKHWA'!N21 -> 0 | O21: =MPR!O21+KARACHI!O21+SINDH!O21+'GILGIT BALTISTAN'!O21+'AZAD KHASHMIR'!O21+'KHYBER PAKHTUNKHWA'!O21 -> 0 | P21: =MPR!P21+KARACHI!P21+SINDH!P21+'GILGIT BALTISTAN'!P21+'AZAD KHASHMIR'!P21+'KHYBER PAKHTUNKHWA'!P21 -> 1 | Q21: =MPR!Q21+KARACHI!Q21+SINDH!Q21+'GILGIT BALTISTAN'!Q21+'AZAD KHASHMIR'!Q21+'KHYBER PAKHTUNKHWA'!Q21 -> 0 | R21: =MPR!R21+KARACHI!R21+SINDH!R21+'GILGIT BALTISTAN'!R21+'AZAD KHASHMIR'!R21+'KHYBER PAKHTUNKHWA'!R21 -> 0 | ... Z21: =MPR!Z21+KARACHI!Z21+SINDH!Z21+'GILGIT BALTISTAN'!Z21+'AZAD KHASHMIR'!Z21+'KHYBER PAKHTUNKHWA'!Z21 -> 1 | AA21: =SUM(K21+M21+O21+Q21+S21+U21+W21+Y21) -> 0 | AB21: =SUM(L21+N21+P21+R21+T21+V21+X21+Z21) -> 3 | AC21: =SUM(AA21:AB21) -> 3
A22: Extra Pulmonary , Clinically Diagnosed | K22: =MPR!K22+KARACHI!K22+SINDH!K22+'GILGIT BALTISTAN'!K22+'AZAD KHASHMIR'!K22+'KHYBER PAKHTUNKHWA'!K22 -> 28 | L22: =MPR!L22+KARACHI!L22+SINDH!L22+'GILGIT BALTISTAN'!L22+'AZAD KHASHMIR'!L22+'KHYBER PAKHTUNKHWA'!L22 -> 17 | M22: =MPR!M22+KARACHI!M22+SINDH!M22+'GILGIT BALTISTAN'!M22+'AZAD KHASHMIR'!M22+'KHYBER PAKHTUNKHWA'!M22 -> 26 | N22: =MPR!N22+KARACHI!N22+SINDH!N22+'GILGIT BALTISTAN'!N22+'AZAD KHASHMIR'!N22+'KHYBER PAKHTUNKHWA'!N22 -> 33 | O22: =MPR!O22+KARACHI!O22+SINDH!O22+'GILGIT BALTISTAN'!O22+'AZAD KHASHMIR'!O22+'KHYBER PAKHTUNKHWA'!O22 -> 72 | P22: =MPR!P22+KARACHI!P22+SINDH!P22+'GILGIT BALTISTAN'!P22+'AZAD KHASHMIR'!P22+'KHYBER PAKHTUNKHWA'!P22 -> 68 | Q22: =MPR!Q22+KARACHI!Q22+SINDH!Q22+'GILGIT BALTISTAN'!Q22+'AZAD KHASHMIR'!Q22+'KHYBER PAKHTUNKHWA'!Q22 -> 60 | R22: =MPR!R22+KARACHI!R22+SINDH!R22+'GILGIT BALTISTAN'!R22+'AZAD KHASHMIR'!R22+'KHYBER PAKHTUNKHWA'!R22 -> 50 | ... Z22: =MPR!Z22+KARACHI!Z22+SINDH!Z22+'GILGIT BALTISTAN'!Z22+'AZAD KHASHMIR'!Z22+'KHYBER PAKHTUNKHWA'!Z22 -> 31 | AA22: =SUM(K22+M22+O22+Q22+S22+U22+W22+Y22) -> 363 | AB22: =SUM(L22+N22+P22+R22+T22+V22+X22+Z22) -> 293 | AC22: =SUM(AA22:AB22) -> 656
A23: Total | K23: =SUM(K19:K22) -> 179 | L23: =SUM(L19:L22) -> 145 | M23: =SUM(M19:M22) -> 78 | N23: =SUM(N19:N22) -> 120 | O23: =SUM(O19:O22) -> 226 | P23: =SUM(P19:P22) -> 278 | Q23: =SUM(Q19:Q22) -> 208 | R23: =SUM(R19:R22) -> 189 | ... AB23: =SUM(AB19:AB22) -> 1373 | AC23: =SUM(AA23:AB23) -> 2847
A25: Block 3: Presumptive TB Cases Identified Laboratory Diagnosis and use of WRD | N25: Block 4 : TB HIV Activities
A26: Total New OPD in Quarter | B26: No. of presumptive TB cases identified | D26: No. of Presumptive TB Patients tested Using | G26: Among Presumptive TB cases tested number reported B+ | K26: Among all registered number of B+ TB Cases | L26: Amoung All (N+R+UK) number tested by Gene Xpert | N26: No. of TB patients tested for HIV | Q26: TB Patients tested positive for HIV | T26: HIV positive TB Patients put on ART
B27: Total | C27: Through Community Referrals (LHWs) | D27: AFB | E27: Xp & AFB | F27: XP | G27: AFB | H27: AFB + Xpert | I27: Xpert | J27: G.Tot | N27: =MPR!N27+KARACHI!N27+SINDH!N27+'GILGIT BALTISTAN'!N27:P27+'AZAD KHASHMIR'!N27:P27+'KHYBER PAKHTUNKHWA'!N27:P27 -> 219 | Q27: =MPR!Q27+KARACHI!Q27+SINDH!Q27+'GILGIT BALTISTAN'!Q27:S27+'AZAD KHASHMIR'!Q27:S27+'KHYBER PAKHTUNKHWA'!Q27:S27 -> 3 | T27: =MPR!T27+KARACHI!T27+SINDH!T27+'GILGIT BALTISTAN'!T27:AC27+'AZAD KHASHMIR'!T27:AC27+'KHYBER PAKHTUNKHWA'!T27:AC27 -> 3
A28: =MPR!A28+KARACHI!A28+SINDH!A28+'GILGIT BALTISTAN'!A28:A32+'AZAD KHASHMIR'!A28:A32+'KHYBER PAKHTUNKHWA'!A28:A32 -> 470126 | B28: =MPR!B28+KARACHI!B28+SINDH!B28+'GILGIT BALTISTAN'!B28:B32+'AZAD KHASHMIR'!B28:B32+'KHYBER PAKHTUNKHWA'!B28:B32 -> 14463 | C28: =MPR!C28+KARACHI!C28+SINDH!C28+'GILGIT BALTISTAN'!C28:C32+'AZAD KHASHMIR'!C28:C32+'KHYBER PAKHTUNKHWA'!C28:C32 -> 2605 | D28: =MPR!D28+KARACHI!D28+SINDH!D28+'GILGIT BALTISTAN'!D28:D32+'AZAD KHASHMIR'!D28:D32+'KHYBER PAKHTUNKHWA'!D28:D32 -> 6749 | E28: =MPR!E28+KARACHI!E28+SINDH!E28+'GILGIT BALTISTAN'!E28:E32+'AZAD KHASHMIR'!E28:E32+'KHYBER PAKHTUNKHWA'!E28:E32 -> 1068 | F28: =MPR!F28+KARACHI!F28+SINDH!F28+'GILGIT BALTISTAN'!F28:F32+'AZAD KHASHMIR'!F28:F32+'KHYBER PAKHTUNKHWA'!F28:F32 -> 7423 | G28: =MPR!G28+KARACHI!G28+SINDH!G28+'GILGIT BALTISTAN'!G28:G32+'AZAD KHASHMIR'!G28:G32+'KHYBER PAKHTUNKHWA'!G28:G32 -> 830 | H28: =MPR!H28+KARACHI!H28+SINDH!H28+'GILGIT BALTISTAN'!H28:H32+'AZAD KHASHMIR'!H28:H32+'KHYBER PAKHTUNKHWA'!H28:H32 -> 94 | I28: =MPR!I28+KARACHI!I28+SINDH!I28+'GILGIT BALTISTAN'!I28:I32+'AZAD KHASHMIR'!I28:I32+'KHYBER PAKHTUNKHWA'!I28:I32 -> 123 | J28: =SUM(G28:I32) -> 1047 | K28: =MPR!K28+KARACHI!K28+SINDH!K28+'GILGIT BALTISTAN'!K28:K32+'AZAD KHASHMIR'!K28:K32+'KHYBER PAKHTUNKHWA'!K28:K32 -> 1022 | L28: =MPR!L28+KARACHI!L28+SINDH!L28+'GILGIT BALTISTAN'!L28:L32+'AZAD KHASHMIR'!L28:L32+'KHYBER PAKHTUNKHWA'!L28:L32 -> 1505 | N28: HIV patient tested for TB | Q28: HIV patients tested positive for TB | T28: TB positive HIV patients put on TB Tx | X28: HIV positive TB -Ve patients on TPT
N29: =MPR!N29+KARACHI!N29+SINDH!N29+'GILGIT BALTISTAN'!N29:P32+'AZAD KHASHMIR'!N29:P32+'KHYBER PAKHTUNKHWA'!N29:P32 -> 0 | Q29: =MPR!Q29+KARACHI!Q29+SINDH!Q29+'GILGIT BALTISTAN'!Q29:S32+'AZAD KHASHMIR'!Q29:S32+'KHYBER PAKHTUNKHWA'!Q29:S32 -> 0 | T29: =MPR!T29+KARACHI!T29+SINDH!T29+'GILGIT BALTISTAN'!T29:W32+'AZAD KHASHMIR'!T29:W32+'KHYBER PAKHTUNKHWA'!T29:W32 -> 0 | Y29: 0-4 | AA29: 5-14 | AB29: 15 & above
X30: 6H | Y30: =MPR!Y30+KARACHI!Y30+SINDH!Y30+'GILGIT BALTISTAN'!Y30:Z30+'AZAD KHASHMIR'!Y30:Z30+'KHYBER PAKHTUNKHWA'!Y30:Z30 -> 0 | AA30: =MPR!AA30+KARACHI!AA30+SINDH!AA30+'GILGIT BALTISTAN'!AA30+'AZAD KHASHMIR'!AA30+'KHYBER PAKHTUNKHWA'!AA30 -> 0 | AB30: =MPR!AB30+KARACHI!AB30+SINDH!AB30+'GILGIT BALTISTAN'!AB30:AC30+'AZAD KHASHMIR'!AB30:AC30+'KHYBER PAKHTUNKHWA'!AB30:AC30 -> 0
X31: 3HR | Y31: =MPR!Y31+KARACHI!Y31+SINDH!Y31+'GILGIT BALTISTAN'!Y31:Z31+'AZAD KHASHMIR'!Y31:Z31+'KHYBER PAKHTUNKHWA'!Y31:Z31 -> 0 | AA31: =MPR!AA31+KARACHI!AA31+SINDH!AA31+'GILGIT BALTISTAN'!AA31+'AZAD KHASHMIR'!AA31+'KHYBER PAKHTUNKHWA'!AA31 -> 0 | AB31: =MPR!AB31+KARACHI!AB31+SINDH!AB31+'GILGIT BALTISTAN'!AB31:AC31+'AZAD KHASHMIR'!AB31:AC31+'KHYBER PAKHTUNKHWA'!AB31:AC31 -> 0
X32: 3 HP | Y32: =MPR!Y32+KARACHI!Y32+SINDH!Y32+'GILGIT BALTISTAN'!Y32:Z32+'AZAD KHASHMIR'!Y32:Z32+'KHYBER PAKHTUNKHWA'!Y32:Z32 -> 0 | AA32: =MPR!AA32+KARACHI!AA32+SINDH!AA32+'GILGIT BALTISTAN'!AA32+'AZAD KHASHMIR'!AA32+'KHYBER PAKHTUNKHWA'!AA32 -> 0 | AB32: =MPR!AB32+KARACHI!AB32+SINDH!AB32+'GILGIT BALTISTAN'!AB32:AC32+'AZAD KHASHMIR'!AB32:AC32+'KHYBER PAKHTUNKHWA'!AB32:AC32 -> 0
A34: Block 5 : Bacteriologically Confermid TB Cases with DST Result | N34: Block 6 : Contact Tracing HH *
G35: Rifampicin | I35: Isoniazid | K35: Fluoroquninolone | N35: Total No. of HH of B+ PTB | Q35: No. of HH contacts of B+ PTB Cases Screened | T35: Amoung HH contact screened, No. of TB Cases diagnosed | W35: No. of HH Contacts Initiated on TPT | AA35: HIV negative Immuno compromised on TPT
G36: Result | H36: Resistant | I36: Result | J36: Resistant | K36: Result | L36: Resistant | N36: 0-4 | O36: 5-14 | P36: 15 + | Q36: 0-4 | R36: 5-14 | S36: 15 + | T36: 0-4 | U36: 5-14 | V36: 15 + | X36: 0-4 | Y36: 5-14 | Z36: 15+ | AA36: 0-4 | AB36: 5-14 | AC36: 15+
A37: New + UK | G37: =MPR!G37+KARACHI!G37+SINDH!G37+'GILGIT BALTISTAN'!G37+'AZAD KHASHMIR'!G37+'KHYBER PAKHTUNKHWA'!G37 -> 925 | H37: =MPR!H37+KARACHI!H37+SINDH!H37+'GILGIT BALTISTAN'!H37+'AZAD KHASHMIR'!H37+'KHYBER PAKHTUNKHWA'!H37 -> 2 | I37: =MPR!I37+KARACHI!I37+SINDH!I37+'GILGIT BALTISTAN'!I37+'AZAD KHASHMIR'!I37+'KHYBER PAKHTUNKHWA'!I37 -> 0 | J37: =MPR!J37+KARACHI!J37+SINDH!J37+'GILGIT BALTISTAN'!J37+'AZAD KHASHMIR'!J37+'KHYBER PAKHTUNKHWA'!J37 -> 0 | K37: =MPR!K37+KARACHI!K37+SINDH!K37+'GILGIT BALTISTAN'!K37+'AZAD KHASHMIR'!K37+'KHYBER PAKHTUNKHWA'!K37 -> 0 | L37: =MPR!L37+KARACHI!L37+SINDH!L37+'GILGIT BALTISTAN'!L37+'AZAD KHASHMIR'!L37+'KHYBER PAKHTUNKHWA'!L37 -> 0 | N37: =MPR!N37+KARACHI!N37+SINDH!N37+'GILGIT BALTISTAN'!N37:N40+'AZAD KHASHMIR'!N37:N40+'KHYBER PAKHTUNKHWA'!N37:N40 -> 80 | O37: =MPR!O37+KARACHI!O37+SINDH!O37+'GILGIT BALTISTAN'!O37:O40+'AZAD KHASHMIR'!O37:O40+'KHYBER PAKHTUNKHWA'!O37:O40 -> 1332 | P37: =MPR!P37+KARACHI!P37+SINDH!P37+'GILGIT BALTISTAN'!P37:P40+'AZAD KHASHMIR'!P37:P40+'KHYBER PAKHTUNKHWA'!P37:P40 -> 5042 | Q37: =MPR!Q37+KARACHI!Q37+SINDH!Q37+'GILGIT BALTISTAN'!Q37:Q40+'AZAD KHASHMIR'!Q37:Q40+'KHYBER PAKHTUNKHWA'!Q37:Q40 -> 29 | R37: =MPR!R37+KARACHI!R37+SINDH!R37+'GILGIT BALTISTAN'!R37:R40+'AZAD KHASHMIR'!R37:R40+'KHYBER PAKHTUNKHWA'!R37:R40 -> 727 | S37: =MPR!S37+KARACHI!S37+SINDH!S37+'GILGIT BALTISTAN'!S37:S40+'AZAD KHASHMIR'!S37:S40+'KHYBER PAKHTUNKHWA'!S37:S40 -> 4035 | T37: =MPR!T37+KARACHI!T37+SINDH!T37+'GILGIT BALTISTAN'!T37:T40+'AZAD KHASHMIR'!T37:T40+'KHYBER PAKHTUNKHWA'!T37:T40 -> 1 | U37: =MPR!U37+KARACHI!U37+SINDH!U37+'GILGIT BALTISTAN'!U37:U40+'AZAD KHASHMIR'!U37:U40+'KHYBER PAKHTUNKHWA'!U37:U40 -> 44 | V37: =MPR!V37+KARACHI!V37+SINDH!V37+'GILGIT BALTISTAN'!V37:V40+'AZAD KHASHMIR'!V37:V40+'KHYBER PAKHTUNKHWA'!V37:V40 -> 144 | W37: 6H | X37: =MPR!X37+KARACHI!X37+SINDH!X37+'GILGIT BALTISTAN'!X37+'AZAD KHASHMIR'!X37+'KHYBER PAKHTUNKHWA'!X37 -> 1 | Y37: =MPR!Y37+KARACHI!Y37+SINDH!Y37+'GILGIT BALTISTAN'!Y37+'AZAD KHASHMIR'!Y37+'KHYBER PAKHTUNKHWA'!Y37 -> 8 | Z37: =MPR!Z37+KARACHI!Z37+SINDH!Z37+'GILGIT BALTISTAN'!Z37+'AZAD KHASHMIR'!Z37+'KHYBER PAKHTUNKHWA'!Z37 -> 13 | AA37: =MPR!AA37+KARACHI!AA37+SINDH!AA37+'GILGIT BALTISTAN'!AA37+'AZAD KHASHMIR'!AA37+'KHYBER PAKHTUNKHWA'!AA37 -> 0 | AB37: =MPR!AB37+KARACHI!AB37+SINDH!AB37+'GILGIT BALTISTAN'!AB37+'AZAD KHASHMIR'!AB37+'KHYBER PAKHTUNKHWA'!AB37 -> 0 | AC37: =MPR!AC37+KARACHI!AC37+SINDH!AC37+'GILGIT BALTISTAN'!AC37+'AZAD KHASHMIR'!AC37+'KHYBER PAKHTUNKHWA'!AC37 -> 0
A38: Relapse | G38: =MPR!G38+KARACHI!G38+SINDH!G38+'GILGIT BALTISTAN'!G38+'AZAD KHASHMIR'!G38+'KHYBER PAKHTUNKHWA'!G38 -> 30 | H38: =MPR!H38+KARACHI!H38+SINDH!H38+'GILGIT BALTISTAN'!H38+'AZAD KHASHMIR'!H38+'KHYBER PAKHTUNKHWA'!H38 -> 0 | I38: =MPR!I38+KARACHI!I38+SINDH!I38+'GILGIT BALTISTAN'!I38+'AZAD KHASHMIR'!I38+'KHYBER PAKHTUNKHWA'!I38 -> 0 | J38: =MPR!J38+KARACHI!J38+SINDH!J38+'GILGIT BALTISTAN'!J38+'AZAD KHASHMIR'!J38+'KHYBER PAKHTUNKHWA'!J38 -> 0 | K38: =MPR!K38+KARACHI!K38+SINDH!K38+'GILGIT BALTISTAN'!K38+'AZAD KHASHMIR'!K38+'KHYBER PAKHTUNKHWA'!K38 -> 0 | L38: =MPR!L38+KARACHI!L38+SINDH!L38+'GILGIT BALTISTAN'!L38+'AZAD KHASHMIR'!L38+'KHYBER PAKHTUNKHWA'!L38 -> 0 | W38: 3HR | X38: =MPR!X38+KARACHI!X38+SINDH!X38+'GILGIT BALTISTAN'!X38+'AZAD KHASHMIR'!X38+'KHYBER PAKHTUNKHWA'!X38 -> 0 | Y38: =MPR!Y38+KARACHI!Y38+SINDH!Y38+'GILGIT BALTISTAN'!Y38+'AZAD KHASHMIR'!Y38+'KHYBER PAKHTUNKHWA'!Y38 -> 0 | Z38: =MPR!Z38+KARACHI!Z38+SINDH!Z38+'GILGIT BALTISTAN'!Z38+'AZAD KHASHMIR'!Z38+'KHYBER PAKHTUNKHWA'!Z38 -> 11 | AA38: =MPR!AA38+KARACHI!AA38+SINDH!AA38+'GILGIT BALTISTAN'!AA38+'AZAD KHASHMIR'!AA38+'KHYBER PAKHTUNKHWA'!AA38 -> 0 | AB38: =MPR!AB38+KARACHI!AB38+SINDH!AB38+'GILGIT BALTISTAN'!AB38+'AZAD KHASHMIR'!AB38+'KHYBER PAKHTUNKHWA'!AB38 -> 0 | AC38: =MPR!AC38+KARACHI!AC38+SINDH!AC38+'GILGIT BALTISTAN'!AC38+'AZAD KHASHMIR'!AC38+'KHYBER PAKHTUNKHWA'!AC38 -> 0
A39: Previously treated | G39: =MPR!G39+KARACHI!G39+SINDH!G39+'GILGIT BALTISTAN'!G39+'AZAD KHASHMIR'!G39+'KHYBER PAKHTUNKHWA'!G39 -> 3 | H39: =MPR!H39+KARACHI!H39+SINDH!H39+'GILGIT BALTISTAN'!H39+'AZAD KHASHMIR'!H39+'KHYBER PAKHTUNKHWA'!H39 -> 1 | I39: =MPR!I39+KARACHI!I39+SINDH!I39+'GILGIT BALTISTAN'!I39+'AZAD KHASHMIR'!I39+'KHYBER PAKHTUNKHWA'!I39 -> 0 | J39: =MPR!J39+KARACHI!J39+SINDH!J39+'GILGIT BALTISTAN'!J39+'AZAD KHASHMIR'!J39+'KHYBER PAKHTUNKHWA'!J39 -> 0 | K39: =MPR!K39+KARACHI!K39+SINDH!K39+'GILGIT BALTISTAN'!K39+'AZAD KHASHMIR'!K39+'KHYBER PAKHTUNKHWA'!K39 -> 0 | L39: =MPR!L39+KARACHI!L39+SINDH!L39+'GILGIT BALTISTAN'!L39+'AZAD KHASHMIR'!L39+'KHYBER PAKHTUNKHWA'!L39 -> 0 | W39: 3 HP | X39: =MPR!X39+KARACHI!X39+SINDH!X39+'GILGIT BALTISTAN'!X39:X40+'AZAD KHASHMIR'!X39:X40+'KHYBER PAKHTUNKHWA'!X39:X40 -> 0 | Y39: =MPR!Y39+KARACHI!Y39+SINDH!Y39+'GILGIT BALTISTAN'!Y39:Y40+'AZAD KHASHMIR'!Y39:Y40+'KHYBER PAKHTUNKHWA'!Y39:Y40 -> 8 | Z39: =MPR!Z39+KARACHI!Z39+SINDH!Z39+'GILGIT BALTISTAN'!Z39:Z40+'AZAD KHASHMIR'!Z39:Z40+'KHYBER PAKHTUNKHWA'!Z39:Z40 -> 40 | AA39: =MPR!AA39+KARACHI!AA39+SINDH!AA39+'GILGIT BALTISTAN'!AA39:AA40+'AZAD KHASHMIR'!AA39:AA40+'KHYBER PAKHTUNKHWA'!AA39:AA40 -> 0 | AB39: =MPR!AB39+KARACHI!AB39+SINDH!AB39+'GILGIT BALTISTAN'!AB39:AB40+'AZAD KHASHMIR'!AB39:AB40+'KHYBER PAKHTUNKHWA'!AB39:AB40 -> 0 | AC39: =MPR!AC39+KARACHI!AC39+SINDH!AC39+'GILGIT BALTISTAN'!AC39:AC40+'AZAD KHASHMIR'!AC39:AC40+'KHYBER PAKHTUNKHWA'!AC39:AC40 -> 0
A40: Total | G40: =SUM(G37:G39) -> 958 | H40: =SUM(H37:H39) -> 3 | I40: =SUM(I37:I39) -> 0 | J40: =SUM(J37:J39) -> 0 | K40: =SUM(K37:K39) -> 0 | L40: =SUM(L37:L39) -> 0
A41: QUARTERLY REPORT ON TB CASES REGISTRATION
A42: INDIVIDUAL/CONSOLIDATED (TICK ONE) | Y42: TB - 07
A43: Name of TB Care Facility (BMU) : | E43: =E4 -> All Project Total | I43: District : | K43: __________________ | M43: Central : | O43: CONSOLIDATED | T43: Patients registered during | Y43: 2nd Quarter | AB43: =AB4 -> of Year 2024
A45: Name of TB Coodinator/Facility incharge : | H45: ___________________________________________________ | T45: Date of completion of this form : | Z45: _______________________
A47: Block 1: | K47: New (N) | M47: Relapse ® | O47: Previous Treatment History Unknown (UK) | R47: N+R+UK | U47: Previously treated ( Excluding Relapse) | AB47: Total
A48: All TB Cases Registered | U48: Treatment after failure | X48: Treatment after lost to follow-up | Z48: Other previously treated
A50: Pulmonary, Bacteriologically Confermid | K50: =SUM(MPR!K50+KARACHI!K50+SINDH!K50+'GILGIT BALTISTAN'!K50+'AZAD KHASHMIR'!K50+'KHYBER PAKHTUNKHWA'!K50) -> 1006 | M50: =SUM(MPR!M50+KARACHI!M50+SINDH!M50+'GILGIT BALTISTAN'!M50+'AZAD KHASHMIR'!M50+'KHYBER PAKHTUNKHWA'!M50) -> 64 | O50: =MPR!O50+KARACHI!O50+SINDH!O50+'GILGIT BALTISTAN'!O50:Q50+'AZAD KHASHMIR'!O50:Q50+'KHYBER PAKHTUNKHWA'!O50:Q50 -> 4 | R50: =SUM(K50+M50+O50) -> 1074 | U50: =MPR!U50+KARACHI!U50+SINDH!U50+'GILGIT BALTISTAN'!U50:W50+'AZAD KHASHMIR'!U50:W50+'KHYBER PAKHTUNKHWA'!U50:W50 -> 1 | X50: =MPR!X50+KARACHI!X50+SINDH!X50+'GILGIT BALTISTAN'!X50:Y50+'AZAD KHASHMIR'!X50:Y50+'KHYBER PAKHTUNKHWA'!X50:Y50 -> 6 | Z50: =MPR!Z50+KARACHI!Z50+SINDH!Z50+'GILGIT BALTISTAN'!Z50:AA50+'AZAD KHASHMIR'!Z50:AA50+'KHYBER PAKHTUNKHWA'!Z50:AA50 -> 4 | AB50: =SUM(K50+M50+O50+U50+X50+Z50) -> 1085
A51: Pulmonary , Clinically Diagnosed | K51: =SUM(MPR!K51+KARACHI!K51+SINDH!K51+'GILGIT BALTISTAN'!K51+'AZAD KHASHMIR'!K51+'KHYBER PAKHTUNKHWA'!K51) -> 1428 | M51: =SUM(MPR!M51+KARACHI!M51+SINDH!M51+'GILGIT BALTISTAN'!M51+'AZAD KHASHMIR'!M51+'KHYBER PAKHTUNKHWA'!M51) -> 33 | O51: =MPR!O51+KARACHI!O51+SINDH!O51+'GILGIT BALTISTAN'!O51:Q51+'AZAD KHASHMIR'!O51:Q51+'KHYBER PAKHTUNKHWA'!O51:Q51 -> 2 | R51: =SUM(K51+M51+O51) -> 1463 | U51: =MPR!U51+KARACHI!U51+SINDH!U51+'GILGIT BALTISTAN'!U51:W51+'AZAD KHASHMIR'!U51:W51+'KHYBER PAKHTUNKHWA'!U51:W51 -> 0 | X51: =MPR!X51+KARACHI!X51+SINDH!X51+'GILGIT BALTISTAN'!X51:Y51+'AZAD KHASHMIR'!X51:Y51+'KHYBER PAKHTUNKHWA'!X51:Y51 -> 2 | Z51: =MPR!Z51+KARACHI!Z51+SINDH!Z51+'GILGIT BALTISTAN'!Z51:AA51+'AZAD KHASHMIR'!Z51:AA51+'KHYBER PAKHTUNKHWA'!Z51:AA51 -> 6 | AB51: =SUM(K51+M51+O51+U51+X51+Z51) -> 1471
A52: Extra Pulmonary, Bacteriologically Confermid | K52: =SUM(MPR!K52+KARACHI!K52+SINDH!K52+'GILGIT BALTISTAN'!K52+'AZAD KHASHMIR'!K52+'KHYBER PAKHTUNKHWA'!K52) -> 6 | M52: =SUM(MPR!M52+KARACHI!M52+SINDH!M52+'GILGIT BALTISTAN'!M52+'AZAD KHASHMIR'!M52+'KHYBER PAKHTUNKHWA'!M52) -> 1 | O52: =MPR!O52+KARACHI!O52+SINDH!O52+'GILGIT BALTISTAN'!O52:Q52+'AZAD KHASHMIR'!O52:Q52+'KHYBER PAKHTUNKHWA'!O52:Q52 -> 0 | R52: =SUM(K52+M52+O52) -> 7 | U52: =MPR!U52+KARACHI!U52+SINDH!U52+'GILGIT BALTISTAN'!U52:W52+'AZAD KHASHMIR'!U52:W52+'KHYBER PAKHTUNKHWA'!U52:W52 -> 0 | X52: =MPR!X52+KARACHI!X52+SINDH!X52+'GILGIT BALTISTAN'!X52:Y52+'AZAD KHASHMIR'!X52:Y52+'KHYBER PAKHTUNKHWA'!X52:Y52 -> 0 | Z52: =MPR!Z52+KARACHI!Z52+SINDH!Z52+'GILGIT BALTISTAN'!Z52:AA52+'AZAD KHASHMIR'!Z52:AA52+'KHYBER PAKHTUNKHWA'!Z52:AA52 -> 0 | AB52: =SUM(K52+M52+O52+U52+X52+Z52) -> 7
A53: Extra Pulmonary , Clinically Diagnosed | K53: =SUM(MPR!K53+KARACHI!K53+SINDH!K53+'GILGIT BALTISTAN'!K53+'AZAD KHASHMIR'!K53+'KHYBER PAKHTUNKHWA'!K53) -> 677 | M53: =SUM(MPR!M53+KARACHI!M53+SINDH!M53+'GILGIT BALTISTAN'!M53+'AZAD KHASHMIR'!M53+'KHYBER PAKHTUNKHWA'!M53) -> 8 | O53: =MPR!O53+KARACHI!O53+SINDH!O53+'GILGIT BALTISTAN'!O53:Q53+'AZAD KHASHMIR'!O53:Q53+'KHYBER PAKHTUNKHWA'!O53:Q53 -> 0 | R53: =SUM(K53+M53+O53) -> 685 | U53: =MPR!U53+KARACHI!U53+SINDH!U53+'GILGIT BALTISTAN'!U53:W53+'AZAD KHASHMIR'!U53:W53+'KHYBER PAKHTUNKHWA'!U53:W53 -> 0 | X53: =MPR!X53+KARACHI!X53+SINDH!X53+'GILGIT BALTISTAN'!X53:Y53+'AZAD KHASHMIR'!X53:Y53+'KHYBER PAKHTUNKHWA'!X53:Y53 -> 1 | Z53: =MPR!Z53+KARACHI!Z53+SINDH!Z53+'GILGIT BALTISTAN'!Z53:AA53+'AZAD KHASHMIR'!Z53:AA53+'KHYBER PAKHTUNKHWA'!Z53:AA53 -> 8 | AB53: =SUM(K53+M53+O53+U53+X53+Z53) -> 694
A54: Total | K54: =SUM(K50:L53) -> 3117 | M54: =SUM(M50:N53) -> 106 | O54: =SUM(O50:Q53) -> 6 | R54: =SUM(K54+M54+O54) -> 3229 | U54: =SUM(U50:W53) -> 1 | X54: =SUM(X50:Y53) -> 9 | Z54: =SUM(Z50:AA53) -> 18 | AB54: =SUM(K54+M54+O54+U54+X54+Z54) -> 3257
A55: Block 2: All New, Relapse and previous treatment history unknown Cases registered during the period by Age Group and Gender
K56: 0-4 | M56: 5-14 | O56: 15-24 | Q56: 25-34 | S56: 35-44 | U56: 45-54 | W56: 55-64 | Y56: 65 & Above | AA56: Total | AC56: Grand Total
K57: M | L57: F | M57: M | N57: F | O57: M | P57: F | Q57: M | R57: F | S57: M | T57: F | U57: M | V57: F | W57: M | X57: F | Y57: M | Z57: F | AA57: M | AB57: F
A58: Pulmonary, Bacteriologically Confermid | K58: =MPR!K58+KARACHI!K58+SINDH!K58+'GILGIT BALTISTAN'!K58+'AZAD KHASHMIR'!K58+'KHYBER PAKHTUNKHWA'!K58 -> 3 | L58: =MPR!L58+KARACHI!L58+SINDH!L58+'GILGIT BALTISTAN'!L58+'AZAD KHASHMIR'!L58+'KHYBER PAKHTUNKHWA'!L58 -> 1 | M58: =MPR!M58+KARACHI!M58+SINDH!M58+'GILGIT BALTISTAN'!M58+'AZAD KHASHMIR'!M58+'KHYBER PAKHTUNKHWA'!M58 -> 14 | N58: =MPR!N58+KARACHI!N58+SINDH!N58+'GILGIT BALTISTAN'!N58+'AZAD KHASHMIR'!N58+'KHYBER PAKHTUNKHWA'!N58 -> 28 | O58: =MPR!O58+KARACHI!O58+SINDH!O58+'GILGIT BALTISTAN'!O58+'AZAD KHASHMIR'!O58+'KHYBER PAKHTUNKHWA'!O58 -> 91 | P58: =MPR!P58+KARACHI!P58+SINDH!P58+'GILGIT BALTISTAN'!P58+'AZAD KHASHMIR'!P58+'KHYBER PAKHTUNKHWA'!P58 -> 131 | Q58: =MPR!Q58+KARACHI!Q58+SINDH!Q58+'GILGIT BALTISTAN'!Q58+'AZAD KHASHMIR'!Q58+'KHYBER PAKHTUNKHWA'!Q58 -> 88 | R58: =MPR!R58+KARACHI!R58+SINDH!R58+'GILGIT BALTISTAN'!R58+'AZAD KHASHMIR'!R58+'KHYBER PAKHTUNKHWA'!R58 -> 80 | ... Z58: =MPR!Z58+KARACHI!Z58+SINDH!Z58+'GILGIT BALTISTAN'!Z58+'AZAD KHASHMIR'!Z58+'KHYBER PAKHTUNKHWA'!Z58 -> 104 | AA58: =SUM(K58+M58+O58+Q58+S58+U58+W58+Y58) -> 538 | AB58: =SUM(L58+N58+P58+R58+T58+V58+X58+Z58) -> 536 | AC58: =SUM(AA58:AB58) -> 1074
A59: Pulmonary , Clinically Diagnosed | K59: =MPR!K59+KARACHI!K59+SINDH!K59+'GILGIT BALTISTAN'!K59+'AZAD KHASHMIR'!K59+'KHYBER PAKHTUNKHWA'!K59 -> 271 | L59: =MPR!L59+KARACHI!L59+SINDH!L59+'GILGIT BALTISTAN'!L59+'AZAD KHASHMIR'!L59+'KHYBER PAKHTUNKHWA'!L59 -> 167 | M59: =MPR!M59+KARACHI!M59+SINDH!M59+'GILGIT BALTISTAN'!M59+'AZAD KHASHMIR'!M59+'KHYBER PAKHTUNKHWA'!M59 -> 92 | N59: =MPR!N59+KARACHI!N59+SINDH!N59+'GILGIT BALTISTAN'!N59+'AZAD KHASHMIR'!N59+'KHYBER PAKHTUNKHWA'!N59 -> 83 | O59: =MPR!O59+KARACHI!O59+SINDH!O59+'GILGIT BALTISTAN'!O59+'AZAD KHASHMIR'!O59+'KHYBER PAKHTUNKHWA'!O59 -> 91 | P59: =MPR!P59+KARACHI!P59+SINDH!P59+'GILGIT BALTISTAN'!P59+'AZAD KHASHMIR'!P59+'KHYBER PAKHTUNKHWA'!P59 -> 107 | Q59: =MPR!Q59+KARACHI!Q59+SINDH!Q59+'GILGIT BALTISTAN'!Q59+'AZAD KHASHMIR'!Q59+'KHYBER PAKHTUNKHWA'!Q59 -> 73 | R59: =MPR!R59+KARACHI!R59+SINDH!R59+'GILGIT BALTISTAN'!R59+'AZAD KHASHMIR'!R59+'KHYBER PAKHTUNKHWA'!R59 -> 87 | ... Z59: =MPR!Z59+KARACHI!Z59+SINDH!Z59+'GILGIT BALTISTAN'!Z59+'AZAD KHASHMIR'!Z59+'KHYBER PAKHTUNKHWA'!Z59 -> 76 | AA59: =SUM(K59+M59+O59+Q59+S59+U59+W59+Y59) -> 790 | AB59: =SUM(L59+N59+P59+R59+T59+V59+X59+Z59) -> 673 | AC59: =SUM(AA59:AB59) -> 1463
A60: Extra Pulmonary, Bacteriologically Confermid | K60: =MPR!K60+KARACHI!K60+SINDH!K60+'GILGIT BALTISTAN'!K60+'AZAD KHASHMIR'!K60+'KHYBER PAKHTUNKHWA'!K60 -> 1 | L60: =MPR!L60+KARACHI!L60+SINDH!L60+'GILGIT BALTISTAN'!L60+'AZAD KHASHMIR'!L60+'KHYBER PAKHTUNKHWA'!L60 -> 0 | M60: =MPR!M60+KARACHI!M60+SINDH!M60+'GILGIT BALTISTAN'!M60+'AZAD KHASHMIR'!M60+'KHYBER PAKHTUNKHWA'!M60 -> 0 | N60: =MPR!N60+KARACHI!N60+SINDH!N60+'GILGIT BALTISTAN'!N60+'AZAD KHASHMIR'!N60+'KHYBER PAKHTUNKHWA'!N60 -> 0 | O60: =MPR!O60+KARACHI!O60+SINDH!O60+'GILGIT BALTISTAN'!O60+'AZAD KHASHMIR'!O60+'KHYBER PAKHTUNKHWA'!O60 -> 0 | P60: =MPR!P60+KARACHI!P60+SINDH!P60+'GILGIT BALTISTAN'!P60+'AZAD KHASHMIR'!P60+'KHYBER PAKHTUNKHWA'!P60 -> 0 | Q60: =MPR!Q60+KARACHI!Q60+SINDH!Q60+'GILGIT BALTISTAN'!Q60+'AZAD KHASHMIR'!Q60+'KHYBER PAKHTUNKHWA'!Q60 -> 0 | R60: =MPR!R60+KARACHI!R60+SINDH!R60+'GILGIT BALTISTAN'!R60+'AZAD KHASHMIR'!R60+'KHYBER PAKHTUNKHWA'!R60 -> 0 | ... Z60: =MPR!Z60+KARACHI!Z60+SINDH!Z60+'GILGIT BALTISTAN'!Z60+'AZAD KHASHMIR'!Z60+'KHYBER PAKHTUNKHWA'!Z60 -> 0 | AA60: =SUM(K60+M60+O60+Q60+S60+U60+W60+Y60) -> 6 | AB60: =SUM(L60+N60+P60+R60+T60+V60+X60+Z60) -> 1 | AC60: =SUM(AA60:AB60) -> 7
A61: Extra Pulmonary , Clinically Diagnosed | K61: =MPR!K61+KARACHI!K61+SINDH!K61+'GILGIT BALTISTAN'!K61+'AZAD KHASHMIR'!K61+'KHYBER PAKHTUNKHWA'!K61 -> 44 | L61: =MPR!L61+KARACHI!L61+SINDH!L61+'GILGIT BALTISTAN'!L61+'AZAD KHASHMIR'!L61+'KHYBER PAKHTUNKHWA'!L61 -> 30 | M61: =MPR!M61+KARACHI!M61+SINDH!M61+'GILGIT BALTISTAN'!M61+'AZAD KHASHMIR'!M61+'KHYBER PAKHTUNKHWA'!M61 -> 44 | N61: =MPR!N61+KARACHI!N61+SINDH!N61+'GILGIT BALTISTAN'!N61+'AZAD KHASHMIR'!N61+'KHYBER PAKHTUNKHWA'!N61 -> 28 | O61: =MPR!O61+KARACHI!O61+SINDH!O61+'GILGIT BALTISTAN'!O61+'AZAD KHASHMIR'!O61+'KHYBER PAKHTUNKHWA'!O61 -> 81 | P61: =MPR!P61+KARACHI!P61+SINDH!P61+'GILGIT BALTISTAN'!P61+'AZAD KHASHMIR'!P61+'KHYBER PAKHTUNKHWA'!P61 -> 48 | Q61: =MPR!Q61+KARACHI!Q61+SINDH!Q61+'GILGIT BALTISTAN'!Q61+'AZAD KHASHMIR'!Q61+'KHYBER PAKHTUNKHWA'!Q61 -> 49 | R61: =MPR!R61+KARACHI!R61+SINDH!R61+'GILGIT BALTISTAN'!R61+'AZAD KHASHMIR'!R61+'KHYBER PAKHTUNKHWA'!R61 -> 61 | ... Z61: =MPR!Z61+KARACHI!Z61+SINDH!Z61+'GILGIT BALTISTAN'!Z61+'AZAD KHASHMIR'!Z61+'KHYBER PAKHTUNKHWA'!Z61 -> 27 | AA61: =SUM(K61+M61+O61+Q61+S61+U61+W61+Y61) -> 380 | AB61: =SUM(L61+N61+P61+R61+T61+V61+X61+Z61) -> 305 | AC61: =SUM(AA61:AB61) -> 685
A62: Total | K62: =SUM(K58:K61) -> 319 | L62: =SUM(L58:L61) -> 198 | M62: =SUM(M58:M61) -> 150 | N62: =SUM(N58:N61) -> 139 | O62: =SUM(O58:O61) -> 263 | P62: =SUM(P58:P61) -> 286 | Q62: =SUM(Q58:Q61) -> 210 | R62: =SUM(R58:R61) -> 228 | ... AB62: =SUM(AB58:AB61) -> 1515 | AC62: =SUM(AA62:AB62) -> 3229
A64: Block 3: Presumptive TB Cases Identified Laboratory Diagnosis and use of WRD | N64: Block 4 : TB HIV Activities
A65: Total New OPD in Quarter | B65: No. of presumptive TB cases identified | D65: No. of Presumptive TB Patients tested Using | G65: Among Presumptive TB cases tested number reported B+ | K65: Among all registered number of B+ TB Cases | L65: Amoung All (N+R+UK) number tested by Gene Xpert | N65: No. of TB patients tested for HIV | Q65: TB Patients tested positive for HIV | T65: HIV positive TB Patients put on ART
B66: Total | C66: Through Community Referrals (LHWs) | D66: AFB | E66: Xp & AFB | F66: XP | G66: AFB | H66: AFB + Xpert | I66: Xpert | J66: G.Tot | N66: =MPR!N66+KARACHI!N66+SINDH!N66+'GILGIT BALTISTAN'!N66:P66+'AZAD KHASHMIR'!N66:P66+'KHYBER PAKHTUNKHWA'!N66:P66 -> 132 | Q66: =MPR!Q66+KARACHI!Q66+SINDH!Q66+'GILGIT BALTISTAN'!Q66:S66+'AZAD KHASHMIR'!Q66:S66+'KHYBER PAKHTUNKHWA'!Q66:S66 -> 0 | T66: =MPR!T66+KARACHI!T66+SINDH!T66+'GILGIT BALTISTAN'!T66:AC66+'AZAD KHASHMIR'!T66:AC66+'KHYBER PAKHTUNKHWA'!T66:AC66 -> 0
A67: =MPR!A67+KARACHI!A67+SINDH!A67+'GILGIT BALTISTAN'!A67:A71+'AZAD KHASHMIR'!A67:A71+'KHYBER PAKHTUNKHWA'!A67:A71 -> 545078 | B67: =MPR!B67+KARACHI!B67+SINDH!B67+'GILGIT BALTISTAN'!B67:B71+'AZAD KHASHMIR'!B67:B71+'KHYBER PAKHTUNKHWA'!B67:B71 -> 14719 | C67: =MPR!C67+KARACHI!C67+SINDH!C67+'GILGIT BALTISTAN'!C67:C71+'AZAD KHASHMIR'!C67:C71+'KHYBER PAKHTUNKHWA'!C67:C71 -> 1769 | D67: =MPR!D67+KARACHI!D67+SINDH!D67+'GILGIT BALTISTAN'!D67:D71+'AZAD KHASHMIR'!D67:D71+'KHYBER PAKHTUNKHWA'!D67:D71 -> 7124 | E67: =MPR!E67+KARACHI!E67+SINDH!E67+'GILGIT BALTISTAN'!E67:E71+'AZAD KHASHMIR'!E67:E71+'KHYBER PAKHTUNKHWA'!E67:E71 -> 1295 | F67: =MPR!F67+KARACHI!F67+SINDH!F67+'GILGIT BALTISTAN'!F67:F71+'AZAD KHASHMIR'!F67:F71+'KHYBER PAKHTUNKHWA'!F67:F71 -> 7195 | G67: =MPR!G67+KARACHI!G67+SINDH!G67+'GILGIT BALTISTAN'!G67:G71+'AZAD KHASHMIR'!G67:G71+'KHYBER PAKHTUNKHWA'!G67:G71 -> 878 | H67: =MPR!H67+KARACHI!H67+SINDH!H67+'GILGIT BALTISTAN'!H67:H71+'AZAD KHASHMIR'!H67:H71+'KHYBER PAKHTUNKHWA'!H67:H71 -> 223 | I67: =MPR!I67+KARACHI!I67+SINDH!I67+'GILGIT BALTISTAN'!I67:I71+'AZAD KHASHMIR'!I67:I71+'KHYBER PAKHTUNKHWA'!I67:I71 -> 87 | J67: =SUM(G67:I71) -> 1188 | K67: =MPR!K67+KARACHI!K67+SINDH!K67+'GILGIT BALTISTAN'!K67:K71+'AZAD KHASHMIR'!K67:K71+'KHYBER PAKHTUNKHWA'!K67:K71 -> 1013 | L67: =MPR!L67+KARACHI!L67+SINDH!L67+'GILGIT BALTISTAN'!L67:L71+'AZAD KHASHMIR'!L67:L71+'KHYBER PAKHTUNKHWA'!L67:L71 -> 1874 | N67: HIV patient tested for TB | Q67: HIV patients tested positive for TB | T67: TB positive HIV patients put on TB Tx | X67: HIV positive TB -Ve patients on TPT
N68: =MPR!N68+KARACHI!N68+SINDH!N68+'GILGIT BALTISTAN'!N68:P71+'AZAD KHASHMIR'!N68:P71+'KHYBER PAKHTUNKHWA'!N68:P71 -> 19 | Q68: =MPR!Q68+KARACHI!Q68+SINDH!Q68+'GILGIT BALTISTAN'!Q68:S71+'AZAD KHASHMIR'!Q68:S71+'KHYBER PAKHTUNKHWA'!Q68:S71 -> 19 | T68: =MPR!T68+KARACHI!T68+SINDH!T68+'GILGIT BALTISTAN'!T68:W71+'AZAD KHASHMIR'!T68:W71+'KHYBER PAKHTUNKHWA'!T68:W71 -> 0 | Y68: 0-4 | AA68: 5-14 | AB68: 15 & above
X69: 6H | Y69: =MPR!Y69+KARACHI!Y69+SINDH!Y69+'GILGIT BALTISTAN'!Y69:Z69+'AZAD KHASHMIR'!Y69:Z69+'KHYBER PAKHTUNKHWA'!Y69:Z69 -> 0 | AA69: =MPR!AA69+KARACHI!AA69+SINDH!AA69+'GILGIT BALTISTAN'!AA69+'AZAD KHASHMIR'!AA69+'KHYBER PAKHTUNKHWA'!AA69 -> 0 | AB69: =MPR!AB69+KARACHI!AB69+SINDH!AB69+'GILGIT BALTISTAN'!AB69:AC69+'AZAD KHASHMIR'!AB69:AC69+'KHYBER PAKHTUNKHWA'!AB69:AC69 -> 0
X70: 3HR | Y70: =MPR!Y70+KARACHI!Y70+SINDH!Y70+'GILGIT BALTISTAN'!Y70:Z70+'AZAD KHASHMIR'!Y70:Z70+'KHYBER PAKHTUNKHWA'!Y70:Z70 -> 0 | AA70: =MPR!AA70+KARACHI!AA70+SINDH!AA70+'GILGIT BALTISTAN'!AA70+'AZAD KHASHMIR'!AA70+'KHYBER PAKHTUNKHWA'!AA70 -> 0 | AB70: =MPR!AB70+KARACHI!AB70+SINDH!AB70+'GILGIT BALTISTAN'!AB70:AC70+'AZAD KHASHMIR'!AB70:AC70+'KHYBER PAKHTUNKHWA'!AB70:AC70 -> 0
X71: 3 HP | Y71: =MPR!Y71+KARACHI!Y71+SINDH!Y71+'GILGIT BALTISTAN'!Y71:Z71+'AZAD KHASHMIR'!Y71:Z71+'KHYBER PAKHTUNKHWA'!Y71:Z71 -> 0 | AA71: =MPR!AA71+KARACHI!AA71+SINDH!AA71+'GILGIT BALTISTAN'!AA71+'AZAD KHASHMIR'!AA71+'KHYBER PAKHTUNKHWA'!AA71 -> 0 | AB71: =MPR!AB71+KARACHI!AB71+SINDH!AB71+'GILGIT BALTISTAN'!AB71:AC71+'AZAD KHASHMIR'!AB71:AC71+'KHYBER PAKHTUNKHWA'!AB71:AC71 -> 0
A73: Block 5 : Bacteriologically Confermid TB Cases with DST Result | N73: Block 6 : Contact Tracing HH *
G74: Rifampicin | I74: Isoniazid | K74: Fluoroquninolone | N74: Total No. of HH of B+ PTB | Q74: No. of HH contacts of B+ PTB Cases Screened | T74: Amoung HH contact screened, No. of TB Cases diagnosed | W74: No. of HH Contacts Initiated on TPT | AA74: HIV negative Immuno compromised on TPT
G75: Result | H75: Resistant | I75: Result | J75: Resistant | K75: Result | L75: Resistant | N75: 0-4 | O75: 5-14 | P75: 15 + | Q75: 0-4 | R75: 5-14 | S75: 15 + | T75: 0-4 | U75: 5-14 | V75: 15 + | X75: 0-4 | Y75: 5-14 | Z75: 15+ | AA75: 0-4 | AB75: 5-14 | AC75: 15+
A76: New + UK | G76: =MPR!G76+KARACHI!G76+SINDH!G76+'GILGIT BALTISTAN'!G76+'AZAD KHASHMIR'!G76+'KHYBER PAKHTUNKHWA'!G76 -> 951 | H76: =MPR!H76+KARACHI!H76+SINDH!H76+'GILGIT BALTISTAN'!H76+'AZAD KHASHMIR'!H76+'KHYBER PAKHTUNKHWA'!H76 -> 2 | I76: =MPR!I76+KARACHI!I76+SINDH!I76+'GILGIT BALTISTAN'!I76+'AZAD KHASHMIR'!I76+'KHYBER PAKHTUNKHWA'!I76 -> 13 | J76: =MPR!J76+KARACHI!J76+SINDH!J76+'GILGIT BALTISTAN'!J76+'AZAD KHASHMIR'!J76+'KHYBER PAKHTUNKHWA'!J76 -> 0 | K76: =MPR!K76+KARACHI!K76+SINDH!K76+'GILGIT BALTISTAN'!K76+'AZAD KHASHMIR'!K76+'KHYBER PAKHTUNKHWA'!K76 -> 0 | L76: =MPR!L76+KARACHI!L76+SINDH!L76+'GILGIT BALTISTAN'!L76+'AZAD KHASHMIR'!L76+'KHYBER PAKHTUNKHWA'!L76 -> 0 | N76: =MPR!N76+KARACHI!N76+SINDH!N76+'GILGIT BALTISTAN'!N76:N79+'AZAD KHASHMIR'!N76:N79+'KHYBER PAKHTUNKHWA'!N76:N79 -> 99 | O76: =MPR!O76+KARACHI!O76+SINDH!O76+'GILGIT BALTISTAN'!O76:O79+'AZAD KHASHMIR'!O76:O79+'KHYBER PAKHTUNKHWA'!O76:O79 -> 1665 | P76: =MPR!P76+KARACHI!P76+SINDH!P76+'GILGIT BALTISTAN'!P76:P79+'AZAD KHASHMIR'!P76:P79+'KHYBER PAKHTUNKHWA'!P76:P79 -> 4885 | Q76: =MPR!Q76+KARACHI!Q76+SINDH!Q76+'GILGIT BALTISTAN'!Q76:Q79+'AZAD KHASHMIR'!Q76:Q79+'KHYBER PAKHTUNKHWA'!Q76:Q79 -> 48 | R76: =MPR!R76+KARACHI!R76+SINDH!R76+'GILGIT BALTISTAN'!R76:R79+'AZAD KHASHMIR'!R76:R79+'KHYBER PAKHTUNKHWA'!R76:R79 -> 1333 | S76: =MPR!S76+KARACHI!S76+SINDH!S76+'GILGIT BALTISTAN'!S76:S79+'AZAD KHASHMIR'!S76:S79+'KHYBER PAKHTUNKHWA'!S76:S79 -> 3491 | T76: =MPR!T76+KARACHI!T76+SINDH!T76+'GILGIT BALTISTAN'!T76:T79+'AZAD KHASHMIR'!T76:T79+'KHYBER PAKHTUNKHWA'!T76:T79 -> 0 | U76: =MPR!U76+KARACHI!U76+SINDH!U76+'GILGIT BALTISTAN'!U76:U79+'AZAD KHASHMIR'!U76:U79+'KHYBER PAKHTUNKHWA'!U76:U79 -> 5 | V76: =MPR!V76+KARACHI!V76+SINDH!V76+'GILGIT BALTISTAN'!V76:V79+'AZAD KHASHMIR'!V76:V79+'KHYBER PAKHTUNKHWA'!V76:V79 -> 206 | W76: 6H | X76: =MPR!X76+KARACHI!X76+SINDH!X76+'GILGIT BALTISTAN'!X76+'AZAD KHASHMIR'!X76+'KHYBER PAKHTUNKHWA'!X76 -> 12 | Y76: =MPR!Y76+KARACHI!Y76+SINDH!Y76+'GILGIT BALTISTAN'!Y76+'AZAD KHASHMIR'!Y76+'KHYBER PAKHTUNKHWA'!Y76 -> 17 | Z76: =MPR!Z76+KARACHI!Z76+SINDH!Z76+'GILGIT BALTISTAN'!Z76+'AZAD KHASHMIR'!Z76+'KHYBER PAKHTUNKHWA'!Z76 -> 0 | AA76: =MPR!AA76+KARACHI!AA76+SINDH!AA76+'GILGIT BALTISTAN'!AA76+'AZAD KHASHMIR'!AA76+'KHYBER PAKHTUNKHWA'!AA76 -> 0 | AB76: =MPR!AB76+KARACHI!AB76+SINDH!AB76+'GILGIT BALTISTAN'!AB76+'AZAD KHASHMIR'!AB76+'KHYBER PAKHTUNKHWA'!AB76 -> 0 | AC76: =MPR!AC76+KARACHI!AC76+SINDH!AC76+'GILGIT BALTISTAN'!AC76+'AZAD KHASHMIR'!AC76+'KHYBER PAKHTUNKHWA'!AC76 -> 0
A77: Relapse | G77: =MPR!G77+KARACHI!G77+SINDH!G77+'GILGIT BALTISTAN'!G77+'AZAD KHASHMIR'!G77+'KHYBER PAKHTUNKHWA'!G77 -> 20 | H77: =MPR!H77+KARACHI!H77+SINDH!H77+'GILGIT BALTISTAN'!H77+'AZAD KHASHMIR'!H77+'KHYBER PAKHTUNKHWA'!H77 -> 1 | I77: =MPR!I77+KARACHI!I77+SINDH!I77+'GILGIT BALTISTAN'!I77+'AZAD KHASHMIR'!I77+'KHYBER PAKHTUNKHWA'!I77 -> 0 | J77: =MPR!J77+KARACHI!J77+SINDH!J77+'GILGIT BALTISTAN'!J77+'AZAD KHASHMIR'!J77+'KHYBER PAKHTUNKHWA'!J77 -> 0 | K77: =MPR!K77+KARACHI!K77+SINDH!K77+'GILGIT BALTISTAN'!K77+'AZAD KHASHMIR'!K77+'KHYBER PAKHTUNKHWA'!K77 -> 0 | L77: =MPR!L77+KARACHI!L77+SINDH!L77+'GILGIT BALTISTAN'!L77+'AZAD KHASHMIR'!L77+'KHYBER PAKHTUNKHWA'!L77 -> 0 | W77: 3HR | X77: =MPR!X77+KARACHI!X77+SINDH!X77+'GILGIT BALTISTAN'!X77+'AZAD KHASHMIR'!X77+'KHYBER PAKHTUNKHWA'!X77 -> 0 | Y77: =MPR!Y77+KARACHI!Y77+SINDH!Y77+'GILGIT BALTISTAN'!Y77+'AZAD KHASHMIR'!Y77+'KHYBER PAKHTUNKHWA'!Y77 -> 5 | Z77: =MPR!Z77+KARACHI!Z77+SINDH!Z77+'GILGIT BALTISTAN'!Z77+'AZAD KHASHMIR'!Z77+'KHYBER PAKHTUNKHWA'!Z77 -> 12 | AA77: =MPR!AA77+KARACHI!AA77+SINDH!AA77+'GILGIT BALTISTAN'!AA77+'AZAD KHASHMIR'!AA77+'KHYBER PAKHTUNKHWA'!AA77 -> 0 | AB77: =MPR!AB77+KARACHI!AB77+SINDH!AB77+'GILGIT BALTISTAN'!AB77+'AZAD KHASHMIR'!AB77+'KHYBER PAKHTUNKHWA'!AB77 -> 0 | AC77: =MPR!AC77+KARACHI!AC77+SINDH!AC77+'GILGIT BALTISTAN'!AC77+'AZAD KHASHMIR'!AC77+'KHYBER PAKHTUNKHWA'!AC77 -> 0
A78: Previously treated | G78: =MPR!G78+KARACHI!G78+SINDH!G78+'GILGIT BALTISTAN'!G78+'AZAD KHASHMIR'!G78+'KHYBER PAKHTUNKHWA'!G78 -> 7 | H78: =MPR!H78+KARACHI!H78+SINDH!H78+'GILGIT BALTISTAN'!H78+'AZAD KHASHMIR'!H78+'KHYBER PAKHTUNKHWA'!H78 -> 0 | I78: =MPR!I78+KARACHI!I78+SINDH!I78+'GILGIT BALTISTAN'!I78+'AZAD KHASHMIR'!I78+'KHYBER PAKHTUNKHWA'!I78 -> 0 | J78: =MPR!J78+KARACHI!J78+SINDH!J78+'GILGIT BALTISTAN'!J78+'AZAD KHASHMIR'!J78+'KHYBER PAKHTUNKHWA'!J78 -> 0 | K78: =MPR!K78+KARACHI!K78+SINDH!K78+'GILGIT BALTISTAN'!K78+'AZAD KHASHMIR'!K78+'KHYBER PAKHTUNKHWA'!K78 -> 0 | L78: =MPR!L78+KARACHI!L78+SINDH!L78+'GILGIT BALTISTAN'!L78+'AZAD KHASHMIR'!L78+'KHYBER PAKHTUNKHWA'!L78 -> 0 | W78: 3 HP | X78: =MPR!X78+KARACHI!X78+SINDH!X78+'GILGIT BALTISTAN'!X78:X79+'AZAD KHASHMIR'!X78:X79+'KHYBER PAKHTUNKHWA'!X78:X79 -> 1 | Y78: =MPR!Y78+KARACHI!Y78+SINDH!Y78+'GILGIT BALTISTAN'!Y78:Y79+'AZAD KHASHMIR'!Y78:Y79+'KHYBER PAKHTUNKHWA'!Y78:Y79 -> 30 | Z78: =MPR!Z78+KARACHI!Z78+SINDH!Z78+'GILGIT BALTISTAN'!Z78:Z79+'AZAD KHASHMIR'!Z78:Z79+'KHYBER PAKHTUNKHWA'!Z78:Z79 -> 119 | AA78: =MPR!AA78+KARACHI!AA78+SINDH!AA78+'GILGIT BALTISTAN'!AA78:AA79+'AZAD KHASHMIR'!AA78:AA79+'KHYBER PAKHTUNKHWA'!AA78:AA79 -> 0 | AB78: =MPR!AB78+KARACHI!AB78+SINDH!AB78+'GILGIT BALTISTAN'!AB78:AB79+'AZAD KHASHMIR'!AB78:AB79+'KHYBER PAKHTUNKHWA'!AB78:AB79 -> 0 | AC78: =MPR!AC78+KARACHI!AC78+SINDH!AC78+'GILGIT BALTISTAN'!AC78:AC79+'AZAD KHASHMIR'!AC78:AC79+'KHYBER PAKHTUNKHWA'!AC78:AC79 -> 0
A79: Total | G79: =SUM(G76:G78) -> 978 | H79: =SUM(H76:H78) -> 3 | I79: =SUM(I76:I78) -> 13 | J79: =SUM(J76:J78) -> 0 | K79: =SUM(K76:K78) -> 0 | L79: =SUM(L76:L78) -> 0
A80: QUARTERLY REPORT ON TB CASES REGISTRATION
A81: INDIVIDUAL/CONSOLIDATED (TICK ONE) | Y81: TB - 07
A82: Name of TB Care Facility (BMU) : | E82: =E4 -> All Project Total | I82: District : | K82: __________________ | M82: Central : | O82: CONSOLIDATED | T82: Patients registered during | Y82: 3rd Quarter | AB82: =AB43 -> of Year 2024
A84: Name of TB Coodinator/Facility incharge : | H84: ___________________________________________________ | T84: Date of completion of this form : | Z84: _______________________
A86: Block 1: | K86: New (N) | M86: Relapse ® | O86: Previous Treatment History Unknown (UK) | R86: N+R+UK | U86: Previously treated ( Excluding Relapse) | AB86: Total
A87: All TB Cases Registered | U87: Treatment after failure | X87: Treatment after lost to follow-up | Z87: Other previously treated
A89: Pulmonary, Bacteriologically Confermid | K89: =SUM(MPR!K89+KARACHI!K89+SINDH!K89+'GILGIT BALTISTAN'!K89+'AZAD KHASHMIR'!K89+'KHYBER PAKHTUNKHWA'!K89) -> 963 | M89: =SUM(MPR!M89+KARACHI!M89+SINDH!M89+'GILGIT BALTISTAN'!M89+'AZAD KHASHMIR'!M89+'KHYBER PAKHTUNKHWA'!M89) -> 76 | O89: =MPR!O89+KARACHI!O89+SINDH!O89+'GILGIT BALTISTAN'!O89:Q89+'AZAD KHASHMIR'!O89:Q89+'KHYBER PAKHTUNKHWA'!O89:Q89 -> 1 | R89: =SUM(K89+M89+O89) -> 1040 | U89: =MPR!U89+KARACHI!U89+SINDH!U89+'GILGIT BALTISTAN'!U89:W89+'AZAD KHASHMIR'!U89:W89+'KHYBER PAKHTUNKHWA'!U89:W89 -> 0 | X89: =MPR!X89+KARACHI!X89+SINDH!X89+'GILGIT BALTISTAN'!X89:Y89+'AZAD KHASHMIR'!X89:Y89+'KHYBER PAKHTUNKHWA'!X89:Y89 -> 0 | Z89: =MPR!Z89+KARACHI!Z89+SINDH!Z89+'GILGIT BALTISTAN'!Z89:AA89+'AZAD KHASHMIR'!Z89:AA89+'KHYBER PAKHTUNKHWA'!Z89:AA89 -> 1 | AB89: =SUM(K89+M89+O89+U89+X89+Z89) -> 1041
A90: Pulmonary , Clinically Diagnosed | K90: =SUM(MPR!K90+KARACHI!K90+SINDH!K90+'GILGIT BALTISTAN'!K90+'AZAD KHASHMIR'!K90+'KHYBER PAKHTUNKHWA'!K90) -> 1869 | M90: =SUM(MPR!M90+KARACHI!M90+SINDH!M90+'GILGIT BALTISTAN'!M90+'AZAD KHASHMIR'!M90+'KHYBER PAKHTUNKHWA'!M90) -> 49 | O90: =MPR!O90+KARACHI!O90+SINDH!O90+'GILGIT BALTISTAN'!O90:Q90+'AZAD KHASHMIR'!O90:Q90+'KHYBER PAKHTUNKHWA'!O90:Q90 -> 0 | R90: =SUM(K90+M90+O90) -> 1918 | U90: =MPR!U90+KARACHI!U90+SINDH!U90+'GILGIT BALTISTAN'!U90:W90+'AZAD KHASHMIR'!U90:W90+'KHYBER PAKHTUNKHWA'!U90:W90 -> 0 | X90: =MPR!X90+KARACHI!X90+SINDH!X90+'GILGIT BALTISTAN'!X90:Y90+'AZAD KHASHMIR'!X90:Y90+'KHYBER PAKHTUNKHWA'!X90:Y90 -> 5 | Z90: =MPR!Z90+KARACHI!Z90+SINDH!Z90+'GILGIT BALTISTAN'!Z90:AA90+'AZAD KHASHMIR'!Z90:AA90+'KHYBER PAKHTUNKHWA'!Z90:AA90 -> 4 | AB90: =SUM(K90+M90+O90+U90+X90+Z90) -> 1927
A91: Extra Pulmonary, Bacteriologically Confermid | K91: =SUM(MPR!K91+KARACHI!K91+SINDH!K91+'GILGIT BALTISTAN'!K91+'AZAD KHASHMIR'!K91+'KHYBER PAKHTUNKHWA'!K91) -> 6 | M91: =SUM(MPR!M91+KARACHI!M91+SINDH!M91+'GILGIT BALTISTAN'!M91+'AZAD KHASHMIR'!M91+'KHYBER PAKHTUNKHWA'!M91) -> 0 | O91: =MPR!O91+KARACHI!O91+SINDH!O91+'GILGIT BALTISTAN'!O91:Q91+'AZAD KHASHMIR'!O91:Q91+'KHYBER PAKHTUNKHWA'!O91:Q91 -> 0 | R91: =SUM(K91+M91+O91) -> 6 | U91: =MPR!U91+KARACHI!U91+SINDH!U91+'GILGIT BALTISTAN'!U91:W91+'AZAD KHASHMIR'!U91:W91+'KHYBER PAKHTUNKHWA'!U91:W91 -> 0 | X91: =MPR!X91+KARACHI!X91+SINDH!X91+'GILGIT BALTISTAN'!X91:Y91+'AZAD KHASHMIR'!X91:Y91+'KHYBER PAKHTUNKHWA'!X91:Y91 -> 0 | Z91: =MPR!Z91+KARACHI!Z91+SINDH!Z91+'GILGIT BALTISTAN'!Z91:AA91+'AZAD KHASHMIR'!Z91:AA91+'KHYBER PAKHTUNKHWA'!Z91:AA91 -> 0 | AB91: =SUM(K91+M91+O91+U91+X91+Z91) -> 6
A92: Extra Pulmonary , Clinically Diagnosed | K92: =SUM(MPR!K92+KARACHI!K92+SINDH!K92+'GILGIT BALTISTAN'!K92+'AZAD KHASHMIR'!K92+'KHYBER PAKHTUNKHWA'!K92) -> 921 | M92: =SUM(MPR!M92+KARACHI!M92+SINDH!M92+'GILGIT BALTISTAN'!M92+'AZAD KHASHMIR'!M92+'KHYBER PAKHTUNKHWA'!M92) -> 10 | O92: =MPR!O92+KARACHI!O92+SINDH!O92+'GILGIT BALTISTAN'!O92:Q92+'AZAD KHASHMIR'!O92:Q92+'KHYBER PAKHTUNKHWA'!O92:Q92 -> 4 | R92: =SUM(K92+M92+O92) -> 935 | U92: =MPR!U92+KARACHI!U92+SINDH!U92+'GILGIT BALTISTAN'!U92:W92+'AZAD KHASHMIR'!U92:W92+'KHYBER PAKHTUNKHWA'!U92:W92 -> 0 | X92: =MPR!X92+KARACHI!X92+SINDH!X92+'GILGIT BALTISTAN'!X92:Y92+'AZAD KHASHMIR'!X92:Y92+'KHYBER PAKHTUNKHWA'!X92:Y92 -> 0 | Z92: =MPR!Z92+KARACHI!Z92+SINDH!Z92+'GILGIT BALTISTAN'!Z92:AA92+'AZAD KHASHMIR'!Z92:AA92+'KHYBER PAKHTUNKHWA'!Z92:AA92 -> 10 | AB92: =SUM(K92+M92+O92+U92+X92+Z92) -> 945
A93: Total | K93: =SUM(K89:L92) -> 3759 | M93: =SUM(M89:N92) -> 135 | O93: =SUM(O89:Q92) -> 5 | R93: =SUM(K93+M93+O93) -> 3899 | U93: =SUM(U89:W92) -> 0 | X93: =SUM(X89:Y92) -> 5 | Z93: =SUM(Z89:AA92) -> 15 | AB93: =SUM(K93+M93+O93+U93+X93+Z93) -> 3919
A94: Block 2: All New, Relapse and previous treatment history unknown Cases registered during the period by Age Group and Gender
K95: 0-4 | M95: 5-14 | O95: 15-24 | Q95: 25-34 | S95: 35-44 | U95: 45-54 | W95: 55-64 | Y95: 65 & Above | AA95: Total | AC95: Grand Total
K96: M | L96: F | M96: M | N96: F | O96: M | P96: F | Q96: M | R96: F | S96: M | T96: F | U96: M | V96: F | W96: M | X96: F | Y96: M | Z96: F | AA96: M | AB96: F
A97: Pulmonary, Bacteriologically Confermid | K97: =MPR!K97+KARACHI!K97+SINDH!K97+'GILGIT BALTISTAN'!K97+'AZAD KHASHMIR'!K97+'KHYBER PAKHTUNKHWA'!K97 -> 1 | L97: =MPR!L97+KARACHI!L97+SINDH!L97+'GILGIT BALTISTAN'!L97+'AZAD KHASHMIR'!L97+'KHYBER PAKHTUNKHWA'!L97 -> 5 | M97: =MPR!M97+KARACHI!M97+SINDH!M97+'GILGIT BALTISTAN'!M97+'AZAD KHASHMIR'!M97+'KHYBER PAKHTUNKHWA'!M97 -> 13 | N97: =MPR!N97+KARACHI!N97+SINDH!N97+'GILGIT BALTISTAN'!N97+'AZAD KHASHMIR'!N97+'KHYBER PAKHTUNKHWA'!N97 -> 24 | O97: =MPR!O97+KARACHI!O97+SINDH!O97+'GILGIT BALTISTAN'!O97+'AZAD KHASHMIR'!O97+'KHYBER PAKHTUNKHWA'!O97 -> 98 | P97: =MPR!P97+KARACHI!P97+SINDH!P97+'GILGIT BALTISTAN'!P97+'AZAD KHASHMIR'!P97+'KHYBER PAKHTUNKHWA'!P97 -> 118 | Q97: =MPR!Q97+KARACHI!Q97+SINDH!Q97+'GILGIT BALTISTAN'!Q97+'AZAD KHASHMIR'!Q97+'KHYBER PAKHTUNKHWA'!Q97 -> 98 | R97: =MPR!R97+KARACHI!R97+SINDH!R97+'GILGIT BALTISTAN'!R97+'AZAD KHASHMIR'!R97+'KHYBER PAKHTUNKHWA'!R97 -> 68 | ... Z97: =MPR!Z97+KARACHI!Z97+SINDH!Z97+'GILGIT BALTISTAN'!Z97+'AZAD KHASHMIR'!Z97+'KHYBER PAKHTUNKHWA'!Z97 -> 91 | AA97: =SUM(K97+M97+O97+Q97+S97+U97+W97+Y97) -> 562 | AB97: =SUM(L97+N97+P97+R97+T97+V97+X97+Z97) -> 478 | AC97: =SUM(AA97:AB97) -> 1040
A98: Pulmonary , Clinically Diagnosed | K98: =MPR!K98+KARACHI!K98+SINDH!K98+'GILGIT BALTISTAN'!K98+'AZAD KHASHMIR'!K98+'KHYBER PAKHTUNKHWA'!K98 -> 424 | L98: =MPR!L98+KARACHI!L98+SINDH!L98+'GILGIT BALTISTAN'!L98+'AZAD KHASHMIR'!L98+'KHYBER PAKHTUNKHWA'!L98 -> 372 | M98: =MPR!M98+KARACHI!M98+SINDH!M98+'GILGIT BALTISTAN'!M98+'AZAD KHASHMIR'!M98+'KHYBER PAKHTUNKHWA'!M98 -> 106 | N98: =MPR!N98+KARACHI!N98+SINDH!N98+'GILGIT BALTISTAN'!N98+'AZAD KHASHMIR'!N98+'KHYBER PAKHTUNKHWA'!N98 -> 120 | O98: =MPR!O98+KARACHI!O98+SINDH!O98+'GILGIT BALTISTAN'!O98+'AZAD KHASHMIR'!O98+'KHYBER PAKHTUNKHWA'!O98 -> 83 | P98: =MPR!P98+KARACHI!P98+SINDH!P98+'GILGIT BALTISTAN'!P98+'AZAD KHASHMIR'!P98+'KHYBER PAKHTUNKHWA'!P98 -> 97 | Q98: =MPR!Q98+KARACHI!Q98+SINDH!Q98+'GILGIT BALTISTAN'!Q98+'AZAD KHASHMIR'!Q98+'KHYBER PAKHTUNKHWA'!Q98 -> 63 | R98: =MPR!R98+KARACHI!R98+SINDH!R98+'GILGIT BALTISTAN'!R98+'AZAD KHASHMIR'!R98+'KHYBER PAKHTUNKHWA'!R98 -> 79 | ... Z98: =MPR!Z98+KARACHI!Z98+SINDH!Z98+'GILGIT BALTISTAN'!Z98+'AZAD KHASHMIR'!Z98+'KHYBER PAKHTUNKHWA'!Z98 -> 105 | AA98: =SUM(K98+M98+O98+Q98+S98+U98+W98+Y98) -> 993 | AB98: =SUM(L98+N98+P98+R98+T98+V98+X98+Z98) -> 925 | AC98: =SUM(AA98:AB98) -> 1918
A99: Extra Pulmonary, Bacteriologically Confermid | K99: =MPR!K99+KARACHI!K99+SINDH!K99+'GILGIT BALTISTAN'!K99+'AZAD KHASHMIR'!K99+'KHYBER PAKHTUNKHWA'!K99 -> 0 | L99: =MPR!L99+KARACHI!L99+SINDH!L99+'GILGIT BALTISTAN'!L99+'AZAD KHASHMIR'!L99+'KHYBER PAKHTUNKHWA'!L99 -> 0 | M99: =MPR!M99+KARACHI!M99+SINDH!M99+'GILGIT BALTISTAN'!M99+'AZAD KHASHMIR'!M99+'KHYBER PAKHTUNKHWA'!M99 -> 0 | N99: =MPR!N99+KARACHI!N99+SINDH!N99+'GILGIT BALTISTAN'!N99+'AZAD KHASHMIR'!N99+'KHYBER PAKHTUNKHWA'!N99 -> 0 | O99: =MPR!O99+KARACHI!O99+SINDH!O99+'GILGIT BALTISTAN'!O99+'AZAD KHASHMIR'!O99+'KHYBER PAKHTUNKHWA'!O99 -> 0 | P99: =MPR!P99+KARACHI!P99+SINDH!P99+'GILGIT BALTISTAN'!P99+'AZAD KHASHMIR'!P99+'KHYBER PAKHTUNKHWA'!P99 -> 1 | Q99: =MPR!Q99+KARACHI!Q99+SINDH!Q99+'GILGIT BALTISTAN'!Q99+'AZAD KHASHMIR'!Q99+'KHYBER PAKHTUNKHWA'!Q99 -> 3 | R99: =MPR!R99+KARACHI!R99+SINDH!R99+'GILGIT BALTISTAN'!R99+'AZAD KHASHMIR'!R99+'KHYBER PAKHTUNKHWA'!R99 -> 1 | ... Z99: =MPR!Z99+KARACHI!Z99+SINDH!Z99+'GILGIT BALTISTAN'!Z99+'AZAD KHASHMIR'!Z99+'KHYBER PAKHTUNKHWA'!Z99 -> 0 | AA99: =SUM(K99+M99+O99+Q99+S99+U99+W99+Y99) -> 4 | AB99: =SUM(L99+N99+P99+R99+T99+V99+X99+Z99) -> 2 | AC99: =SUM(AA99:AB99) -> 6
A100: Extra Pulmonary , Clinically Diagnosed | K100: =MPR!K100+KARACHI!K100+SINDH!K100+'GILGIT BALTISTAN'!K100+'AZAD KHASHMIR'!K100+'KHYBER PAKHTUNKHWA'!K100 -> 105 | L100: =MPR!L100+KARACHI!L100+SINDH!L100+'GILGIT BALTISTAN'!L100+'AZAD KHASHMIR'!L100+'KHYBER PAKHTUNKHWA'!L100 -> 64 | M100: =MPR!M100+KARACHI!M100+SINDH!M100+'GILGIT BALTISTAN'!M100+'AZAD KHASHMIR'!M100+'KHYBER PAKHTUNKHWA'!M100 -> 61 | N100: =MPR!N100+KARACHI!N100+SINDH!N100+'GILGIT BALTISTAN'!N100+'AZAD KHASHMIR'!N100+'KHYBER PAKHTUNKHWA'!N100 -> 42 | O100: =MPR!O100+KARACHI!O100+SINDH!O100+'GILGIT BALTISTAN'!O100+'AZAD KHASHMIR'!O100+'KHYBER PAKHTUNKHWA'!O100 -> 99 | P100: =MPR!P100+KARACHI!P100+SINDH!P100+'GILGIT BALTISTAN'!P100+'AZAD KHASHMIR'!P100+'KHYBER PAKHTUNKHWA'!P100 -> 85 | Q100: =MPR!Q100+KARACHI!Q100+SINDH!Q100+'GILGIT BALTISTAN'!Q100+'AZAD KHASHMIR'!Q100+'KHYBER PAKHTUNKHWA'!Q100 -> 67 | R100: =MPR!R100+KARACHI!R100+SINDH!R100+'GILGIT BALTISTAN'!R100+'AZAD KHASHMIR'!R100+'KHYBER PAKHTUNKHWA'!R100 -> 58 | ... Z100: =MPR!Z100+KARACHI!Z100+SINDH!Z100+'GILGIT BALTISTAN'!Z100+'AZAD KHASHMIR'!Z100+'KHYBER PAKHTUNKHWA'!Z100 -> 36 | AA100: =SUM(K100+M100+O100+Q100+S100+U100+W100+Y100) -> 523 | AB100: =SUM(L100+N100+P100+R100+T100+V100+X100+Z100) -> 412 | AC100: =SUM(AA100:AB100) -> 935
A101: Total | K101: =SUM(K97:K100) -> 530 | L101: =SUM(L97:L100) -> 441 | M101: =SUM(M97:M100) -> 180 | N101: =SUM(N97:N100) -> 186 | O101: =SUM(O97:O100) -> 280 | P101: =SUM(P97:P100) -> 301 | Q101: =SUM(Q97:Q100) -> 231 | R101: =SUM(R97:R100) -> 206 | ... AB101: =SUM(AB97:AB100) -> 1817 | AC101: =SUM(AA101:AB101) -> 3899
A103: Block 3: Presumptive TB Cases Identified Laboratory Diagnosis and use of WRD | N103: Block 4 : TB HIV Activities
A104: Total New OPD in Quarter | B104: No. of presumptive TB cases identified | D104: No. of Presumptive TB Patients tested Using | G104: Among Presumptive TB cases tested number reported B+ | K104: Among all registered number of B+ TB Cases | L104: Amoung All (N+R+UK) number tested by Gene Xpert | N104: No. of TB patients tested for HIV | Q104: TB Patients tested positive for HIV | T104: HIV positive TB Patients put on ART
B105: Total | C105: Through Community Referrals (LHWs) | D105: AFB | E105: Xp & AFB | F105: XP | G105: AFB | H105: AFB + Xpert | I105: Xpert | J105: G.Tot | N105: =MPR!N105+KARACHI!N105+SINDH!N105+'GILGIT BALTISTAN'!N105:P105+'AZAD KHASHMIR'!N105:P105+'KHYBER PAKHTUNKHWA'!N105:P105 -> 64 | Q105: =MPR!Q105+KARACHI!Q105+SINDH!Q105+'GILGIT BALTISTAN'!Q105:S105+'AZAD KHASHMIR'!Q105:S105+'KHYBER PAKHTUNKHWA'!Q105:S105 -> 0 | T105: =MPR!T105+KARACHI!T105+SINDH!T105+'GILGIT BALTISTAN'!T105:AC105+'AZAD KHASHMIR'!T105:AC105+'KHYBER PAKHTUNKHWA'!T105:AC105 -> 0
A106: =MPR!A106+KARACHI!A106+SINDH!A106+'GILGIT BALTISTAN'!A106:A110+'AZAD KHASHMIR'!A106:A110+'KHYBER PAKHTUNKHWA'!A106:A110 -> 599781 | B106: =MPR!B106+KARACHI!B106+SINDH!B106+'GILGIT BALTISTAN'!B106:B110+'AZAD KHASHMIR'!B106:B110+'KHYBER PAKHTUNKHWA'!B106:B110 -> 14594 | C106: =MPR!C106+KARACHI!C106+SINDH!C106+'GILGIT BALTISTAN'!C106:C110+'AZAD KHASHMIR'!C106:C110+'KHYBER PAKHTUNKHWA'!C106:C110 -> 1385 | D106: =MPR!D106+KARACHI!D106+SINDH!D106+'GILGIT BALTISTAN'!D106:D110+'AZAD KHASHMIR'!D106:D110+'KHYBER PAKHTUNKHWA'!D106:D110 -> 5054 | E106: =MPR!E106+KARACHI!E106+SINDH!E106+'GILGIT BALTISTAN'!E106:E110+'AZAD KHASHMIR'!E106:E110+'KHYBER PAKHTUNKHWA'!E106:E110 -> 745 | F106: =MPR!F106+KARACHI!F106+SINDH!F106+'GILGIT BALTISTAN'!F106:F110+'AZAD KHASHMIR'!F106:F110+'KHYBER PAKHTUNKHWA'!F106:F110 -> 8163 | G106: =MPR!G106+KARACHI!G106+SINDH!G106+'GILGIT BALTISTAN'!G106:G110+'AZAD KHASHMIR'!G106:G110+'KHYBER PAKHTUNKHWA'!G106:G110 -> 791 | H106: =MPR!H106+KARACHI!H106+SINDH!H106+'GILGIT BALTISTAN'!H106:H110+'AZAD KHASHMIR'!H106:H110+'KHYBER PAKHTUNKHWA'!H106:H110 -> 126 | I106: =MPR!I106+KARACHI!I106+SINDH!I106+'GILGIT BALTISTAN'!I106:I110+'AZAD KHASHMIR'!I106:I110+'KHYBER PAKHTUNKHWA'!I106:I110 -> 160 | J106: =SUM(G106:I110) -> 1077 | K106: =MPR!K106+KARACHI!K106+SINDH!K106+'GILGIT BALTISTAN'!K106:K110+'AZAD KHASHMIR'!K106:K110+'KHYBER PAKHTUNKHWA'!K106:K110 -> 1023 | L106: =MPR!L106+KARACHI!L106+SINDH!L106+'GILGIT BALTISTAN'!L106:L110+'AZAD KHASHMIR'!L106:L110+'KHYBER PAKHTUNKHWA'!L106:L110 -> 1735 | N106: HIV patient tested for TB | Q106: HIV patients tested positive for TB | T106: TB positive HIV patients put on TB Tx | X106: HIV positive TB -Ve patients on TPT
N107: =MPR!N107+KARACHI!N107+SINDH!N107+'GILGIT BALTISTAN'!N107:P110+'AZAD KHASHMIR'!N107:P110+'KHYBER PAKHTUNKHWA'!N107:P110 -> 1 | Q107: =MPR!Q107+KARACHI!Q107+SINDH!Q107+'GILGIT BALTISTAN'!Q107:S110+'AZAD KHASHMIR'!Q107:S110+'KHYBER PAKHTUNKHWA'!Q107:S110 -> 0 | T107: =MPR!T107+KARACHI!T107+SINDH!T107+'GILGIT BALTISTAN'!T107:W110+'AZAD KHASHMIR'!T107:W110+'KHYBER PAKHTUNKHWA'!T107:W110 -> 0 | Y107: 0-4 | AA107: 5-14 | AB107: 15 & above
X108: 6H | Y108: =MPR!Y108+KARACHI!Y108+SINDH!Y108+'GILGIT BALTISTAN'!Y108:Z108+'AZAD KHASHMIR'!Y108:Z108+'KHYBER PAKHTUNKHWA'!Y108:Z108 -> 0 | AA108: =MPR!AA108+KARACHI!AA108+SINDH!AA108+'GILGIT BALTISTAN'!AA108+'AZAD KHASHMIR'!AA108+'KHYBER PAKHTUNKHWA'!AA108 -> 0 | AB108: =MPR!AB108+KARACHI!AB108+SINDH!AB108+'GILGIT BALTISTAN'!AB108:AC108+'AZAD KHASHMIR'!AB108:AC108+'KHYBER PAKHTUNKHWA'!AB108:AC108 -> 0
X109: 3HR | Y109: =MPR!Y109+KARACHI!Y109+SINDH!Y109+'GILGIT BALTISTAN'!Y109:Z109+'AZAD KHASHMIR'!Y109:Z109+'KHYBER PAKHTUNKHWA'!Y109:Z109 -> 0 | AA109: =MPR!AA109+KARACHI!AA109+SINDH!AA109+'GILGIT BALTISTAN'!AA109+'AZAD KHASHMIR'!AA109+'KHYBER PAKHTUNKHWA'!AA109 -> 0 | AB109: =MPR!AB109+KARACHI!AB109+SINDH!AB109+'GILGIT BALTISTAN'!AB109:AC109+'AZAD KHASHMIR'!AB109:AC109+'KHYBER PAKHTUNKHWA'!AB109:AC109 -> 0
X110: 3 HP | Y110: =MPR!Y110+KARACHI!Y110+SINDH!Y110+'GILGIT BALTISTAN'!Y110:Z110+'AZAD KHASHMIR'!Y110:Z110+'KHYBER PAKHTUNKHWA'!Y110:Z110 -> 0 | AA110: =MPR!AA110+KARACHI!AA110+SINDH!AA110+'GILGIT BALTISTAN'!AA110+'AZAD KHASHMIR'!AA110+'KHYBER PAKHTUNKHWA'!AA110 -> 0 | AB110: =MPR!AB110+KARACHI!AB110+SINDH!AB110+'GILGIT BALTISTAN'!AB110:AC110+'AZAD KHASHMIR'!AB110:AC110+'KHYBER PAKHTUNKHWA'!AB110:AC110 -> 0
A112: Block 5 : Bacteriologically Confermid TB Cases with DST Result | N112: Block 6 : Contact Tracing HH *
G113: Rifampicin | I113: Isoniazid | K113: Fluoroquninolone | N113: Total No. of HH of B+ PTB | Q113: No. of HH contacts of B+ PTB Cases Screened | T113: Amoung HH contact screened, No. of TB Cases diagnosed | W113: No. of HH Contacts Initiated on TPT | AA113: HIV negative Immuno compromised on TPT
G114: Result | H114: Resistant | I114: Result | J114: Resistant | K114: Result | L114: Resistant | N114: 0-4 | O114: 5-14 | P114: 15 + | Q114: 0-4 | R114: 5-14 | S114: 15 + | T114: 0-4 | U114: 5-14 | V114: 15 + | X114: 0-4 | Y114: 5-14 | Z114: 15+ | AA114: 0-4 | AB114: 5-14 | AC114: 15+
A115: New + UK | G115: =MPR!G115+KARACHI!G115+SINDH!G115+'GILGIT BALTISTAN'!G115+'AZAD KHASHMIR'!G115+'KHYBER PAKHTUNKHWA'!G115 -> 931 | H115: =MPR!H115+KARACHI!H115+SINDH!H115+'GILGIT BALTISTAN'!H115+'AZAD KHASHMIR'!H115+'KHYBER PAKHTUNKHWA'!H115 -> 2 | I115: =MPR!I115+KARACHI!I115+SINDH!I115+'GILGIT BALTISTAN'!I115+'AZAD KHASHMIR'!I115+'KHYBER PAKHTUNKHWA'!I115 -> 0 | J115: =MPR!J115+KARACHI!J115+SINDH!J115+'GILGIT BALTISTAN'!J115+'AZAD KHASHMIR'!J115+'KHYBER PAKHTUNKHWA'!J115 -> 0 | K115: =MPR!K115+KARACHI!K115+SINDH!K115+'GILGIT BALTISTAN'!K115+'AZAD KHASHMIR'!K115+'KHYBER PAKHTUNKHWA'!K115 -> 0 | L115: =MPR!L115+KARACHI!L115+SINDH!L115+'GILGIT BALTISTAN'!L115+'AZAD KHASHMIR'!L115+'KHYBER PAKHTUNKHWA'!L115 -> 0 | N115: =MPR!N115+KARACHI!N115+SINDH!N115+'GILGIT BALTISTAN'!N115:N118+'AZAD KHASHMIR'!N115:N118+'KHYBER PAKHTUNKHWA'!N115:N118 -> 84 | O115: =MPR!O115+KARACHI!O115+SINDH!O115+'GILGIT BALTISTAN'!O115:O118+'AZAD KHASHMIR'!O115:O118+'KHYBER PAKHTUNKHWA'!O115:O118 -> 1090 | P115: =MPR!P115+KARACHI!P115+SINDH!P115+'GILGIT BALTISTAN'!P115:P118+'AZAD KHASHMIR'!P115:P118+'KHYBER PAKHTUNKHWA'!P115:P118 -> 5019 | Q115: =MPR!Q115+KARACHI!Q115+SINDH!Q115+'GILGIT BALTISTAN'!Q115:Q118+'AZAD KHASHMIR'!Q115:Q118+'KHYBER PAKHTUNKHWA'!Q115:Q118 -> 43 | R115: =MPR!R115+KARACHI!R115+SINDH!R115+'GILGIT BALTISTAN'!R115:R118+'AZAD KHASHMIR'!R115:R118+'KHYBER PAKHTUNKHWA'!R115:R118 -> 862 | S115: =MPR!S115+KARACHI!S115+SINDH!S115+'GILGIT BALTISTAN'!S115:S118+'AZAD KHASHMIR'!S115:S118+'KHYBER PAKHTUNKHWA'!S115:S118 -> 4200 | T115: =MPR!T115+KARACHI!T115+SINDH!T115+'GILGIT BALTISTAN'!T115:T118+'AZAD KHASHMIR'!T115:T118+'KHYBER PAKHTUNKHWA'!T115:T118 -> 0 | U115: =MPR!U115+KARACHI!U115+SINDH!U115+'GILGIT BALTISTAN'!U115:U118+'AZAD KHASHMIR'!U115:U118+'KHYBER PAKHTUNKHWA'!U115:U118 -> 5 | V115: =MPR!V115+KARACHI!V115+SINDH!V115+'GILGIT BALTISTAN'!V115:V118+'AZAD KHASHMIR'!V115:V118+'KHYBER PAKHTUNKHWA'!V115:V118 -> 174 | W115: 6H | X115: =MPR!X115+KARACHI!X115+SINDH!X115+'GILGIT BALTISTAN'!X115+'AZAD KHASHMIR'!X115+'KHYBER PAKHTUNKHWA'!X115 -> 10 | Y115: =MPR!Y115+KARACHI!Y115+SINDH!Y115+'GILGIT BALTISTAN'!Y115+'AZAD KHASHMIR'!Y115+'KHYBER PAKHTUNKHWA'!Y115 -> 0 | Z115: =MPR!Z115+KARACHI!Z115+SINDH!Z115+'GILGIT BALTISTAN'!Z115+'AZAD KHASHMIR'!Z115+'KHYBER PAKHTUNKHWA'!Z115 -> 0 | AA115: =MPR!AA115+KARACHI!AA115+SINDH!AA115+'GILGIT BALTISTAN'!AA115+'AZAD KHASHMIR'!AA115+'KHYBER PAKHTUNKHWA'!AA115 -> 0 | AB115: =MPR!AB115+KARACHI!AB115+SINDH!AB115+'GILGIT BALTISTAN'!AB115+'AZAD KHASHMIR'!AB115+'KHYBER PAKHTUNKHWA'!AB115 -> 0 | AC115: =MPR!AC115+KARACHI!AC115+SINDH!AC115+'GILGIT BALTISTAN'!AC115+'AZAD KHASHMIR'!AC115+'KHYBER PAKHTUNKHWA'!AC115 -> 0
A116: Relapse | G116: =MPR!G116+KARACHI!G116+SINDH!G116+'GILGIT BALTISTAN'!G116+'AZAD KHASHMIR'!G116+'KHYBER PAKHTUNKHWA'!G116 -> 18 | H116: =MPR!H116+KARACHI!H116+SINDH!H116+'GILGIT BALTISTAN'!H116+'AZAD KHASHMIR'!H116+'KHYBER PAKHTUNKHWA'!H116 -> 0 | I116: =MPR!I116+KARACHI!I116+SINDH!I116+'GILGIT BALTISTAN'!I116+'AZAD KHASHMIR'!I116+'KHYBER PAKHTUNKHWA'!I116 -> 0 | J116: =MPR!J116+KARACHI!J116+SINDH!J116+'GILGIT BALTISTAN'!J116+'AZAD KHASHMIR'!J116+'KHYBER PAKHTUNKHWA'!J116 -> 0 | K116: =MPR!K116+KARACHI!K116+SINDH!K116+'GILGIT BALTISTAN'!K116+'AZAD KHASHMIR'!K116+'KHYBER PAKHTUNKHWA'!K116 -> 0 | L116: =MPR!L116+KARACHI!L116+SINDH!L116+'GILGIT BALTISTAN'!L116+'AZAD KHASHMIR'!L116+'KHYBER PAKHTUNKHWA'!L116 -> 0 | W116: 3HR | X116: =MPR!X116+KARACHI!X116+SINDH!X116+'GILGIT BALTISTAN'!X116+'AZAD KHASHMIR'!X116+'KHYBER PAKHTUNKHWA'!X116 -> 0 | Y116: =MPR!Y116+KARACHI!Y116+SINDH!Y116+'GILGIT BALTISTAN'!Y116+'AZAD KHASHMIR'!Y116+'KHYBER PAKHTUNKHWA'!Y116 -> 5 | Z116: =MPR!Z116+KARACHI!Z116+SINDH!Z116+'GILGIT BALTISTAN'!Z116+'AZAD KHASHMIR'!Z116+'KHYBER PAKHTUNKHWA'!Z116 -> 12 | AA116: =MPR!AA116+KARACHI!AA116+SINDH!AA116+'GILGIT BALTISTAN'!AA116+'AZAD KHASHMIR'!AA116+'KHYBER PAKHTUNKHWA'!AA116 -> 0 | AB116: =MPR!AB116+KARACHI!AB116+SINDH!AB116+'GILGIT BALTISTAN'!AB116+'AZAD KHASHMIR'!AB116+'KHYBER PAKHTUNKHWA'!AB116 -> 0 | AC116: =MPR!AC116+KARACHI!AC116+SINDH!AC116+'GILGIT BALTISTAN'!AC116+'AZAD KHASHMIR'!AC116+'KHYBER PAKHTUNKHWA'!AC116 -> 0
...
