Workbook
Name Print_Area_MI: #REF!
Name Print_Area_MI: #REF!

Sheet MPR
A2: QUARTERLY REPORT ON TB CASES REGISTRATION
A3: INDIVIDUAL/CONSOLIDATED (TICK ONE) | Z3: TB - 07
A4: Name of TB Care Facility (BMU) : | E4: KMC Leprosy Hospital | I4: District : | M4: Central : | O4: Manghopir | U4: Patients registered during | Z4: 1st Quarter | AC4: of Year 2026
A6: Name of TB Coodinator/Facility incharge : | I6: ___________________________________________________ | U6: Date of completion of this form : | AA6: _______________________
A8: Block 1: | L8: New (N) | N8: Relapse ® | P8: Previous Treatment History Unknown (UK) | S8: New episode (N+R+UK) | V8: Re - registered Cases ( Excluding Recurrent cases) | AC8: Total
A9: All TB Cases Registered | V9: Treatment after failure | Y9: Treatment after lost to follow-up | AA9: Other
A11: Pulmonary, Bacteriologically Confermid | L11: 0 | N11: 0 | P11: 0 | S11: 0 | V11: 0 | Y11: 0 | AA11: 0 | AC11: 0
A12: Pulmonary , Clinically Diagnosed | L12: 0 | N12: 0 | P12: 0 | S12: 0 | V12: 0 | Y12: 0 | AA12: 0 | AC12: 0
A13: Extra Pulmonary, Bacteriologically Confermid | L13: 0 | N13: 0 | P13: 0 | S13: 0 | V13: 0 | Y13: 0 | AA13: 0 | AC13: 0
A14: Extra Pulmonary , Clinically Diagnosed | L14: 0 | N14: 0 | P14: 0 | S14: 0 | V14: 0 | Y14: 0 | AA14: 0 | AC14: 0
A15: Total | L15: 0 | N15: 0 | P15: 0 | S15: 0 | V15: 0 | Y15: 0 | AA15: 0 | AC15: 0
A16: Block 2: All New, Relapse and previous treatment history unknown Cases registered during the period by Age Group and Gender
L17: 0-4 | N17: 5-14 | P17: 15-24 | R17: 25-34 | T17: 35-44 | V17: 45-54 | X17: 55-64 | Z17: 65 & Above | AB17: Total | AD17: Grand Total
L18: M | M18: F | N18: M | O18: F | P18: M | Q18: F | R18: M | S18: F | T18: M | U18: F | V18: M | W18: F | X18: M | Y18: F | Z18: M | AA18: F | AB18: M | AC18: F
A19: Pulmonary, Bacteriologically Confermid | L19: 0 | M19: 0 | N19: 0 | O19: 0 | P19: 0 | Q19: 0 | R19: 0 | S19: 0 | T19: 0 | U19: 0 | V19: 0 | W19: 0 | X19: 0 | Y19: 0 | Z19: 0 | AA19: 0 | AB19: 0 | AC19: 0 | AD19: 0
A20: Pulmonary , Clinically Diagnosed | L20: 0 | M20: 0 | N20: 0 | O20: 0 | P20: 0 | Q20: 0 | R20: 0 | S20: 0 | T20: 0 | U20: 0 | V20: 0 | W20: 0 | X20: 0 | Y20: 0 | Z20: 0 | AA20: 0 | AB20: 0 | AC20: 0 | AD20: 0
A21: Extra Pulmonary, Bacteriologically Confermid | L21: 0 | M21: 0 | N21: 0 | O21: 0 | P21: 0 | Q21: 0 | R21: 0 | S21: 0 | T21: 0 | U21: 0 | V21: 0 | W21: 0 | X21: 0 | Y21: 0 | Z21: 0 | AA21: 0 | AB21: 0 | AC21: 0 | AD21: 0
A22: Extra Pulmonary , Clinically Diagnosed | L22: 0 | M22: 0 | N22: 0 | O22: 0 | P22: 0 | Q22: 0 | R22: 0 | S22: 0 | T22: 0 | U22: 0 | V22: 0 | W22: 0 | X22: 0 | Y22: 0 | Z22: 0 | AA22: 0 | AB22: 0 | AC22: 0 | AD22: 0
A23: Total | L23: 0 | M23: 0 | N23: 0 | O23: 0 | P23: 0 | Q23: 0 | R23: 0 | S23: 0 | T23: 0 | U23: 0 | V23: 0 | W23: 0 | X23: 0 | Y23: 0 | Z23: 0 | AA23: 0 | AB23: 0 | AC23: 0 | AD23: 0
A25: Block 3: Presumptive TB Cases Identified Laboratory Diagnosis and use of WRD | O25: Block 4 : TB HIV Activities
A26: Total New OPD in Quarter | B26: No. of presumptive TB cases identified | D26: No. of Presumptive TB Patients tested Using | H26: Among Presumptive TB cases tested number reported B+ | L26: Among all registered number of B+ TB Cases | M26: Amoung All (N+R+UK) number tested by Gene Xpert | O26: No. of TB patients tested for HIV | S26: HIV Reactive | W26: TB Patients confirmed positive for HIV | AA26: HIV positive TB Patients put on ART
B27: Total | C27: Through Community Referrals (LHWs) | D27: AFB | E27: Xp & AFB | F27: XP | G27: G.Tot | H27: AFB | I27: AFB + Xpert | J27: Xpert | K27: G.Tot | O27: 0 | S27: 0 | W27: 0 | AA27: 0
A28: 0 | B28: 0 | C28: 0 | D28: 0 | E28: 0 | F28: 0 | G28: 0 | H28: 0 | I28: 0 | J28: 0 | K28: 0 | L28: 0 | M28: 0 | O28: HIV patient tested for TB | S28: HIV patients diagnosed for TB | W28: TB HIV patients put on TB Tx | AA28: HIV positive TB negative patients on TPT
O29: 0 | S29: 0 | W29: 0 | AB29: 0-4 | AC29: 5-14 | AD29: 15 +
AA30: 6H | AB30: 0 | AC30: 0 | AD30: 0
AA31: 3HR | AB31: 0 | AC31: 0 | AD31: 0
AA32: 3 HP | AB32: 0 | AC32: 0 | AD32: 0
A34: Block 5 : Bacteriologically Confermid TB Cases with DST Result | O34: Block 6 : Contact Tracing HH *
A35: Sensitive =S Resistance = R | B35: PTB | H35: EPTB | O35: Total No. of HH of B+ PTB | R35: No. of HH contacts of B+ PTB Cases Screened | U35: No. of TB Cases diagnosed Amoung HH contact screened | X35: No. of HH Contacts Initiated on TPT | AB35: HIV negative Immuno - compromised on TPT
B36: Rifampicin | D36: Isoniazid | F36: Fluoroquninolone | H36: Rifampicin | J36: Isoniazid | L36: Fluoroquninolone
B37: S | C37: R | D37: S | E37: R | F37: S | G37: R | H37: S | I37: R | J37: S | K37: R | L37: S | M37: R
A38: New + UK | B38: 0 | C38: 0 | D38: 0 | E38: 0 | F38: 0 | G38: 0 | H38: 0 | I38: 0 | J38: 0 | K38: 0 | L38: 0 | M38: 0 | Y38: 0-4 | Z38: 5-14 | AA38: 15+ | AB38: 0-4 | AC38: 5-14 | AD38: 15+
A39: Relapse | B39: 0 | C39: 0 | D39: 0 | E39: 0 | F39: 0 | G39: 0 | H39: 0 | I39: 0 | J39: 0 | K39: 0 | L39: 0 | M39: 0 | O39: 0-4 | P39: 5-14 | Q39: 15 + | R39: 0-4 | S39: 5-14 | T39: 15 + | U39: 0-4 | V39: 5-14 | W39: 15 + | X39: 6H | Y39: 0 | Z39: 0 | AA39: 0 | AB39: 0 | AC39: 0 | AD39: 0
A40: Previously treated | B40: 0 | C40: 0 | D40: 0 | E40: 0 | F40: 0 | G40: 0 | H40: 0 | I40: 0 | J40: 0 | K40: 0 | L40: 0 | M40: 0 | O40: 0 | P40: 0 | Q40: 0 | R40: 0 | S40: 0 | T40: 0 | U40: 0 | V40: 0 | W40: 0 | X40: 3HR | Y40: 0 | Z40: 0 | AA40: 0 | AB40: 0 | AC40: 0 | AD40: 0
A41: Total | B41: 0 | C41: 0 | D41: 0 | E41: 0 | F41: 0 | G41: 0 | H41: 0 | I41: 0 | J41: 0 | K41: 0 | L41: 0 | M41: 0 | X41: 3 HP | Y41: 0 | Z41: 0 | AA41: 0 | AB41: 0 | AC41: 0 | AD41: 0
A42: QUARTERLY REPORT ON TB CASES REGISTRATION
A43: INDIVIDUAL/CONSOLIDATED (TICK ONE) | Z43: TB - 07
A44: Name of TB Care Facility (BMU) : | E44: KMC Leprosy Hospital | I44: District : | K44: 0 | M44: Central : | O44: Manghopir | U44: Patients registered during | Z44: 2nd Quarter | AC44: of Year 2026
A46: Name of TB Coodinator/Facility incharge : | I46: ___________________________________________________ | U46: Date of completion of this form : | AA46: _______________________
A47: Block 1: | L47: New (N) | N47: Relapse ® | P47: Previous Treatment History Unknown (UK) | S47: New episode (N+R+UK) | V47: Re - registered Cases ( Excluding Recurrent cases) | AC47: Total
A48: All TB Cases Registered | V48: Treatment after failure | Y48: Treatment after lost to follow-up | AA48: Other
A50: Pulmonary, Bacteriologically Confermid | L50: 0 | N50: 0 | P50: 0 | S50: 0 | V50: 0 | Y50: 0 | AA50: 0 | AC50: 0
A51: Pulmonary , Clinically Diagnosed | L51: 0 | N51: 0 | P51: 0 | S51: 0 | V51: 0 | Y51: 0 | AA51: 0 | AC51: 0
A52: Extra Pulmonary, Bacteriologically Confermid | L52: 0 | N52: 0 | P52: 0 | S52: 0 | V52: 0 | Y52: 0 | AA52: 0 | AC52: 0
A53: Extra Pulmonary , Clinically Diagnosed | L53: 0 | N53: 0 | P53: 0 | S53: 0 | V53: 0 | Y53: 0 | AA53: 0 | AC53: 0
A54: Total | L54: 0 | N54: 0 | P54: 0 | S54: 0 | V54: 0 | Y54: 0 | AA54: 0 | AC54: 0
A55: Block 2: All New, Relapse and previous treatment history unknown Cases registered during the period by Age Group and Gender
L56: 0-4 | N56: 5-14 | P56: 15-24 | R56: 25-34 | T56: 35-44 | V56: 45-54 | X56: 55-64 | Z56: 65 & Above | AB56: Total | AD56: Grand Total
L57: M | M57: F | N57: M | O57: F | P57: M | Q57: F | R57: M | S57: F | T57: M | U57: F | V57: M | W57: F | X57: M | Y57: F | Z57: M | AA57: F | AB57: M | AC57: F
A58: Pulmonary, Bacteriologically Confermid | L58: 0 | M58: 0 | N58: 0 | O58: 0 | P58: 0 | Q58: 0 | R58: 0 | S58: 0 | T58: 0 | U58: 0 | V58: 0 | W58: 0 | X58: 0 | Y58: 0 | Z58: 0 | AA58: 0 | AB58: 0 | AC58: 0 | AD58: 0
A59: Pulmonary , Clinically Diagnosed | L59: 0 | M59: 0 | N59: 0 | O59: 0 | P59: 0 | Q59: 0 | R59: 0 | S59: 0 | T59: 0 | U59: 0 | V59: 0 | W59: 0 | X59: 0 | Y59: 0 | Z59: 0 | AA59: 0 | AB59: 0 | AC59: 0 | AD59: 0
A60: Extra Pulmonary, Bacteriologically Confermid | L60: 0 | M60: 0 | N60: 0 | O60: 0 | P60: 0 | Q60: 0 | R60: 0 | S60: 0 | T60: 0 | U60: 0 | V60: 0 | W60: 0 | X60: 0 | Y60: 0 | Z60: 0 | AA60: 0 | AB60: 0 | AC60: 0 | AD60: 0
A61: Extra Pulmonary , Clinically Diagnosed | L61: 0 | M61: 0 | N61: 0 | O61: 0 | P61: 0 | Q61: 0 | R61: 0 | S61: 0 | T61: 0 | U61: 0 | V61: 0 | W61: 0 | X61: 0 | Y61: 0 | Z61: 0 | AA61: 0 | AB61: 0 | AC61: 0 | AD61: 0
A62: Total | L62: 0 | M62: 0 | N62: 0 | O62: 0 | P62: 0 | Q62: 0 | R62: 0 | S62: 0 | T62: 0 | U62: 0 | V62: 0 | W62: 0 | X62: 0 | Y62: 0 | Z62: 0 | AA62: 0 | AB62: 0 | AC62: 0 | AD62: 0
A64: Block 3: Presumptive TB Cases Identified Laboratory Diagnosis and use of WRD | O64: Block 4 : TB HIV Activities
A65: Total New OPD in Quarter | B65: No. of presumptive TB cases identified | D65: No. of Presumptive TB Patients tested Using | H65: Among Presumptive TB cases tested number reported B+ | L65: Among all registered number of B+ TB Cases | M65: Amoung All (N+R+UK) number tested by Gene Xpert | O65: No. of TB patients tested for HIV | S65: HIV Reactive | W65: TB Patients confirmed positive for HIV | AA65: HIV positive TB Patients put on ART
B66: Total | C66: Through Community Referrals (LHWs) | D66: AFB | E66: Xp & AFB | F66: XP | G66: G.Tot | H66: AFB | I66: AFB + Xpert | J66: Xpert | K66: G.Tot | O66: 0 | S66: 0 | W66: 0 | AA66: 0
A67: 0 | B67: 0 | C67: 0 | D67: 0 | E67: 0 | F67: 0 | G67: 0 | H67: 0 | I67: 0 | J67: 0 | K67: 0 | L67: 0 | M67: 0 | O67: HIV patient tested for TB | S67: HIV patients diagnosed for TB | W67: TB HIV patients put on TB Tx | AA67: HIV positive TB negative patients on TPT
O68: 0 | S68: 0 | W68: 0 | AB68: 0-4 | AC68: 5-14 | AD68: 15 +
AA69: 6H | AB69: 0 | AC69: 0 | AD69: 0
AA70: 3HR | AB70: 0 | AC70: 0 | AD70: 0
AA71: 3 HP | AB71: 0 | AC71: 0 | AD71: 0
A73: Block 5 : Bacteriologically Confermid TB Cases with DST Result | O73: Block 6 : Contact Tracing HH *
A74: Sensitive =S Resistance = R | B74: PTB | H74: EPTB | O74: Total No. of HH of B+ PTB | R74: No. of HH contacts of B+ PTB Cases Screened | U74: No. of TB Cases diagnosed Amoung HH contact screened | X74: No. of HH Contacts Initiated on TPT | AB74: HIV negative Immuno - compromised on TPT
B75: Rifampicin | D75: Isoniazid | F75: Fluoroquninolone | H75: Rifampicin | J75: Isoniazid | L75: Fluoroquninolone
B76: S | C76: R | D76: S | E76: R | F76: S | G76: R | H76: S | I76: R | J76: S | K76: R | L76: S | M76: R
A77: New + UK | B77: 0 | C77: 0 | D77: 0 | E77: 0 | F77: 0 | G77: 0 | H77: 0 | I77: 0 | J77: 0 | K77: 0 | L77: 0 | M77: 0 | Y77: 0-4 | Z77: 5-14 | AA77: 15+ | AB77: 0-4 | AC77: 5-14 | AD77: 15+
A78: Relapse | B78: 0 | C78: 0 | D78: 0 | E78: 0 | F78: 0 | G78: 0 | H78: 0 | I78: 0 | J78: 0 | K78: 0 | L78: 0 | M78: 0 | O78: 0-4 | P78: 5-14 | Q78: 15 + | R78: 0-4 | S78: 5-14 | T78: 15 + | U78: 0-4 | V78: 5-14 | W78: 15 + | X78: 6H | Y78: 0 | Z78: 0 | AA78: 0 | AB78: 0 | AC78: 0 | AD78: 0
A79: Previously treated | B79: 0 | C79: 0 | D79: 0 | E79: 0 | F79: 0 | G79: 0 | H79: 0 | I79: 0 | J79: 0 | K79: 0 | L79: 0 | M79: 0 | O79: 0 | P79: 0 | Q79: 0 | R79: 0 | S79: 0 | T79: 0 | U79: 0 | V79: 0 | W79: 0 | X79: 3HR | Y79: 0 | Z79: 0 | AA79: 0 | AB79: 0 | AC79: 0 | AD79: 0
A80: Total | B80: 0 | C80: 0 | D80: 0 | E80: 0 | F80: 0 | G80: 0 | H80: 0 | I80: 0 | J80: 0 | K80: 0 | L80: 0 | M80: 0 | X80: 3 HP | Y80: 0 | Z80: 0 | AA80: 0 | AB80: 0 | AC80: 0 | AD80: 0
A81: INDIVIDUAL/CONSOLIDATED (TICK ONE) | Z81: TB - 07
A82: Name of TB Care Facility (BMU) : | E82: KMC Leprosy Hospital | I82: District : | K82: 0 | M82: Central : | O82: Manghopir | U82: Patients registered during | Z82: 3rd Quarter | AC82: of Year 2026
A84: Name of TB Coodinator/Facility incharge : | I84: ___________________________________________________ | U84: Date of completion of this form : | AA84: _______________________
A86: Block 1: | L86: New (N) | N86: Relapse ® | P86: Previous Treatment History Unknown (UK) | S86: New episode (N+R+UK) | V86: Re - registered Cases ( Excluding Recurrent cases) | AC86: Total
A87: All TB Cases Registered | V87: Treatment after failure | Y87: Treatment after lost to follow-up | AA87: Other
A89: Pulmonary, Bacteriologically Confermid | L89: 0 | N89: 0 | P89: 0 | S89: 0 | V89: 0 | Y89: 0 | AA89: 0 | AC89: 0
A90: Pulmonary , Clinically Diagnosed | L90: 0 | N90: 0 | P90: 0 | S90: 0 | V90: 0 | Y90: 0 | AA90: 0 | AC90: 0
A91: Extra Pulmonary, Bacteriologically Confermid | L91: 0 | N91: 0 | P91: 0 | S91: 0 | V91: 0 | Y91: 0 | AA91: 0 | AC91: 0
A92: Extra Pulmonary , Clinically Diagnosed | L92: 0 | N92: 0 | P92: 0 | S92: 0 | V92: 0 | Y92: 0 | AA92: 0 | AC92: 0
A93: Total | L93: 0 | N93: 0 | P93: 0 | S93: 0 | V93: 0 | Y93: 0 | AA93: 0 | AC93: 0
A94: Block 2: All New, Relapse and previous treatment history unknown Cases registered during the period by Age Group and Gender
L95: 0-4 | N95: 5-14 | P95: 15-24 | R95: 25-34 | T95: 35-44 | V95: 45-54 | X95: 55-64 | Z95: 65 & Above | AB95: Total | AD95: Grand Total
L96: M | M96: F | N96: M | O96: F | P96: M | Q96: F | R96: M | S96: F | T96: M | U96: F | V96: M | W96: F | X96: M | Y96: F | Z96: M | AA96: F | AB96: M | AC96: F
A97: Pulmonary, Bacteriologically Confermid | L97: 0 | M97: 0 | N97: 0 | O97: 0 | P97: 0 | Q97: 0 | R97: 0 | S97: 0 | T97: 0 | U97: 0 | V97: 0 | W97: 0 | X97: 0 | Y97: 0 | Z97: 0 | AA97: 0 | AB97: 0 | AC97: 0 | AD97: 0
A98: Pulmonary , Clinically Diagnosed | L98: 0 | M98: 0 | N98: 0 | O98: 0 | P98: 0 | Q98: 0 | R98: 0 | S98: 0 | T98: 0 | U98: 0 | V98: 0 | W98: 0 | X98: 0 | Y98: 0 | Z98: 0 | AA98: 0 | AB98: 0 | AC98: 0 | AD98: 0
A99: Extra Pulmonary, Bacteriologically Confermid | L99: 0 | M99: 0 | N99: 0 | O99: 0 | P99: 0 | Q99: 0 | R99: 0 | S99: 0 | T99: 0 | U99: 0 | V99: 0 | W99: 0 | X99: 0 | Y99: 0 | Z99: 0 | AA99: 0 | AB99: 0 | AC99: 0 | AD99: 0
A100: Extra Pulmonary , Clinically Diagnosed | L100: 0 | M100: 0 | N100: 0 | O100: 0 | P100: 0 | Q100: 0 | R100: 0 | S100: 0 | T100: 0 | U100: 0 | V100: 0 | W100: 0 | X100: 0 | Y100: 0 | Z100: 0 | AA100: 0 | AB100: 0 | AC100: 0 | AD100: 0
A101: Total | L101: 0 | M101: 0 | N101: 0 | O101: 0 | P101: 0 | Q101: 0 | R101: 0 | S101: 0 | T101: 0 | U101: 0 | V101: 0 | W101: 0 | X101: 0 | Y101: 0 | Z101: 0 | AA101: 0 | AB101: 0 | AC101: 0 | AD101: 0
A103: Block 3: Presumptive TB Cases Identified Laboratory Diagnosis and use of WRD | O103: Block 4 : TB HIV Activities
A104: Total New OPD in Quarter | B104: No. of presumptive TB cases identified | D104: No. of Presumptive TB Patients tested Using | H104: Among Presumptive TB cases tested number reported B+ | L104: Among all registered number of B+ TB Cases | M104: Amoung All (N+R+UK) number tested by Gene Xpert | O104: No. of TB patients tested for HIV | S104: HIV Reactive | W104: TB Patients confirmed positive for HIV | AA104: HIV positive TB Patients put on ART
B105: Total | C105: Through Community Referrals (LHWs) | D105: AFB | E105: Xp & AFB | F105: XP | G105: G.Tot | H105: AFB | I105: AFB + Xpert | J105: Xpert | K105: G.Tot | O105: 0 | S105: 0 | W105: 0 | AA105: 0
A106: 0 | B106: 0 | C106: 0 | D106: 0 | E106: 0 | F106: 0 | G106: 0 | H106: 0 | I106: 0 | J106: 0 | K106: 0 | L106: 0 | M106: 0 | O106: HIV patient tested for TB | S106: HIV patients diagnosed for TB | W106: TB HIV patients put on TB Tx | AA106: HIV positive TB negative patients on TPT
O107: 0 | S107: 0 | W107: 0 | AB107: 0-4 | AC107: 5-14 | AD107: 15 +
AA108: 6H | AB108: 0 | AC108: 0 | AD108: 0
AA109: 3HR | AB109: 0 | AC109: 0 | AD109: 0
AA110: 3 HP | AB110: 0 | AC110: 0 | AD110: 0
A112: Block 5 : Bacteriologically Confermid TB Cases with DST Result | O112: Block 6 : Contact Tracing HH *
A113: Sensitive =S Resistance = R | B113: PTB | H113: EPTB | O113: Total No. of HH of B+ PTB | R113: No. of HH contacts of B+ PTB Cases Screened | U113: No. of TB Cases diagnosed Amoung HH contact screened | X113: No. of HH Contacts Initiated on TPT | AB113: HIV negative Immuno - compromised on TPT
B114: Rifampicin | D114: Isoniazid | F114: Fluoroquninolone | H114: Rifampicin | J114: Isoniazid | L114: Fluoroquninolone
B115: S | C115: R | D115: S | E115: R | F115: S | G115: R | H115: S | I115: R | J115: S | K115: R | L115: S | M115: R
...

Sheet KARACHI
A2: QUARTERLY REPORT ON TB CASES REGISTRATION
A3: INDIVIDUAL/CONSOLIDATED (TICK ONE) | Z3: TB - 07
A4: Name of TB Care Facility (BMU) : | E4: KARACHI COMPLIED | I4: District : | M4: Central : | U4: Patients registered during | Z4: 1st Quarter | AC4: of Year 2026
A6: Name of TB Coodinator/Facility incharge : | I6: ___________________________________________________ | U6: Date of completion of this form : | AA6: _______________________
A8: Block 1: | L8: New (N) | N8: Relapse ® | P8: Previous Treatment History Unknown (UK) | S8: New episode (N+R+UK) | V8: Re - registered Cases ( Excluding Recurrent cases) | AC8: Total
A9: All TB Cases Registered | V9: Treatment after failure | Y9: Treatment after lost to follow-up | AA9: Other
A11: Pulmonary, Bacteriologically Confermid | L11: 79 | N11: 20 | P11: 0 | S11: 99 | V11: 0 | Y11: 3 | AA11: 5 | AC11: 107
A12: Pulmonary , Clinically Diagnosed | L12: 133 | N12: 17 | P12: 0 | S12: 150 | V12: 0 | Y12: 3 | AA12: 2 | AC12: 155
A13: Extra Pulmonary, Bacteriologically Confermid | L13: 1 | N13: 0 | P13: 0 | S13: 1 | V13: 0 | Y13: 0 | AA13: 1 | AC13: 2
A14: Extra Pulmonary , Clinically Diagnosed | L14: 70 | N14: 7 | P14: 0 | S14: 77 | V14: 0 | Y14: 1 | AA14: 4 | AC14: 82
A15: Total | L15: 283 | N15: 44 | P15: 0 | S15: 327 | V15: 0 | Y15: 7 | AA15: 12 | AC15: 346
A16: Block 2: All New, Relapse and previous treatment history unknown Cases registered during the period by Age Group and Gender
L17: 0-4 | N17: 5-14 | P17: 15-24 | R17: 25-34 | T17: 35-44 | V17: 45-54 | X17: 55-64 | Z17: 65 & Above | AB17: Total | AD17: Grand Total
L18: M | M18: F | N18: M | O18: F | P18: M | Q18: F | R18: M | S18: F | T18: M | U18: F | V18: M | W18: F | X18: M | Y18: F | Z18: M | AA18: F | AB18: M | AC18: F
A19: Pulmonary, Bacteriologically Confermid | L19: 0 | M19: 0 | N19: 0 | O19: 5 | P19: 9 | Q19: 26 | R19: 9 | S19: 11 | T19: 7 | U19: 6 | V19: 4 | W19: 7 | X19: 4 | Y19: 4 | Z19: 5 | AA19: 2 | AB19: 38 | AC19: 61 | AD19: 99
A20: Pulmonary , Clinically Diagnosed | L20: 1 | M20: 1 | N20: 4 | O20: 14 | P20: 17 | Q20: 17 | R20: 11 | S20: 13 | T20: 11 | U20: 8 | V20: 14 | W20: 6 | X20: 12 | Y20: 5 | Z20: 14 | AA20: 2 | AB20: 84 | AC20: 66 | AD20: 150
A21: Extra Pulmonary, Bacteriologically Confermid | L21: 0 | M21: 0 | N21: 0 | O21: 0 | P21: 0 | Q21: 0 | R21: 1 | S21: 0 | T21: 0 | U21: 0 | V21: 0 | W21: 0 | X21: 0 | Y21: 0 | Z21: 0 | AA21: 0 | AB21: 1 | AC21: 0 | AD21: 1
A22: Extra Pulmonary , Clinically Diagnosed | L22: 0 | M22: 1 | N22: 2 | O22: 7 | P22: 10 | Q22: 13 | R22: 7 | S22: 6 | T22: 2 | U22: 13 | V22: 3 | W22: 2 | X22: 3 | Y22: 2 | Z22: 4 | AA22: 2 | AB22: 31 | AC22: 46 | AD22: 77
A23: Total | L23: 1 | M23: 2 | N23: 6 | O23: 26 | P23: 36 | Q23: 56 | R23: 28 | S23: 30 | T23: 20 | U23: 27 | V23: 21 | W23: 15 | X23: 19 | Y23: 11 | Z23: 23 | AA23: 6 | AB23: 154 | AC23: 173 | AD23: 327
A25: Block 3: Presumptive TB Cases Identified Laboratory Diagnosis and use of WRD | O25: Block 4 : TB HIV Activities
A26: Total New OPD in Quarter | B26: No. of presumptive TB cases identified | D26: No. of Presumptive TB Patients tested Using | H26: Among Presumptive TB cases tested number reported B+ | L26: Among all registered number of B+ TB Cases | M26: Amoung All (N+R+UK) number tested by Gene Xpert | O26: No. of TB patients tested for HIV | S26: HIV Reactive | W26: TB Patients confirmed positive for HIV | AA26: HIV positive TB Patients put on ART
B27: Total | C27: Through Community Referrals (LHWs) | D27: AFB | E27: Xp & AFB | F27: XP | G27: G.Tot | H27: AFB | I27: AFB + Xpert | J27: Xpert | K27: G.Tot | O27: 190 | S27: 0 | W27: 0 | AA27: 0
A28: 5585 | B28: 672 | C28: 8 | D28: 138 | E28: 97 | F28: 342 | G28: 577 | H28: 6 | I28: 6 | J28: 79 | K28: 91 | L28: 88 | M28: 156 | O28: HIV patient tested for TB | S28: HIV patients diagnosed for TB | W28: TB HIV patients put on TB Tx | AA28: HIV positive TB negative patients on TPT
O29: 0 | S29: 0 | W29: 0 | AB29: 0-4 | AC29: 5-14 | AD29: 15 +
AA30: 6H | AB30: 0 | AC30: 0 | AD30: 0
AA31: 3HR | AB31: 0 | AC31: 0 | AD31: 0
AA32: 3 HP | AB32: 0 | AC32: 0 | AD32: 0
A34: Block 5 : Bacteriologically Confermid TB Cases with DST Result | O34: Block 6 : Contact Tracing HH *
A35: Sensitive =S Resistance = R | B35: PTB | H35: EPTB | O35: Total No. of HH of B+ PTB | R35: No. of HH contacts of B+ PTB Cases Screened | U35: No. of TB Cases diagnosed Amoung HH contact screened | X35: No. of HH Contacts Initiated on TPT | AB35: HIV negative Immuno - compromised on TPT
B36: Rifampicin | D36: Isoniazid | F36: Fluoroquninolone | H36: Rifampicin | J36: Isoniazid | L36: Fluoroquninolone
B37: S | C37: R | D37: S | E37: R | F37: S | G37: R | H37: S | I37: R | J37: S | K37: R | L37: S | M37: R
A38: New + UK | B38: 71 | C38: 0 | D38: 9 | E38: 0 | F38: 0 | G38: 0 | H38: 0 | I38: 0 | J38: 0 | K38: 0 | L38: 0 | M38: 0 | Y38: 0-4 | Z38: 5-14 | AA38: 15+ | AB38: 0-4 | AC38: 5-14 | AD38: 15+
A39: Relapse | B39: 20 | C39: 0 | D39: 0 | E39: 0 | F39: 0 | G39: 0 | H39: 0 | I39: 0 | J39: 0 | K39: 0 | L39: 0 | M39: 0 | O39: 0-4 | P39: 5-14 | Q39: 15 + | R39: 0-4 | S39: 5-14 | T39: 15 + | U39: 0-4 | V39: 5-14 | W39: 15 + | X39: 6H | Y39: 26 | Z39: 17 | AA39: 0 | AB39: 0 | AC39: 0 | AD39: 0
A40: Previously treated | B40: 2 | C40: 0 | D40: 0 | E40: 0 | F40: 0 | G40: 0 | H40: 0 | I40: 0 | J40: 0 | K40: 0 | L40: 0 | M40: 0 | O40: 49 | P40: 98 | Q40: 353 | R40: 38 | S40: 81 | T40: 247 | U40: 0 | V40: 1 | W40: 3 | X40: 3HR | Y40: 0 | Z40: 2 | AA40: 10 | AB40: 0 | AC40: 0 | AD40: 0
A41: Total | B41: 93 | C41: 0 | D41: 9 | E41: 0 | F41: 0 | G41: 0 | H41: 0 | I41: 0 | J41: 0 | K41: 0 | L41: 0 | M41: 0 | X41: 3 HP | Y41: 0 | Z41: 39 | AA41: 113 | AB41: 0 | AC41: 0 | AD41: 0
A42: QUARTERLY REPORT ON TB CASES REGISTRATION
A43: INDIVIDUAL/CONSOLIDATED (TICK ONE) | Z43: TB - 07
A44: Name of TB Care Facility (BMU) : | E44: KARACHI COMPLIED | I44: District : | K44: 0 | M44: Central : | O44: 0 | U44: Patients registered during | Z44: 2nd Quarter | AC44: of Year 2026
A46: Name of TB Coodinator/Facility incharge : | I46: ___________________________________________________ | U46: Date of completion of this form : | AA46: _______________________
A48: Block 1: | L48: New (N) | N48: Relapse ® | P48: Previous Treatment History Unknown (UK) | S48: New episode (N+R+UK) | V48: Re - registered Cases ( Excluding Recurrent cases) | AC48: Total
A49: All TB Cases Registered | V49: Treatment after failure | Y49: Treatment after lost to follow-up | AA49: Other
A51: Pulmonary, Bacteriologically Confermid | L51: 129 | N51: 26 | P51: 1 | S51: 156 | V51: 2 | Y51: 3 | AA51: 2 | AC51: 163
A52: Pulmonary , Clinically Diagnosed | L52: 168 | N52: 28 | P52: 0 | S52: 196 | V52: 1 | Y52: 5 | AA52: 5 | AC52: 207
A53: Extra Pulmonary, Bacteriologically Confermid | L53: 1 | N53: 0 | P53: 0 | S53: 1 | V53: 0 | Y53: 0 | AA53: 2 | AC53: 3
A54: Extra Pulmonary , Clinically Diagnosed | L54: 71 | N54: 5 | P54: 0 | S54: 76 | V54: 0 | Y54: 0 | AA54: 3 | AC54: 79
A55: Total | L55: 369 | N55: 59 | P55: 1 | S55: 429 | V55: 3 | Y55: 8 | AA55: 12 | AC55: 452
A56: Block 2: All New, Relapse and previous treatment history unknown Cases registered during the period by Age Group and Gender
L57: 0-4 | N57: 5-14 | P57: 15-24 | R57: 25-34 | T57: 35-44 | V57: 45-54 | X57: 55-64 | Z57: 65 & Above | AB57: Total | AD57: Grand Total
L58: M | M58: F | N58: M | O58: F | P58: M | Q58: F | R58: M | S58: F | T58: M | U58: F | V58: M | W58: F | X58: M | Y58: F | Z58: M | AA58: F | AB58: M | AC58: F
A59: Pulmonary, Bacteriologically Confermid | L59: 0 | M59: 0 | N59: 1 | O59: 9 | P59: 15 | Q59: 33 | R59: 7 | S59: 11 | T59: 14 | U59: 10 | V59: 10 | W59: 13 | X59: 10 | Y59: 8 | Z59: 13 | AA59: 2 | AB59: 70 | AC59: 86 | AD59: 156
A60: Pulmonary , Clinically Diagnosed | L60: 0 | M60: 1 | N60: 6 | O60: 10 | P60: 23 | Q60: 24 | R60: 14 | S60: 16 | T60: 18 | U60: 16 | V60: 17 | W60: 11 | X60: 13 | Y60: 6 | Z60: 15 | AA60: 6 | AB60: 106 | AC60: 90 | AD60: 196
A61: Extra Pulmonary, Bacteriologically Confermid | L61: 0 | M61: 0 | N61: 1 | O61: 0 | P61: 0 | Q61: 0 | R61: 0 | S61: 0 | T61: 0 | U61: 0 | V61: 0 | W61: 0 | X61: 0 | Y61: 0 | Z61: 0 | AA61: 0 | AB61: 1 | AC61: 0 | AD61: 1
A62: Extra Pulmonary , Clinically Diagnosed | L62: 0 | M62: 0 | N62: 4 | O62: 4 | P62: 8 | Q62: 19 | R62: 4 | S62: 10 | T62: 2 | U62: 6 | V62: 3 | W62: 7 | X62: 4 | Y62: 2 | Z62: 3 | AA62: 0 | AB62: 28 | AC62: 48 | AD62: 76
A63: Total | L63: 0 | M63: 1 | N63: 12 | O63: 23 | P63: 46 | Q63: 76 | R63: 25 | S63: 37 | T63: 34 | U63: 32 | V63: 30 | W63: 31 | X63: 27 | Y63: 16 | Z63: 31 | AA63: 8 | AB63: 205 | AC63: 224 | AD63: 429
A65: Block 3: Presumptive TB Cases Identified Laboratory Diagnosis and use of WRD | O65: Block 4 : TB HIV Activities
A66: Total New OPD in Quarter | B66: No. of presumptive TB cases identified | D66: No. of Presumptive TB Patients tested Using | H66: Among Presumptive TB cases tested number reported B+ | L66: Among all registered number of B+ TB Cases | M66: Amoung All (N+R+UK) number tested by Gene Xpert | O66: No. of TB patients tested for HIV | S66: HIV Reactive | W66: TB Patients confirmed positive for HIV | AA66: HIV positive TB Patients put on ART
B67: Total | C67: Through Community Referrals (LHWs) | D67: AFB | E67: Xp & AFB | F67: XP | G67: G.Tot | H67: AFB | I67: AFB + Xpert | J67: Xpert | K67: G.Tot | O67: 240 | S67: 0 | W67: 0 | AA67: 0
A68: 5523 | B68: 852 | C68: 30 | D68: 194 | E68: 194 | F68: 306 | G68: 694 | H68: 14 | I68: 31 | J68: 105 | K68: 150 | L68: 134 | M68: 176 | O68: HIV patient tested for TB | S68: HIV patients diagnosed for TB | W68: TB HIV patients put on TB Tx | AA68: HIV positive TB negative patients on TPT
O69: 0 | S69: 0 | W69: 0 | AB69: 0-4 | AC69: 5-14 | AD69: 15 +
AA70: 6H | AB70: 0 | AC70: 0 | AD70: 0
AA71: 3HR | AB71: 0 | AC71: 0 | AD71: 0
AA72: 3 HP | AB72: 0 | AC72: 0 | AD72: 0
A74: Block 5 : Bacteriologically Confermid TB Cases with DST Result | O74: Block 6 : Contact Tracing HH *
A75: Sensitive =S Resistance = R | B75: PTB | H75: EPTB | O75: Total No. of HH of B+ PTB | R75: No. of HH contacts of B+ PTB Cases Screened | U75: No. of TB Cases diagnosed Amoung HH contact screened | X75: No. of HH Contacts Initiated on TPT | AB75: HIV negative Immuno - compromised on TPT
B76: Rifampicin | D76: Isoniazid | F76: Fluoroquninolone | H76: Rifampicin | J76: Isoniazid | L76: Fluoroquninolone
B77: S | C77: R | D77: S | E77: R | F77: S | G77: R | H77: S | I77: R | J77: S | K77: R | L77: S | M77: R
A78: New + UK | B78: 122 | C78: 1 | D78: 18 | E78: 0 | F78: 0 | G78: 0 | H78: 0 | I78: 0 | J78: 0 | K78: 0 | L78: 0 | M78: 0 | Y78: 0-4 | Z78: 5-14 | AA78: 15+ | AB78: 0-4 | AC78: 5-14 | AD78: 15+
A79: Relapse | B79: 26 | C79: 0 | D79: 3 | E79: 0 | F79: 0 | G79: 0 | H79: 0 | I79: 0 | J79: 0 | K79: 0 | L79: 0 | M79: 0 | O79: 0-4 | P79: 5-14 | Q79: 15 + | R79: 0-4 | S79: 5-14 | T79: 15 + | U79: 0-4 | V79: 5-14 | W79: 15 + | X79: 6H | Y79: 8 | Z79: 9 | AA79: 0 | AB79: 0 | AC79: 0 | AD79: 0
A80: Previously treated | B80: 8 | C80: 0 | D80: 0 | E80: 0 | F80: 0 | G80: 0 | H80: 0 | I80: 0 | J80: 0 | K80: 0 | L80: 0 | M80: 0 | O80: 90 | P80: 254 | Q80: 786 | R80: 54 | S80: 158 | T80: 419 | U80: 0 | V80: 1 | W80: 13 | X80: 3HR | Y80: 0 | Z80: 0 | AA80: 0 | AB80: 0 | AC80: 0 | AD80: 0
A81: Total | B81: 156 | C81: 1 | D81: 21 | E81: 0 | F81: 0 | G81: 0 | H81: 0 | I81: 0 | J81: 0 | K81: 0 | L81: 0 | M81: 0 | X81: 3 HP | Y81: 0 | Z81: 36 | AA81: 152 | AB81: 0 | AC81: 0 | AD81: 0
A82: INDIVIDUAL/CONSOLIDATED (TICK ONE) | Z82: TB - 07
A83: Name of TB Care Facility (BMU) : | E83: KARACHI COMPLIED | I83: District : | K83: 0 | M83: Central : | O83: 0 | U83: Patients registered during | Z83: 3rd Quarter | AC83: of Year 2026
A85: Name of TB Coodinator/Facility incharge : | I85: ___________________________________________________ | U85: Date of completion of this form : | AA85: _______________________
A87: Block 1: | L87: New (N) | N87: Relapse ® | P87: Previous Treatment History Unknown (UK) | S87: New episode (N+R+UK) | V87: Re - registered Cases ( Excluding Recurrent cases) | AC87: Total
A88: All TB Cases Registered | V88: Treatment after failure | Y88: Treatment after lost to follow-up | AA88: Other
A90: Pulmonary, Bacteriologically Confermid | L90: 0 | N90: 0 | P90: 0 | S90: 0 | V90: 0 | Y90: 0 | AA90: 0 | AC90: 0
A91: Pulmonary , Clinically Diagnosed | L91: 0 | N91: 0 | P91: 0 | S91: 0 | V91: 0 | Y91: 0 | AA91: 0 | AC91: 0
A92: Extra Pulmonary, Bacteriologically Confermid | L92: 0 | N92: 0 | P92: 0 | S92: 0 | V92: 0 | Y92: 0 | AA92: 0 | AC92: 0
A93: Extra Pulmonary , Clinically Diagnosed | L93: 0 | N93: 0 | P93: 0 | S93: 0 | V93: 0 | Y93: 0 | AA93: 0 | AC93: 0
A94: Total | L94: 0 | N94: 0 | P94: 0 | S94: 0 | V94: 0 | Y94: 0 | AA94: 0 | AC94: 0
A95: Block 2: All New, Relapse and previous treatment history unknown Cases registered during the period by Age Group and Gender
L96: 0-4 | N96: 5-14 | P96: 15-24 | R96: 25-34 | T96: 35-44 | V96: 45-54 | X96: 55-64 | Z96: 65 & Above | AB96: Total | AD96: Grand Total
L97: M | M97: F | N97: M | O97: F | P97: M | Q97: F | R97: M | S97: F | T97: M | U97: F | V97: M | W97: F | X97: M | Y97: F | Z97: M | AA97: F | AB97: M | AC97: F
A98: Pulmonary, Bacteriologically Confermid | L98: 0 | M98: 0 | N98: 0 | O98: 0 | P98: 0 | Q98: 0 | R98: 0 | S98: 0 | T98: 0 | U98: 0 | V98: 0 | W98: 0 | X98: 0 | Y98: 0 | Z98: 0 | AA98: 0 | AB98: 0 | AC98: 0 | AD98: 0
A99: Pulmonary , Clinically Diagnosed | L99: 0 | M99: 0 | N99: 0 | O99: 0 | P99: 0 | Q99: 0 | R99: 0 | S99: 0 | T99: 0 | U99: 0 | V99: 0 | W99: 0 | X99: 0 | Y99: 0 | Z99: 0 | AA99: 0 | AB99: 0 | AC99: 0 | AD99: 0
A100: Extra Pulmonary, Bacteriologically Confermid | L100: 0 | M100: 0 | N100: 0 | O100: 0 | P100: 0 | Q100: 0 | R100: 0 | S100: 0 | T100: 0 | U100: 0 | V100: 0 | W100: 0 | X100: 0 | Y100: 0 | Z100: 0 | AA100: 0 | AB100: 0 | AC100: 0 | AD100: 0
A101: Extra Pulmonary , Clinically Diagnosed | L101: 0 | M101: 0 | N101: 0 | O101: 0 | P101: 0 | Q101: 0 | R101: 0 | S101: 0 | T101: 0 | U101: 0 | V101: 0 | W101: 0 | X101: 0 | Y101: 0 | Z101: 0 | AA101: 0 | AB101: 0 | AC101: 0 | AD101: 0
A102: Total | L102: 0 | M102: 0 | N102: 0 | O102: 0 | P102: 0 | Q102: 0 | R102: 0 | S102: 0 | T102: 0 | U102: 0 | V102: 0 | W102: 0 | X102: 0 | Y102: 0 | Z102: 0 | AA102: 0 | AB102: 0 | AC102: 0 | AD102: 0
A104: Block 3: Presumptive TB Cases Identified Laboratory Diagnosis and use of WRD | O104: Block 4 : TB HIV Activities
A105: Total New OPD in Quarter | B105: No. of presumptive TB cases identified | D105: No. of Presumptive TB Patients tested Using | H105: Among Presumptive TB cases tested number reported B+ | L105: Among all registered number of B+ TB Cases | M105: Amoung All (N+R+UK) number tested by Gene Xpert | O105: No. of TB patients tested for HIV | S105: HIV Reactive | W105: TB Patients confirmed positive for HIV | AA105: HIV positive TB Patients put on ART
B106: Total | C106: Through Community Referrals (LHWs) | D106: AFB | E106: Xp & AFB | F106: XP | G106: G.Tot | H106: AFB | I106: AFB + Xpert | J106: Xpert | K106: G.Tot | O106: 0 | S106: 0 | W106: 0 | AA106: 0
A107: 0 | B107: 0 | C107: 0 | D107: 0 | E107: 0 | F107: 0 | G107: 0 | H107: 0 | I107: 0 | J107: 0 | K107: 0 | L107: 0 | M107: 0 | O107: HIV patient tested for TB | S107: HIV patients diagnosed for TB | W107: TB HIV patients put on TB Tx | AA107: HIV positive TB negative patients on TPT
O108: 0 | S108: 0 | W108: 0 | AB108: 0-4 | AC108: 5-14 | AD108: 15 +
AA109: 6H | AB109: 0 | AC109: 0 | AD109: 0
AA110: 3HR | AB110: 0 | AC110: 0 | AD110: 0
AA111: 3 HP | AB111: 0 | AC111: 0 | AD111: 0
A113: Block 5 : Bacteriologically Confermid TB Cases with DST Result | O113: Block 6 : Contact Tracing HH *
A114: Sensitive =S Resistance = R | B114: PTB | H114: EPTB | O114: Total No. of HH of B+ PTB | R114: No. of HH contacts of B+ PTB Cases Screened | U114: No. of TB Cases diagnosed Amoung HH contact screened | X114: No. of HH Contacts Initiated on TPT | AB114: HIV negative Immuno - compromised on TPT
B115: Rifampicin | D115: Isoniazid | F115: Fluoroquninolone | H115: Rifampicin | J115: Isoniazid | L115: Fluoroquninolone
B116: S | C116: R | D116: S | E116: R | F116: S | G116: R | H116: S | I116: R | J116: S | K116: R | L116: S | M116: R
...

Sheet SINDH
A2: QUARTERLY REPORT ON TB CASES REGISTRATION
A3: INDIVIDUAL/CONSOLIDATED (TICK ONE) | Z3: TB - 07
A4: Name of TB Care Facility (BMU) : | E4: Consolidated | I4: District : | M4: Central : | O4: SINDH | U4: Patients registered during | Z4: 1st Quarter | AC4: of Year 2026
A6: Name of TB Coodinator/Facility incharge : | I6: ___________________________________________________ | U6: Date of completion of this form : | AA6: _______________________
A8: Block 1: | L8: New (N) | N8: Relapse ® | P8: Previous Treatment History Unknown (UK) | S8: New episode (N+R+UK) | V8: Re - registered Cases ( Excluding Recurrent cases) | AC8: Total
A9: All TB Cases Registered | V9: Treatment after failure | Y9: Treatment after lost to follow-up | AA9: Other
A11: Pulmonary, Bacteriologically Confermid | L11: 39 | N11: 9 | P11: 0 | S11: 48 | V11: 0 | Y11: 0 | AA11: 0 | AC11: 48
A12: Pulmonary , Clinically Diagnosed | L12: 3 | N12: 0 | P12: 0 | S12: 3 | V12: 0 | Y12: 0 | AA12: 0 | AC12: 3
A13: Extra Pulmonary, Bacteriologically Confermid | L13: 0 | N13: 0 | P13: 0 | S13: 0 | V13: 0 | Y13: 0 | AA13: 0 | AC13: 0
A14: Extra Pulmonary , Clinically Diagnosed | L14: 8 | N14: 0 | P14: 0 | S14: 8 | V14: 0 | Y14: 0 | AA14: 0 | AC14: 8
A15: Total | L15: 50 | N15: 9 | P15: 0 | S15: 59 | V15: 0 | Y15: 0 | AA15: 0 | AC15: 59
A16: Block 2: All New, Relapse and previous treatment history unknown Cases registered during the period by Age Group and Gender
L17: 0-4 | N17: 5-14 | P17: 15-24 | R17: 25-34 | T17: 35-44 | V17: 45-54 | X17: 55-64 | Z17: 65 & Above | AB17: Total | AD17: Grand Total
L18: M | M18: F | N18: M | O18: F | P18: M | Q18: F | R18: M | S18: F | T18: M | U18: F | V18: M | W18: F | X18: M | Y18: F | Z18: M | AA18: F | AB18: M | AC18: F
A19: Pulmonary, Bacteriologically Confermid | L19: 0 | M19: 0 | N19: 0 | O19: 0 | P19: 4 | Q19: 5 | R19: 7 | S19: 11 | T19: 3 | U19: 4 | V19: 8 | W19: 5 | X19: 1 | Y19: 0 | Z19: 0 | AA19: 0 | AB19: 23 | AC19: 25 | AD19: 48
A20: Pulmonary , Clinically Diagnosed | L20: 0 | M20: 0 | N20: 0 | O20: 0 | P20: 0 | Q20: 0 | R20: 0 | S20: 0 | T20: 0 | U20: 0 | V20: 1 | W20: 0 | X20: 1 | Y20: 1 | Z20: 0 | AA20: 0 | AB20: 2 | AC20: 1 | AD20: 3
A21: Extra Pulmonary, Bacteriologically Confermid | L21: 0 | M21: 0 | N21: 0 | O21: 0 | P21: 0 | Q21: 0 | R21: 0 | S21: 0 | T21: 0 | U21: 0 | V21: 0 | W21: 0 | X21: 0 | Y21: 0 | Z21: 0 | AA21: 0 | AB21: 0 | AC21: 0 | AD21: 0
A22: Extra Pulmonary , Clinically Diagnosed | L22: 0 | M22: 0 | N22: 0 | O22: 0 | P22: 1 | Q22: 0 | R22: 0 | S22: 2 | T22: 0 | U22: 1 | V22: 3 | W22: 1 | X22: 0 | Y22: 0 | Z22: 0 | AA22: 0 | AB22: 4 | AC22: 4 | AD22: 8
A23: Total | L23: 0 | M23: 0 | N23: 0 | O23: 0 | P23: 5 | Q23: 5 | R23: 7 | S23: 13 | T23: 3 | U23: 5 | V23: 12 | W23: 6 | X23: 2 | Y23: 1 | Z23: 0 | AA23: 0 | AB23: 29 | AC23: 30 | AD23: 59
A25: Block 3: Presumptive TB Cases Identified Laboratory Diagnosis and use of WRD | O25: Block 4 : TB HIV Activities
A26: Total New OPD in Quarter | B26: No. of presumptive TB cases identified | D26: No. of Presumptive TB Patients tested Using | H26: Among Presumptive TB cases tested number reported B+ | L26: Among all registered number of B+ TB Cases | M26: Amoung All (N+R+UK) number tested by Gene Xpert | O26: No. of TB patients tested for HIV | S26: HIV Reactive | W26: TB Patients confirmed positive for HIV | AA26: HIV positive TB Patients put on ART
B27: Total | C27: Through Community Referrals (LHWs) | D27: AFB | E27: Xp & AFB | F27: XP | G27: G.Tot | H27: AFB | I27: AFB + Xpert | J27: Xpert | K27: G.Tot | O27: 0 | S27: 0 | W27: 0 | AA27: 0
A28: 38039 | B28: 262 | C28: 0 | D28: 173 | E28: 92 | F28: 41 | G28: 306 | H28: 7 | I28: 33 | J28: 8 | K28: 48 | L28: 48 | M28: 33 | O28: HIV patient tested for TB | S28: HIV patients diagnosed for TB | W28: TB HIV patients put on TB Tx | AA28: HIV positive TB negative patients on TPT
O29: 12 | S29: 0 | W29: 0 | AB29: 0-4 | AC29: 5-14 | AD29: 15 +
AA30: 6H | AB30: 0 | AC30: 0 | AD30: 0
AA31: 3HR | AB31: 0 | AC31: 0 | AD31: 0
AA32: 3 HP | AB32: 0 | AC32: 0 | AD32: 0
A34: Block 5 : Bacteriologically Confermid TB Cases with DST Result | O34: Block 6 : Contact Tracing HH *
A35: Sensitive =S Resistance = R | B35: PTB | H35: EPTB | O35: Total No. of HH of B+ PTB | R35: No. of HH contacts of B+ PTB Cases Screened | U35: No. of TB Cases diagnosed Amoung HH contact screened | X35: No. of HH Contacts Initiated on TPT | AB35: HIV negative Immuno - compromised on TPT
B36: Rifampicin | D36: Isoniazid | F36: Fluoroquninolone | H36: Rifampicin | J36: Isoniazid | L36: Fluoroquninolone
B37: S | C37: R | D37: S | E37: R | F37: S | G37: R | H37: S | I37: R | J37: S | K37: R | L37: S | M37: R
A38: New + UK | B38: 27 | C38: 2 | D38: 0 | E38: 0 | F38: 0 | G38: 0 | H38: 0 | I38: 0 | J38: 0 | K38: 0 | L38: 0 | M38: 0 | Y38: 0-4 | Z38: 5-14 | AA38: 15+ | AB38: 0-4 | AC38: 5-14 | AD38: 15+
A39: Relapse | B39: 6 | C39: 0 | D39: 0 | E39: 0 | F39: 0 | G39: 0 | H39: 0 | I39: 0 | J39: 0 | K39: 0 | L39: 0 | M39: 0 | O39: 0-4 | P39: 5-14 | Q39: 15 + | R39: 0-4 | S39: 5-14 | T39: 15 + | U39: 0-4 | V39: 5-14 | W39: 15 + | X39: 6H | Y39: 0 | Z39: 0 | AA39: 0 | AB39: 0 | AC39: 0 | AD39: 0
A40: Previously treated | B40: 0 | C40: 0 | D40: 0 | E40: 0 | F40: 0 | G40: 0 | H40: 0 | I40: 0 | J40: 0 | K40: 0 | L40: 0 | M40: 0 | O40: 0 | P40: 0 | Q40: 0 | R40: 0 | S40: 0 | T40: 0 | U40: 0 | V40: 0 | W40: 0 | X40: 3HR | Y40: 0 | Z40: 0 | AA40: 0 | AB40: 0 | AC40: 0 | AD40: 0
A41: Total | B41: 33 | C41: 2 | D41: 0 | E41: 0 | F41: 0 | G41: 0 | H41: 0 | I41: 0 | J41: 0 | K41: 0 | L41: 0 | M41: 0 | X41: 3 HP | Y41: 0 | Z41: 0 | AA41: 0 | AB41: 0 | AC41: 0 | AD41: 0
A42: QUARTERLY REPORT ON TB CASES REGISTRATION
A43: INDIVIDUAL/CONSOLIDATED (TICK ONE) | Z43: TB - 07
A44: Name of TB Care Facility (BMU) : | E44: Consolidated | I44: District : | K44: 0 | M44: Central : | O44: SINDH | U44: Patients registered during | Z44: 2nd Quarter | AC44: of Year 2026
A46: Name of TB Coodinator/Facility incharge : | I46: ___________________________________________________ | U46: Date of completion of this form : | AA46: _______________________
A48: Block 1: | L48: New (N) | N48: Relapse ® | P48: Previous Treatment History Unknown (UK) | S48: New episode (N+R+UK) | V48: Re - registered Cases ( Excluding Recurrent cases) | AC48: Total
A49: All TB Cases Registered | V49: Treatment after failure | Y49: Treatment after lost to follow-up | AA49: Other
A51: Pulmonary, Bacteriologically Confermid | L51: 39 | N51: 5 | P51: 0 | S51: 44 | V51: 0 | Y51: 0 | AA51: 0 | AC51: 44
A52: Pulmonary , Clinically Diagnosed | L52: 12 | N52: 0 | P52: 0 | S52: 12 | V52: 0 | Y52: 0 | AA52: 0 | AC52: 12
A53: Extra Pulmonary, Bacteriologically Confermid | L53: 0 | N53: 0 | P53: 0 | S53: 0 | V53: 0 | Y53: 0 | AA53: 0 | AC53: 0
A54: Extra Pulmonary , Clinically Diagnosed | L54: 4 | N54: 0 | P54: 0 | S54: 4 | V54: 0 | Y54: 0 | AA54: 0 | AC54: 4
A55: Total | L55: 55 | N55: 5 | P55: 0 | S55: 60 | V55: 0 | Y55: 0 | AA55: 0 | AC55: 60
A56: Block 2: All New, Relapse and previous treatment history unknown Cases registered during the period by Age Group and Gender
L57: 0-4 | N57: 5-14 | P57: 15-24 | R57: 25-34 | T57: 35-44 | V57: 45-54 | X57: 55-64 | Z57: 65 & Above | AB57: Total | AD57: Grand Total
L58: M | M58: F | N58: M | O58: F | P58: M | Q58: F | R58: M | S58: F | T58: M | U58: F | V58: M | W58: F | X58: M | Y58: F | Z58: M | AA58: F | AB58: M | AC58: F
A59: Pulmonary, Bacteriologically Confermid | L59: 0 | M59: 0 | N59: 0 | O59: 0 | P59: 3 | Q59: 2 | R59: 8 | S59: 8 | T59: 2 | U59: 4 | V59: 10 | W59: 0 | X59: 1 | Y59: 5 | Z59: 1 | AA59: 0 | AB59: 25 | AC59: 19 | AD59: 44
A60: Pulmonary , Clinically Diagnosed | L60: 0 | M60: 0 | N60: 0 | O60: 0 | P60: 0 | Q60: 3 | R60: 0 | S60: 3 | T60: 3 | U60: 0 | V60: 0 | W60: 2 | X60: 0 | Y60: 1 | Z60: 0 | AA60: 0 | AB60: 3 | AC60: 9 | AD60: 12
A61: Extra Pulmonary, Bacteriologically Confermid | L61: 0 | M61: 0 | N61: 0 | O61: 0 | P61: 0 | Q61: 0 | R61: 0 | S61: 0 | T61: 0 | U61: 0 | V61: 0 | W61: 0 | X61: 0 | Y61: 0 | Z61: 0 | AA61: 0 | AB61: 0 | AC61: 0 | AD61: 0
A62: Extra Pulmonary , Clinically Diagnosed | L62: 0 | M62: 0 | N62: 0 | O62: 0 | P62: 0 | Q62: 0 | R62: 1 | S62: 2 | T62: 1 | U62: 0 | V62: 0 | W62: 0 | X62: 0 | Y62: 0 | Z62: 0 | AA62: 0 | AB62: 2 | AC62: 2 | AD62: 4
A63: Total | L63: 0 | M63: 0 | N63: 0 | O63: 0 | P63: 3 | Q63: 5 | R63: 9 | S63: 13 | T63: 6 | U63: 4 | V63: 10 | W63: 2 | X63: 1 | Y63: 6 | Z63: 1 | AA63: 0 | AB63: 30 | AC63: 30 | AD63: 60
A65: Block 3: Presumptive TB Cases Identified Laboratory Diagnosis and use of WRD | O65: Block 4 : TB HIV Activities
A66: Total New OPD in Quarter | B66: No. of presumptive TB cases identified | D66: No. of Presumptive TB Patients tested Using | H66: Among Presumptive TB cases tested number reported B+ | L66: Among all registered number of B+ TB Cases | M66: Amoung All (N+R+UK) number tested by Gene Xpert | O66: No. of TB patients tested for HIV | S66: HIV Reactive | W66: TB Patients confirmed positive for HIV | AA66: HIV positive TB Patients put on ART
B67: Total | C67: Through Community Referrals (LHWs) | D67: AFB | E67: Xp & AFB | F67: XP | G67: G.Tot | H67: AFB | I67: AFB + Xpert | J67: Xpert | K67: G.Tot | O67: 33 | S67: 0 | W67: 0 | AA67: 0
A68: 35980 | B68: 257 | C68: 0 | D68: 249 | E68: 4 | F68: 71 | G68: 324 | H68: 28 | I68: 4 | J68: 12 | K68: 44 | L68: 44 | M68: 17 | O68: HIV patient tested for TB | S68: HIV patients diagnosed for TB | W68: TB HIV patients put on TB Tx | AA68: HIV positive TB negative patients on TPT
O69: 0 | S69: 0 | W69: 0 | AB69: 0-4 | AC69: 5-14 | AD69: 15 +
AA70: 6H | AB70: 0 | AC70: 0 | AD70: 0
AA71: 3HR | AB71: 0 | AC71: 0 | AD71: 0
AA72: 3 HP | AB72: 0 | AC72: 0 | AD72: 0
A74: Block 5 : Bacteriologically Confermid TB Cases with DST Result | O74: Block 6 : Contact Tracing HH *
A75: Sensitive =S Resistance = R | B75: PTB | H75: EPTB | O75: Total No. of HH of B+ PTB | R75: No. of HH contacts of B+ PTB Cases Screened | U75: No. of TB Cases diagnosed Amoung HH contact screened | X75: No. of HH Contacts Initiated on TPT | AB75: HIV negative Immuno - compromised on TPT
B76: Rifampicin | D76: Isoniazid | F76: Fluoroquninolone | H76: Rifampicin | J76: Isoniazid | L76: Fluoroquninolone
B77: S | C77: R | D77: S | E77: R | F77: S | G77: R | H77: S | I77: R | J77: S | K77: R | L77: S | M77: R
A78: New + UK | B78: 39 | C78: 0 | D78: 0 | E78: 0 | F78: 0 | G78: 0 | H78: 0 | I78: 0 | J78: 0 | K78: 0 | L78: 0 | M78: 0 | Y78: 0-4 | Z78: 5-14 | AA78: 15+ | AB78: 0-4 | AC78: 5-14 | AD78: 15+
A79: Relapse | B79: 5 | C79: 0 | D79: 0 | E79: 0 | F79: 0 | G79: 0 | H79: 0 | I79: 0 | J79: 0 | K79: 0 | L79: 0 | M79: 0 | O79: 0-4 | P79: 5-14 | Q79: 15 + | R79: 0-4 | S79: 5-14 | T79: 15 + | U79: 0-4 | V79: 5-14 | W79: 15 + | X79: 6H | Y79: 0 | Z79: 0 | AA79: 0 | AB79: 0 | AC79: 0 | AD79: 0
A80: Previously treated | B80: 0 | C80: 0 | D80: 0 | E80: 0 | F80: 0 | G80: 0 | H80: 0 | I80: 0 | J80: 0 | K80: 0 | L80: 0 | M80: 0 | O80: 0 | P80: 0 | Q80: 0 | R80: 0 | S80: 0 | T80: 0 | U80: 0 | V80: 0 | W80: 0 | X80: 3HR | Y80: 0 | Z80: 0 | AA80: 0 | AB80: 0 | AC80: 0 | AD80: 0
A81: Total | B81: 44 | C81: 0 | D81: 0 | E81: 0 | F81: 0 | G81: 0 | H81: 0 | I81: 0 | J81: 0 | K81: 0 | L81: 0 | M81: 0 | X81: 3 HP | Y81: 0 | Z81: 0 | AA81: 0 | AB81: 0 | AC81: 0 | AD81: 0
A82: INDIVIDUAL/CONSOLIDATED (TICK ONE) | Z82: TB - 07
A83: Name of TB Care Facility (BMU) : | E83: Consolidated | I83: District : | K83: 0 | M83: Central : | O83: SINDH | U83: Patients registered during | Z83: 3rd Quarter | AC83: of Year 2026
A85: Name of TB Coodinator/Facility incharge : | I85: ___________________________________________________ | U85: Date of completion of this form : | AA85: _______________________
A87: Block 1: | L87: New (N) | N87: Relapse ® | P87: Previous Treatment History Unknown (UK) | S87: New episode (N+R+UK) | V87: Re - registered Cases ( Excluding Recurrent cases) | AC87: Total
A88: All TB Cases Registered | V88: Treatment after failure | Y88: Treatment after lost to follow-up | AA88: Other
A90: Pulmonary, Bacteriologically Confermid | L90: 0 | N90: 0 | P90: 0 | S90: 0 | V90: 0 | Y90: 0 | AA90: 0 | AC90: 0
A91: Pulmonary , Clinically Diagnosed | L91: 0 | N91: 0 | P91: 0 | S91: 0 | V91: 0 | Y91: 0 | AA91: 0 | AC91: 0
A92: Extra Pulmonary, Bacteriologically Confermid | L92: 0 | N92: 0 | P92: 0 | S92: 0 | V92: 0 | Y92: 0 | AA92: 0 | AC92: 0
A93: Extra Pulmonary , Clinically Diagnosed | L93: 0 | N93: 0 | P93: 0 | S93: 0 | V93: 0 | Y93: 0 | AA93: 0 | AC93: 0
A94: Total | L94: 0 | N94: 0 | P94: 0 | S94: 0 | V94: 0 | Y94: 0 | AA94: 0 | AC94: 0
A95: Block 2: All New, Relapse and previous treatment history unknown Cases registered during the period by Age Group and Gender
L96: 0-4 | N96: 5-14 | P96: 15-24 | R96: 25-34 | T96: 35-44 | V96: 45-54 | X96: 55-64 | Z96: 65 & Above | AB96: Total | AD96: Grand Total
L97: M | M97: F | N97: M | O97: F | P97: M | Q97: F | R97: M | S97: F | T97: M | U97: F | V97: M | W97: F | X97: M | Y97: F | Z97: M | AA97: F | AB97: M | AC97: F
A98: Pulmonary, Bacteriologically Confermid | L98: 0 | M98: 0 | N98: 0 | O98: 0 | P98: 0 | Q98: 0 | R98: 0 | S98: 0 | T98: 0 | U98: 0 | V98: 0 | W98: 0 | X98: 0 | Y98: 0 | Z98: 0 | AA98: 0 | AB98: 0 | AC98: 0 | AD98: 0
A99: Pulmonary , Clinically Diagnosed | L99: 0 | M99: 0 | N99: 0 | O99: 0 | P99: 0 | Q99: 0 | R99: 0 | S99: 0 | T99: 0 | U99: 0 | V99: 0 | W99: 0 | X99: 0 | Y99: 0 | Z99: 0 | AA99: 0 | AB99: 0 | AC99: 0 | AD99: 0
A100: Extra Pulmonary, Bacteriologically Confermid | L100: 0 | M100: 0 | N100: 0 | O100: 0 | P100: 0 | Q100: 0 | R100: 0 | S100: 0 | T100: 0 | U100: 0 | V100: 0 | W100: 0 | X100: 0 | Y100: 0 | Z100: 0 | AA100: 0 | AB100: 0 | AC100: 0 | AD100: 0
A101: Extra Pulmonary , Clinically Diagnosed | L101: 0 | M101: 0 | N101: 0 | O101: 0 | P101: 0 | Q101: 0 | R101: 0 | S101: 0 | T101: 0 | U101: 0 | V101: 0 | W101: 0 | X101: 0 | Y101: 0 | Z101: 0 | AA101: 0 | AB101: 0 | AC101: 0 | AD101: 0
A102: Total | L102: 0 | M102: 0 | N102: 0 | O102: 0 | P102: 0 | Q102: 0 | R102: 0 | S102: 0 | T102: 0 | U102: 0 | V102: 0 | W102: 0 | X102: 0 | Y102: 0 | Z102: 0 | AA102: 0 | AB102: 0 | AC102: 0 | AD102: 0
A104: Block 3: Presumptive TB Cases Identified Laboratory Diagnosis and use of WRD | O104: Block 4 : TB HIV Activities
A105: Total New OPD in Quarter | B105: No. of presumptive TB cases identified | D105: No. of Presumptive TB Patients tested Using | H105: Among Presumptive TB cases tested number reported B+ | L105: Among all registered number of B+ TB Cases | M105: Amoung All (N+R+UK) number tested by Gene Xpert | O105: No. of TB patients tested for HIV | S105: HIV Reactive | W105: TB Patients confirmed positive for HIV | AA105: HIV positive TB Patients put on ART
B106: Total | C106: Through Community Referrals (LHWs) | D106: AFB | E106: Xp & AFB | F106: XP | G106: G.Tot | H106: AFB | I106: AFB + Xpert | J106: Xpert | K106: G.Tot | O106: 0 | S106: 0 | W106: 0 | AA106: 0
A107: 0 | B107: 0 | C107: 0 | D107: 0 | E107: 0 | F107: 0 | G107: 0 | H107: 0 | I107: 0 | J107: 0 | K107: 0 | L107: 0 | M107: 0 | O107: HIV patient tested for TB | S107: HIV patients diagnosed for TB | W107: TB HIV patients put on TB Tx | AA107: HIV positive TB negative patients on TPT
O108: 0 | S108: 0 | W108: 0 | AB108: 0-4 | AC108: 5-14 | AD108: 15 +
AA109: 6H | AB109: 0 | AC109: 0 | AD109: 0
AA110: 3HR | AB110: 0 | AC110: 0 | AD110: 0
AA111: 3 HP | AB111: 0 | AC111: 0 | AD111: 0
A113: Block 5 : Bacteriologically Confermid TB Cases with DST Result | O113: Block 6 : Contact Tracing HH *
A114: Sensitive =S Resistance = R | B114: PTB | H114: EPTB | O114: Total No. of HH of B+ PTB | R114: No. of HH contacts of B+ PTB Cases Screened | U114: No. of TB Cases diagnosed Amoung HH contact screened | X114: No. of HH Contacts Initiated on TPT | AB114: HIV negative Immuno - compromised on TPT
B115: Rifampicin | D115: Isoniazid | F115: Fluoroquninolone | H115: Rifampicin | J115: Isoniazid | L115: Fluoroquninolone
B116: S | C116: R | D116: S | E116: R | F116: S | G116: R | H116: S | I116: R | J116: S | K116: R | L116: S | M116: R
...

Sheet GILGIT BALTISTAN
A2: QUARTERLY REPORT ON TB CASES REGISTRATION
A3: INDIVIDUAL/CONSOLIDATED (TICK ONE) | Z3: TB - 07
A4: Name of TB Care Facility (BMU) : | E4: GB - Consolidated | I4: District : | M4: Central : | O4: Gilgit Baltistan | U4: Patients registered during | Z4: 1st Quarter | AC4: of Year 2026
A6: Name of TB Coodinator/Facility incharge : | I6: ___________________________________________________ | U6: Date of completion of this form : | AA6: _______________________
A8: Block 1: | L8: New (N) | N8: Relapse ® | P8: Previous Treatment History Unknown (UK) | S8: New episode (N+R+UK) | V8: Re - registered Cases ( Excluding Recurrent cases) | AC8: Total
A9: All TB Cases Registered | V9: Treatment after failure | Y9: Treatment after lost to follow-up | AA9: Other
A11: Pulmonary, Bacteriologically Confermid | L11: 149 | N11: 2 | P11: 0 | S11: 151 | V11: 0 | Y11: 0 | AA11: 0 | AC11: 151
A12: Pulmonary , Clinically Diagnosed | L12: 626 | N12: 2 | P12: 2 | S12: 630 | V12: 0 | Y12: 0 | AA12: 0 | AC12: 630
A13: Extra Pulmonary, Bacteriologically Confermid | L13: 1 | N13: 0 | P13: 0 | S13: 1 | V13: 0 | Y13: 0 | AA13: 0 | AC13: 1
A14: Extra Pulmonary , Clinically Diagnosed | L14: 323 | N14: 0 | P14: 0 | S14: 323 | V14: 0 | Y14: 0 | AA14: 0 | AC14: 323
A15: Total | L15: 1099 | N15: 4 | P15: 2 | S15: 1105 | V15: 0 | Y15: 0 | AA15: 0 | AC15: 1105
A16: Block 2: All New, Relapse and previous treatment history unknown Cases registered during the period by Age Group and Gender
L17: 0-4 | N17: 5-14 | P17: 15-24 | R17: 25-34 | T17: 35-44 | V17: 45-54 | X17: 55-64 | Z17: 65 & Above | AB17: Total | AD17: Grand Total
L18: M | M18: F | N18: M | O18: F | P18: M | Q18: F | R18: M | S18: F | T18: M | U18: F | V18: M | W18: F | X18: M | Y18: F | Z18: M | AA18: F | AB18: M | AC18: F
A19: Pulmonary, Bacteriologically Confermid | L19: 0 | M19: 0 | N19: 3 | O19: 3 | P19: 13 | Q19: 22 | R19: 19 | S19: 12 | T19: 4 | U19: 10 | V19: 6 | W19: 11 | X19: 9 | Y19: 14 | Z19: 16 | AA19: 9 | AB19: 70 | AC19: 81 | AD19: 151
A20: Pulmonary , Clinically Diagnosed | L20: 184 | M20: 151 | N20: 54 | O20: 36 | P20: 24 | Q20: 25 | R20: 16 | S20: 26 | T20: 19 | U20: 21 | V20: 12 | W20: 18 | X20: 12 | Y20: 8 | Z20: 14 | AA20: 10 | AB20: 335 | AC20: 295 | AD20: 630
A21: Extra Pulmonary, Bacteriologically Confermid | L21: 0 | M21: 0 | N21: 0 | O21: 0 | P21: 0 | Q21: 0 | R21: 0 | S21: 0 | T21: 0 | U21: 0 | V21: 0 | W21: 1 | X21: 0 | Y21: 0 | Z21: 0 | AA21: 0 | AB21: 0 | AC21: 1 | AD21: 1
A22: Extra Pulmonary , Clinically Diagnosed | L22: 72 | M22: 77 | N22: 22 | O22: 11 | P22: 20 | Q22: 19 | R22: 16 | S22: 12 | T22: 10 | U22: 9 | V22: 11 | W22: 10 | X22: 13 | Y22: 5 | Z22: 10 | AA22: 6 | AB22: 174 | AC22: 149 | AD22: 323
A23: Total | L23: 256 | M23: 228 | N23: 79 | O23: 50 | P23: 57 | Q23: 66 | R23: 51 | S23: 50 | T23: 33 | U23: 40 | V23: 29 | W23: 40 | X23: 34 | Y23: 27 | Z23: 40 | AA23: 25 | AB23: 579 | AC23: 526 | AD23: 1105
A25: Block 3: Presumptive TB Cases Identified Laboratory Diagnosis and use of WRD | O25: Block 4 : TB HIV Activities
A26: Total New OPD in Quarter | B26: No. of presumptive TB cases identified | D26: No. of Presumptive TB Patients tested Using | H26: Among Presumptive TB cases tested number reported B+ | L26: Among all registered number of B+ TB Cases | M26: Amoung All (N+R+UK) number tested by Gene Xpert | O26: No. of TB patients tested for HIV | S26: HIV Reactive | W26: TB Patients confirmed positive for HIV | AA26: HIV positive TB Patients put on ART
B27: Total | C27: Through Community Referrals (LHWs) | D27: AFB | E27: Xp & AFB | F27: XP | G27: G.Tot | H27: AFB | I27: AFB + Xpert | J27: Xpert | K27: G.Tot | O27: 413 | S27: 4 | W27: 0 | AA27: 0
A28: 327076 | B28: 3820 | C28: 495 | D28: 482 | E28: 185 | F28: 2317 | G28: 2984 | H28: 21 | I28: 12 | J28: 145 | K28: 178 | L28: 146 | M28: 170 | O28: HIV patient tested for TB | S28: HIV patients diagnosed for TB | W28: TB HIV patients put on TB Tx | AA28: HIV positive TB negative patients on TPT
O29: 15 | S29: 0 | W29: 0 | AB29: 0-4 | AC29: 5-14 | AD29: 15 +
AA30: 6H | AB30: 0 | AC30: 0 | AD30: 0
AA31: 3HR | AB31: 0 | AC31: 0 | AD31: 0
AA32: 3 HP | AB32: 0 | AC32: 0 | AD32: 0
A34: Block 5 : Bacteriologically Confermid TB Cases with DST Result | O34: Block 6 : Contact Tracing HH *
A35: Sensitive =S Resistance = R | B35: PTB | H35: EPTB | O35: Total No. of HH of B+ PTB | R35: No. of HH contacts of B+ PTB Cases Screened | U35: No. of TB Cases diagnosed Amoung HH contact screened | X35: No. of HH Contacts Initiated on TPT | AB35: HIV negative Immuno - compromised on TPT
B36: Rifampicin | D36: Isoniazid | F36: Fluoroquninolone | H36: Rifampicin | J36: Isoniazid | L36: Fluoroquninolone
B37: S | C37: R | D37: S | E37: R | F37: S | G37: R | H37: S | I37: R | J37: S | K37: R | L37: S | M37: R
A38: New + UK | B38: 87 | C38: 1 | D38: 0 | E38: 0 | F38: 0 | G38: 0 | H38: 0 | I38: 0 | J38: 0 | K38: 0 | L38: 0 | M38: 0 | Y38: 0-4 | Z38: 5-14 | AA38: 15+ | AB38: 0-4 | AC38: 5-14 | AD38: 15+
A39: Relapse | B39: 2 | C39: 0 | D39: 0 | E39: 0 | F39: 0 | G39: 0 | H39: 0 | I39: 0 | J39: 0 | K39: 0 | L39: 0 | M39: 0 | O39: 0-4 | P39: 5-14 | Q39: 15 + | R39: 0-4 | S39: 5-14 | T39: 15 + | U39: 0-4 | V39: 5-14 | W39: 15 + | X39: 6H | Y39: 2 | Z39: 0 | AA39: 0 | AB39: 0 | AC39: 0 | AD39: 0
A40: Previously treated | B40: 0 | C40: 0 | D40: 0 | E40: 0 | F40: 0 | G40: 0 | H40: 0 | I40: 0 | J40: 0 | K40: 0 | L40: 0 | M40: 0 | O40: 30 | P40: 133 | Q40: 481 | R40: 23 | S40: 101 | T40: 267 | U40: 0 | V40: 1 | W40: 2 | X40: 3HR | Y40: 0 | Z40: 0 | AA40: 0 | AB40: 0 | AC40: 0 | AD40: 0
A41: Total | B41: 89 | C41: 1 | D41: 0 | E41: 0 | F41: 0 | G41: 0 | H41: 0 | I41: 0 | J41: 0 | K41: 0 | L41: 0 | M41: 0 | X41: 3 HP | Y41: 0 | Z41: 9 | AA41: 78 | AB41: 0 | AC41: 0 | AD41: 0
A42: QUARTERLY REPORT ON TB CASES REGISTRATION
A43: INDIVIDUAL/CONSOLIDATED (TICK ONE) | Z43: TB - 07
A44: Name of TB Care Facility (BMU) : | E44: GB - Consolidated | I44: District : | K44: 0 | M44: Central : | O44: Gilgit Baltistan | U44: Patients registered during | Z44: 2nd Quarter | AC44: of Year 2026
A46: Name of TB Coodinator/Facility incharge : | I46: ___________________________________________________ | U46: Date of completion of this form : | AA46: _______________________
A48: Block 1: | L48: New (N) | N48: Relapse ® | P48: Previous Treatment History Unknown (UK) | S48: New episode (N+R+UK) | V48: Re - registered Cases ( Excluding Recurrent cases) | AC48: Total
A49: All TB Cases Registered | V49: Treatment after failure | Y49: Treatment after lost to follow-up | AA49: Other
A51: Pulmonary, Bacteriologically Confermid | L51: 123 | N51: 7 | P51: 0 | S51: 130 | V51: 0 | Y51: 0 | AA51: 0 | AC51: 130
A52: Pulmonary , Clinically Diagnosed | L52: 944 | N52: 0 | P52: 0 | S52: 944 | V52: 0 | Y52: 0 | AA52: 0 | AC52: 944
A53: Extra Pulmonary, Bacteriologically Confermid | L53: 4 | N53: 0 | P53: 0 | S53: 4 | V53: 0 | Y53: 0 | AA53: 0 | AC53: 4
A54: Extra Pulmonary , Clinically Diagnosed | L54: 416 | N54: 0 | P54: 0 | S54: 416 | V54: 0 | Y54: 0 | AA54: 0 | AC54: 416
A55: Total | L55: 1487 | N55: 7 | P55: 0 | S55: 1494 | V55: 0 | Y55: 0 | AA55: 0 | AC55: 1494
A56: Block 2: All New, Relapse and previous treatment history unknown Cases registered during the period by Age Group and Gender
L57: 0-4 | N57: 5-14 | P57: 15-24 | R57: 25-34 | T57: 35-44 | V57: 45-54 | X57: 55-64 | Z57: 65 & Above | AB57: Total | AD57: Grand Total
L58: M | M58: F | N58: M | O58: F | P58: M | Q58: F | R58: M | S58: F | T58: M | U58: F | V58: M | W58: F | X58: M | Y58: F | Z58: M | AA58: F | AB58: M | AC58: F
A59: Pulmonary, Bacteriologically Confermid | L59: 0 | M59: 0 | N59: 4 | O59: 3 | P59: 11 | Q59: 24 | R59: 12 | S59: 15 | T59: 7 | U59: 10 | V59: 3 | W59: 4 | X59: 6 | Y59: 3 | Z59: 13 | AA59: 15 | AB59: 56 | AC59: 74 | AD59: 130
A60: Pulmonary , Clinically Diagnosed | L60: 292 | M60: 232 | N60: 83 | O60: 69 | P60: 34 | Q60: 47 | R60: 27 | S60: 46 | T60: 20 | U60: 19 | V60: 12 | W60: 20 | X60: 7 | Y60: 9 | Z60: 18 | AA60: 9 | AB60: 493 | AC60: 451 | AD60: 944
A61: Extra Pulmonary, Bacteriologically Confermid | L61: 0 | M61: 0 | N61: 0 | O61: 0 | P61: 1 | Q61: 0 | R61: 1 | S61: 1 | T61: 0 | U61: 0 | V61: 0 | W61: 0 | X61: 0 | Y61: 1 | Z61: 0 | AA61: 0 | AB61: 2 | AC61: 2 | AD61: 4
A62: Extra Pulmonary , Clinically Diagnosed | L62: 125 | M62: 88 | N62: 34 | O62: 31 | P62: 23 | Q62: 19 | R62: 18 | S62: 11 | T62: 7 | U62: 12 | V62: 6 | W62: 8 | X62: 10 | Y62: 10 | Z62: 9 | AA62: 5 | AB62: 232 | AC62: 184 | AD62: 416
A63: Total | L63: 417 | M63: 320 | N63: 121 | O63: 103 | P63: 69 | Q63: 90 | R63: 58 | S63: 73 | T63: 34 | U63: 41 | V63: 21 | W63: 32 | X63: 23 | Y63: 23 | Z63: 40 | AA63: 29 | AB63: 783 | AC63: 711 | AD63: 1494
A65: Block 3: Presumptive TB Cases Identified Laboratory Diagnosis and use of WRD | O65: Block 4 : TB HIV Activities
A66: Total New OPD in Quarter | B66: No. of presumptive TB cases identified | D66: No. of Presumptive TB Patients tested Using | H66: Among Presumptive TB cases tested number reported B+ | L66: Among all registered number of B+ TB Cases | M66: Amoung All (N+R+UK) number tested by Gene Xpert | O66: No. of TB patients tested for HIV | S66: HIV Reactive | W66: TB Patients confirmed positive for HIV | AA66: HIV positive TB Patients put on ART
B67: Total | C67: Through Community Referrals (LHWs) | D67: AFB | E67: Xp & AFB | F67: XP | G67: G.Tot | H67: AFB | I67: AFB + Xpert | J67: Xpert | K67: G.Tot | O67: 436 | S67: 1 | W67: 1 | AA67: 1
A68: 327241 | B68: 4048 | C68: 255 | D68: 1221 | E68: 66 | F68: 2273 | G68: 3560 | H68: 17 | I68: 9 | J68: 114 | K68: 140 | L68: 128 | M68: 131 | O68: HIV patient tested for TB | S68: HIV patients diagnosed for TB | W68: TB HIV patients put on TB Tx | AA68: HIV positive TB negative patients on TPT
O69: 20 | S69: 0 | W69: 0 | AB69: 0-4 | AC69: 5-14 | AD69: 15 +
AA70: 6H | AB70: 0 | AC70: 0 | AD70: 0
AA71: 3HR | AB71: 0 | AC71: 0 | AD71: 0
AA72: 3 HP | AB72: 0 | AC72: 0 | AD72: 0
A74: Block 5 : Bacteriologically Confermid TB Cases with DST Result | O74: Block 6 : Contact Tracing HH *
A75: Sensitive =S Resistance = R | B75: PTB | H75: EPTB | O75: Total No. of HH of B+ PTB | R75: No. of HH contacts of B+ PTB Cases Screened | U75: No. of TB Cases diagnosed Amoung HH contact screened | X75: No. of HH Contacts Initiated on TPT | AB75: HIV negative Immuno - compromised on TPT
B76: Rifampicin | D76: Isoniazid | F76: Fluoroquninolone | H76: Rifampicin | J76: Isoniazid | L76: Fluoroquninolone
B77: S | C77: R | D77: S | E77: R | F77: S | G77: R | H77: S | I77: R | J77: S | K77: R | L77: S | M77: R
A78: New + UK | B78: 91 | C78: 0 | D78: 0 | E78: 0 | F78: 0 | G78: 0 | H78: 0 | I78: 0 | J78: 0 | K78: 0 | L78: 0 | M78: 0 | Y78: 0-4 | Z78: 5-14 | AA78: 15+ | AB78: 0-4 | AC78: 5-14 | AD78: 15+
A79: Relapse | B79: 0 | C79: 0 | D79: 0 | E79: 0 | F79: 0 | G79: 0 | H79: 0 | I79: 0 | J79: 0 | K79: 0 | L79: 0 | M79: 0 | O79: 0-4 | P79: 5-14 | Q79: 15 + | R79: 0-4 | S79: 5-14 | T79: 15 + | U79: 0-4 | V79: 5-14 | W79: 15 + | X79: 6H | Y79: 5 | Z79: 0 | AA79: 0 | AB79: 0 | AC79: 0 | AD79: 0
A80: Previously treated | B80: 1 | C80: 0 | D80: 0 | E80: 0 | F80: 0 | G80: 0 | H80: 0 | I80: 0 | J80: 0 | K80: 0 | L80: 0 | M80: 0 | O80: 28 | P80: 152 | Q80: 409 | R80: 18 | S80: 134 | T80: 232 | U80: 0 | V80: 5 | W80: 9 | X80: 3HR | Y80: 0 | Z80: 0 | AA80: 10 | AB80: 0 | AC80: 0 | AD80: 0
A81: Total | B81: 92 | C81: 0 | D81: 0 | E81: 0 | F81: 0 | G81: 0 | H81: 0 | I81: 0 | J81: 0 | K81: 0 | L81: 0 | M81: 0 | X81: 3 HP | Y81: 0 | Z81: 14 | AA81: 0 | AB81: 0 | AC81: 0 | AD81: 0
A82: INDIVIDUAL/CONSOLIDATED (TICK ONE) | Z82: TB - 07
A83: Name of TB Care Facility (BMU) : | E83: GB - Consolidated | I83: District : | K83: 0 | M83: Central : | O83: Gilgit Baltistan | U83: Patients registered during | Z83: 3rd Quarter | AC83: of Year 2026
A85: Name of TB Coodinator/Facility incharge : | I85: ___________________________________________________ | U85: Date of completion of this form : | AA85: _______________________
A87: Block 1: | L87: New (N) | N87: Relapse ® | P87: Previous Treatment History Unknown (UK) | S87: New episode (N+R+UK) | V87: Re - registered Cases ( Excluding Recurrent cases) | AC87: Total
A88: All TB Cases Registered | V88: Treatment after failure | Y88: Treatment after lost to follow-up | AA88: Other
A90: Pulmonary, Bacteriologically Confermid | L90: 0 | N90: 0 | P90: 0 | S90: 0 | V90: 0 | Y90: 0 | AA90: 0 | AC90: 0
A91: Pulmonary , Clinically Diagnosed | L91: 0 | N91: 0 | P91: 0 | S91: 0 | V91: 0 | Y91: 0 | AA91: 0 | AC91: 0
A92: Extra Pulmonary, Bacteriologically Confermid | L92: 0 | N92: 0 | P92: 0 | S92: 0 | V92: 0 | Y92: 0 | AA92: 0 | AC92: 0
A93: Extra Pulmonary , Clinically Diagnosed | L93: 0 | N93: 0 | P93: 0 | S93: 0 | V93: 0 | Y93: 0 | AA93: 0 | AC93: 0
A94: Total | L94: 0 | N94: 0 | P94: 0 | S94: 0 | V94: 0 | Y94: 0 | AA94: 0 | AC94: 0
A95: Block 2: All New, Relapse and previous treatment history unknown Cases registered during the period by Age Group and Gender
L96: 0-4 | N96: 5-14 | P96: 15-24 | R96: 25-34 | T96: 35-44 | V96: 45-54 | X96: 55-64 | Z96: 65 & Above | AB96: Total | AD96: Grand Total
L97: M | M97: F | N97: M | O97: F | P97: M | Q97: F | R97: M | S97: F | T97: M | U97: F | V97: M | W97: F | X97: M | Y97: F | Z97: M | AA97: F | AB97: M | AC97: F
A98: Pulmonary, Bacteriologically Confermid | L98: 0 | M98: 0 | N98: 0 | O98: 0 | P98: 0 | Q98: 0 | R98: 0 | S98: 0 | T98: 0 | U98: 0 | V98: 0 | W98: 0 | X98: 0 | Y98: 0 | Z98: 0 | AA98: 0 | AB98: 0 | AC98: 0 | AD98: 0
A99: Pulmonary , Clinically Diagnosed | L99: 0 | M99: 0 | N99: 0 | O99: 0 | P99: 0 | Q99: 0 | R99: 0 | S99: 0 | T99: 0 | U99: 0 | V99: 0 | W99: 0 | X99: 0 | Y99: 0 | Z99: 0 | AA99: 0 | AB99: 0 | AC99: 0 | AD99: 0
A100: Extra Pulmonary, Bacteriologically Confermid | L100: 0 | M100: 0 | N100: 0 | O100: 0 | P100: 0 | Q100: 0 | R100: 0 | S100: 0 | T100: 0 | U100: 0 | V100: 0 | W100: 0 | X100: 0 | Y100: 0 | Z100: 0 | AA100: 0 | AB100: 0 | AC100: 0 | AD100: 0
A101: Extra Pulmonary , Clinically Diagnosed | L101: 0 | M101: 0 | N101: 0 | O101: 0 | P101: 0 | Q101: 0 | R101: 0 | S101: 0 | T101: 0 | U101: 0 | V101: 0 | W101: 0 | X101: 0 | Y101: 0 | Z101: 0 | AA101: 0 | AB101: 0 | AC101: 0 | AD101: 0
A102: Total | L102: 0 | M102: 0 | N102: 0 | O102: 0 | P102: 0 | Q102: 0 | R102: 0 | S102: 0 | T102: 0 | U102: 0 | V102: 0 | W102: 0 | X102: 0 | Y102: 0 | Z102: 0 | AA102: 0 | AB102: 0 | AC102: 0 | AD102: 0
A104: Block 3: Presumptive TB Cases Identified Laboratory Diagnosis and use of WRD | O104: Block 4 : TB HIV Activities
A105: Total New OPD in Quarter | B105: No. of presumptive TB cases identified | D105: No. of Presumptive TB Patients tested Using | H105: Among Presumptive TB cases tested number reported B+ | L105: Among all registered number of B+ TB Cases | M105: Amoung All (N+R+UK) number tested by Gene Xpert | O105: No. of TB patients tested for HIV | S105: HIV Reactive | W105: TB Patients confirmed positive for HIV | AA105: HIV positive TB Patients put on ART
B106: Total | C106: Through Community Referrals (LHWs) | D106: AFB | E106: Xp & AFB | F106: XP | G106: G.Tot | H106: AFB | I106: AFB + Xpert | J106: Xpert | K106: G.Tot | O106: 0 | S106: 0 | W106: 0 | AA106: 0
A107: 0 | B107: 0 | C107: 0 | D107: 0 | E107: 0 | F107: 0 | G107: 0 | H107: 0 | I107: 0 | J107: 0 | K107: 0 | L107: 0 | M107: 0 | O107: HIV patient tested for TB | S107: HIV patients diagnosed for TB | W107: TB HIV patients put on TB Tx | AA107: HIV positive TB negative patients on TPT
O108: 0 | S108: 0 | W108: 0 | AB108: 0-4 | AC108: 5-14 | AD108: 15 +
AA109: 6H | AB109: 0 | AC109: 0 | AD109: 0
AA110: 3HR | AB110: 0 | AC110: 0 | AD110: 0
AA111: 3 HP | AB111: 0 | AC111: 0 | AD111: 0
A113: Block 5 : Bacteriologically Confermid TB Cases with DST Result | O113: Block 6 : Contact Tracing HH *
A114: Sensitive =S Resistance = R | B114: PTB | H114: EPTB | O114: Total No. of HH of B+ PTB | R114: No. of HH contacts of B+ PTB Cases Screened | U114: No. of TB Cases diagnosed Amoung HH contact screened | X114: No. of HH Contacts Initiated on TPT | AB114: HIV negative Immuno - compromised on TPT
B115: Rifampicin | D115: Isoniazid | F115: Fluoroquninolone | H115: Rifampicin | J115: Isoniazid | L115: Fluoroquninolone
B116: S | C116: R | D116: S | E116: R | F116: S | G116: R | H116: S | I116: R | J116: S | K116: R | L116: S | M116: R
...

Sheet AZAD KHASHMIR
A2: QUARTERLY REPORT ON TB CASES REGISTRATION
A3: INDIVIDUAL/CONSOLIDATED (TICK ONE) | Z3: TB - 07
A4: Name of TB Care Facility (BMU) : | E4: Consolidated | I4: District : | M4: Central : | O4: Azad Kashmir | U4: Patients registered during | Z4: 1st Quarter | AC4: of Year 2026
A6: Name of TB Coodinator/Facility incharge : | I6: ___________________________________________________ | U6: Date of completion of this form : | AA6: _______________________
A8: Block 1: | L8: New (N) | N8: Relapse ® | P8: Previous Treatment History Unknown (UK) | S8: New episode (N+R+UK) | V8: Re - registered Cases ( Excluding Recurrent cases) | AC8: Total
A9: All TB Cases Registered | V9: Treatment after failure | Y9: Treatment after lost to follow-up | AA9: Other
A11: Pulmonary, Bacteriologically Confermid | L11: 516 | N11: 63 | P11: 1 | S11: 580 | V11: 0 | Y11: 0 | AA11: 0 | AC11: 580
A12: Pulmonary , Clinically Diagnosed | L12: 419 | N12: 9 | P12: 0 | S12: 428 | V12: 0 | Y12: 0 | AA12: 0 | AC12: 428
A13: Extra Pulmonary, Bacteriologically Confermid | L13: 3 | N13: 0 | P13: 0 | S13: 3 | V13: 0 | Y13: 0 | AA13: 0 | AC13: 3
A14: Extra Pulmonary , Clinically Diagnosed | L14: 321 | N14: 3 | P14: 0 | S14: 324 | V14: 0 | Y14: 0 | AA14: 0 | AC14: 324
A15: Total | L15: 1259 | N15: 75 | P15: 1 | S15: 1335 | V15: 0 | Y15: 0 | AA15: 0 | AC15: 1335
A16: Block 2: All New, Relapse and previous treatment history unknown Cases registered during the period by Age Group and Gender
L17: 0-4 | N17: 5-14 | P17: 15-24 | R17: 25-34 | T17: 35-44 | V17: 45-54 | X17: 55-64 | Z17: 65 & Above | AB17: Total | AD17: Grand Total
L18: M | M18: F | N18: M | O18: F | P18: M | Q18: F | R18: M | S18: F | T18: M | U18: F | V18: M | W18: F | X18: M | Y18: F | Z18: M | AA18: F | AB18: M | AC18: F
A19: Pulmonary, Bacteriologically Confermid | L19: 0 | M19: 0 | N19: 5 | O19: 7 | P19: 31 | Q19: 50 | R19: 50 | S19: 37 | T19: 29 | U19: 29 | V19: 45 | W19: 34 | X19: 63 | Y19: 35 | Z19: 91 | AA19: 62 | AB19: 314 | AC19: 254 | AD19: 568
A20: Pulmonary , Clinically Diagnosed | L20: 4 | M20: 2 | N20: 7 | O20: 8 | P20: 35 | Q20: 23 | R20: 23 | S20: 28 | T20: 27 | U20: 20 | V20: 20 | W20: 18 | X20: 48 | Y20: 40 | Z20: 54 | AA20: 65 | AB20: 218 | AC20: 204 | AD20: 422
A21: Extra Pulmonary, Bacteriologically Confermid | L21: 0 | M21: 0 | N21: 0 | O21: 0 | P21: 0 | Q21: 1 | R21: 1 | S21: 2 | T21: 0 | U21: 1 | V21: 2 | W21: 0 | X21: 1 | Y21: 0 | Z21: 1 | AA21: 2 | AB21: 5 | AC21: 6 | AD21: 11
A22: Extra Pulmonary , Clinically Diagnosed | L22: 3 | M22: 2 | N22: 2 | O22: 10 | P22: 23 | Q22: 24 | R22: 34 | S22: 31 | T22: 22 | U22: 28 | V22: 35 | W22: 25 | X22: 29 | Y22: 26 | Z22: 35 | AA22: 29 | AB22: 183 | AC22: 175 | AD22: 358
A23: Total | L23: 7 | M23: 4 | N23: 14 | O23: 25 | P23: 89 | Q23: 98 | R23: 108 | S23: 98 | T23: 78 | U23: 78 | V23: 102 | W23: 77 | X23: 141 | Y23: 101 | Z23: 181 | AA23: 158 | AB23: 720 | AC23: 639 | AD23: 1359
A25: Block 3: Presumptive TB Cases Identified Laboratory Diagnosis and use of WRD | O25: Block 4 : TB HIV Activities
A26: Total New OPD in Quarter | B26: No. of presumptive TB cases identified | D26: No. of Presumptive TB Patients tested Using | H26: Among Presumptive TB cases tested number reported B+ | L26: Among all registered number of B+ TB Cases | M26: Amoung All (N+R+UK) number tested by Gene Xpert | O26: No. of TB patients tested for HIV | S26: HIV Reactive | W26: TB Patients confirmed positive for HIV | AA26: HIV positive TB Patients put on ART
B27: Total | C27: Through Community Referrals (LHWs) | D27: AFB | E27: Xp & AFB | F27: XP | G27: G.Tot | H27: AFB | I27: AFB + Xpert | J27: Xpert | K27: G.Tot | O27: 496 | S27: 0 | W27: 0 | AA27: 0
A28: 271305 | B28: 9915 | C28: 889 | D28: 2099 | E28: 1206 | F28: 5177 | G28: 8482 | H28: 30 | I28: 235 | J28: 328 | K28: 593 | L28: 579 | M28: 814 | O28: HIV patient tested for TB | S28: HIV patients diagnosed for TB | W28: TB HIV patients put on TB Tx | AA28: HIV positive TB negative patients on TPT
O29: 0 | S29: 0 | W29: 0 | AB29: 0-4 | AC29: 5-14 | AD29: 15 +
AA30: 6H | AB30: 0 | AC30: 0 | AD30: 0
AA31: 3HR | AB31: 0 | AC31: 0 | AD31: 0
AA32: 3 HP | AB32: 0 | AC32: 0 | AD32: 0
A34: Block 5 : Bacteriologically Confermid TB Cases with DST Result | O34: Block 6 : Contact Tracing HH *
A35: Sensitive =S Resistance = R | B35: PTB | H35: EPTB | O35: Total No. of HH of B+ PTB | R35: No. of HH contacts of B+ PTB Cases Screened | U35: No. of TB Cases diagnosed Amoung HH contact screened | X35: No. of HH Contacts Initiated on TPT | AB35: HIV negative Immuno - compromised on TPT
B36: Rifampicin | D36: Isoniazid | F36: Fluoroquninolone | H36: Rifampicin | J36: Isoniazid | L36: Fluoroquninolone
B37: S | C37: R | D37: S | E37: R | F37: S | G37: R | H37: S | I37: R | J37: S | K37: R | L37: S | M37: R
A38: New + UK | B38: 518 | C38: 0 | D38: 0 | E38: 0 | F38: 0 | G38: 0 | H38: 1 | I38: 0 | J38: 0 | K38: 0 | L38: 0 | M38: 0 | Y38: 0-4 | Z38: 5-14 | AA38: 15+ | AB38: 0-4 | AC38: 5-14 | AD38: 15+
A39: Relapse | B39: 43 | C39: 0 | D39: 0 | E39: 0 | F39: 0 | G39: 0 | H39: 0 | I39: 0 | J39: 0 | K39: 0 | L39: 0 | M39: 0 | O39: 0-4 | P39: 5-14 | Q39: 15 + | R39: 0-4 | S39: 5-14 | T39: 15 + | U39: 0-4 | V39: 5-14 | W39: 15 + | X39: 6H | Y39: 0 | Z39: 0 | AA39: 0 | AB39: 0 | AC39: 0 | AD39: 0
A40: Previously treated | B40: 0 | C40: 0 | D40: 0 | E40: 0 | F40: 0 | G40: 0 | H40: 0 | I40: 0 | J40: 0 | K40: 0 | L40: 0 | M40: 0 | O40: 320 | P40: 839 | Q40: 2428 | R40: 226 | S40: 717 | T40: 2270 | U40: 1 | V40: 3 | W40: 140 | X40: 3HR | Y40: 0 | Z40: 0 | AA40: 28 | AB40: 0 | AC40: 0 | AD40: 0
A41: Total | B41: 561 | C41: 0 | D41: 0 | E41: 0 | F41: 0 | G41: 0 | H41: 1 | I41: 0 | J41: 0 | K41: 0 | L41: 0 | M41: 0 | X41: 3 HP | Y41: 0 | Z41: 0 | AA41: 0 | AB41: 0 | AC41: 0 | AD41: 0
A42: QUARTERLY REPORT ON TB CASES REGISTRATION
A43: INDIVIDUAL/CONSOLIDATED (TICK ONE) | Z43: TB - 07
A44: Name of TB Care Facility (BMU) : | E44: Consolidated | I44: District : | K44: 0 | M44: Central : | O44: Azad Kashmir | U44: Patients registered during | Z44: 2nd Quarter | AC44: of Year 2026
A46: Name of TB Coodinator/Facility incharge : | I46: ___________________________________________________ | U46: Date of completion of this form : | AA46: _______________________
A48: Block 1: | L48: New (N) | N48: Relapse ® | P48: Previous Treatment History Unknown (UK) | S48: New episode (N+R+UK) | V48: Re - registered Cases ( Excluding Recurrent cases) | AC48: Total
A49: All TB Cases Registered | V49: Treatment after failure | Y49: Treatment after lost to follow-up | AA49: Other
A51: Pulmonary, Bacteriologically Confermid | L51: 555 | N51: 23 | P51: 0 | S51: 578 | V51: 0 | Y51: 0 | AA51: 0 | AC51: 578
A52: Pulmonary , Clinically Diagnosed | L52: 476 | N52: 11 | P52: 0 | S52: 487 | V52: 0 | Y52: 0 | AA52: 0 | AC52: 487
A53: Extra Pulmonary, Bacteriologically Confermid | L53: 1 | N53: 0 | P53: 0 | S53: 1 | V53: 0 | Y53: 0 | AA53: 0 | AC53: 1
A54: Extra Pulmonary , Clinically Diagnosed | L54: 349 | N54: 7 | P54: 0 | S54: 356 | V54: 0 | Y54: 0 | AA54: 0 | AC54: 356
A55: Total | L55: 1381 | N55: 41 | P55: 0 | S55: 1422 | V55: 0 | Y55: 0 | AA55: 0 | AC55: 1422
A56: Block 2: All New, Relapse and previous treatment history unknown Cases registered during the period by Age Group and Gender
L57: 0-4 | N57: 5-14 | P57: 15-24 | R57: 25-34 | T57: 35-44 | V57: 45-54 | X57: 55-64 | Z57: 65 & Above | AB57: Total | AD57: Grand Total
L58: M | M58: F | N58: M | O58: F | P58: M | Q58: F | R58: M | S58: F | T58: M | U58: F | V58: M | W58: F | X58: M | Y58: F | Z58: M | AA58: F | AB58: M | AC58: F
A59: Pulmonary, Bacteriologically Confermid | L59: 1 | M59: 2 | N59: 6 | O59: 16 | P59: 39 | Q59: 46 | R59: 38 | S59: 42 | T59: 33 | U59: 38 | V59: 39 | W59: 36 | X59: 51 | Y59: 52 | Z59: 61 | AA59: 78 | AB59: 268 | AC59: 310 | AD59: 578
A60: Pulmonary , Clinically Diagnosed | L60: 7 | M60: 2 | N60: 9 | O60: 12 | P60: 28 | Q60: 21 | R60: 29 | S60: 41 | T60: 27 | U60: 33 | V60: 29 | W60: 26 | X60: 45 | Y60: 40 | Z60: 73 | AA60: 65 | AB60: 247 | AC60: 240 | AD60: 487
A61: Extra Pulmonary, Bacteriologically Confermid | L61: 0 | M61: 0 | N61: 0 | O61: 0 | P61: 0 | Q61: 0 | R61: 1 | S61: 0 | T61: 0 | U61: 0 | V61: 0 | W61: 0 | X61: 0 | Y61: 0 | Z61: 0 | AA61: 0 | AB61: 1 | AC61: 0 | AD61: 1
A62: Extra Pulmonary , Clinically Diagnosed | L62: 1 | M62: 2 | N62: 13 | O62: 10 | P62: 25 | Q62: 35 | R62: 28 | S62: 25 | T62: 19 | U62: 18 | V62: 30 | W62: 24 | X62: 33 | Y62: 23 | Z62: 42 | AA62: 28 | AB62: 191 | AC62: 165 | AD62: 356
A63: Total | L63: 9 | M63: 6 | N63: 28 | O63: 38 | P63: 92 | Q63: 102 | R63: 96 | S63: 108 | T63: 79 | U63: 89 | V63: 98 | W63: 86 | X63: 129 | Y63: 115 | Z63: 176 | AA63: 171 | AB63: 707 | AC63: 715 | AD63: 1422
A65: Block 3: Presumptive TB Cases Identified Laboratory Diagnosis and use of WRD | O65: Block 4 : TB HIV Activities
A66: Total New OPD in Quarter | B66: No. of presumptive TB cases identified | D66: No. of Presumptive TB Patients tested Using | H66: Among Presumptive TB cases tested number reported B+ | L66: Among all registered number of B+ TB Cases | M66: Amoung All (N+R+UK) number tested by Gene Xpert | O66: No. of TB patients tested for HIV | S66: HIV Reactive | W66: TB Patients confirmed positive for HIV | AA66: HIV positive TB Patients put on ART
B67: Total | C67: Through Community Referrals (LHWs) | D67: AFB | E67: Xp & AFB | F67: XP | G67: G.Tot | H67: AFB | I67: AFB + Xpert | J67: Xpert | K67: G.Tot | O67: 361 | S67: 2 | W67: 2 | AA67: 1
A68: 303789 | B68: 8129 | C68: 849 | D68: 3254 | E68: 1984 | F68: 2723 | G68: 7961 | H68: 61 | I68: 295 | J68: 219 | K68: 575 | L68: 582 | M68: 713 | O68: HIV patient tested for TB | S68: HIV patients diagnosed for TB | W68: TB HIV patients put on TB Tx | AA68: HIV positive TB negative patients on TPT
O69: 1 | S69: 0 | W69: 1 | AB69: 0-4 | AC69: 5-14 | AD69: 15 +
AA70: 6H | AB70: 0 | AC70: 0 | AD70: 0
AA71: 3HR | AB71: 0 | AC71: 0 | AD71: 0
AA72: 3 HP | AB72: 0 | AC72: 0 | AD72: 0
A74: Block 5 : Bacteriologically Confermid TB Cases with DST Result | O74: Block 6 : Contact Tracing HH *
A75: Sensitive =S Resistance = R | B75: PTB | H75: EPTB | O75: Total No. of HH of B+ PTB | R75: No. of HH contacts of B+ PTB Cases Screened | U75: No. of TB Cases diagnosed Amoung HH contact screened | X75: No. of HH Contacts Initiated on TPT | AB75: HIV negative Immuno - compromised on TPT
B76: Rifampicin | D76: Isoniazid | F76: Fluoroquninolone | H76: Rifampicin | J76: Isoniazid | L76: Fluoroquninolone
B77: S | C77: R | D77: S | E77: R | F77: S | G77: R | H77: S | I77: R | J77: S | K77: R | L77: S | M77: R
A78: New + UK | B78: 546 | C78: 0 | D78: 0 | E78: 0 | F78: 0 | G78: 0 | H78: 0 | I78: 0 | J78: 0 | K78: 0 | L78: 0 | M78: 0 | Y78: 0-4 | Z78: 5-14 | AA78: 15+ | AB78: 0-4 | AC78: 5-14 | AD78: 15+
A79: Relapse | B79: 23 | C79: 0 | D79: 0 | E79: 0 | F79: 0 | G79: 0 | H79: 0 | I79: 0 | J79: 0 | K79: 0 | L79: 0 | M79: 0 | O79: 0-4 | P79: 5-14 | Q79: 15 + | R79: 0-4 | S79: 5-14 | T79: 15 + | U79: 0-4 | V79: 5-14 | W79: 15 + | X79: 6H | Y79: 0 | Z79: 2 | AA79: 28 | AB79: 0 | AC79: 0 | AD79: 0
A80: Previously treated | B80: 0 | C80: 0 | D80: 0 | E80: 0 | F80: 0 | G80: 0 | H80: 0 | I80: 0 | J80: 0 | K80: 0 | L80: 0 | M80: 0 | O80: 320 | P80: 879 | Q80: 2130 | R80: 213 | S80: 722 | T80: 1832 | U80: 2 | V80: 8 | W80: 120 | X80: 3HR | Y80: 0 | Z80: 0 | AA80: 0 | AB80: 0 | AC80: 0 | AD80: 0
A81: Total | B81: 569 | C81: 0 | D81: 0 | E81: 0 | F81: 0 | G81: 0 | H81: 0 | I81: 0 | J81: 0 | K81: 0 | L81: 0 | M81: 0 | X81: 3 HP | Y81: 0 | Z81: 0 | AA81: 17 | AB81: 0 | AC81: 0 | AD81: 0
A82: INDIVIDUAL/CONSOLIDATED (TICK ONE) | Z82: TB - 07
A83: Name of TB Care Facility (BMU) : | E83: Consolidated | I83: District : | K83: 0 | M83: Central : | O83: Azad Kashmir | U83: Patients registered during | Z83: 3rd Quarter | AC83: of Year 2026
A85: Name of TB Coodinator/Facility incharge : | I85: ___________________________________________________ | U85: Date of completion of this form : | AA85: _______________________
A87: Block 1: | L87: New (N) | N87: Relapse ® | P87: Previous Treatment History Unknown (UK) | S87: New episode (N+R+UK) | V87: Re - registered Cases ( Excluding Recurrent cases) | AC87: Total
A88: All TB Cases Registered | V88: Treatment after failure | Y88: Treatment after lost to follow-up | AA88: Other
A90: Pulmonary, Bacteriologically Confermid | L90: 0 | N90: 0 | P90: 0 | S90: 0 | V90: 0 | Y90: 0 | AA90: 0 | AC90: 0
A91: Pulmonary , Clinically Diagnosed | L91: 0 | N91: 0 | P91: 0 | S91: 0 | V91: 0 | Y91: 0 | AA91: 0 | AC91: 0
A92: Extra Pulmonary, Bacteriologically Confermid | L92: 0 | N92: 0 | P92: 0 | S92: 0 | V92: 0 | Y92: 0 | AA92: 0 | AC92: 0
A93: Extra Pulmonary , Clinically Diagnosed | L93: 0 | N93: 0 | P93: 0 | S93: 0 | V93: 0 | Y93: 0 | AA93: 0 | AC93: 0
A94: Total | L94: 0 | N94: 0 | P94: 0 | S94: 0 | V94: 0 | Y94: 0 | AA94: 0 | AC94: 0
A95: Block 2: All New, Relapse and previous treatment history unknown Cases registered during the period by Age Group and Gender
L96: 0-4 | N96: 5-14 | P96: 15-24 | R96: 25-34 | T96: 35-44 | V96: 45-54 | X96: 55-64 | Z96: 65 & Above | AB96: Total | AD96: Grand Total
L97: M | M97: F | N97: M | O97: F | P97: M | Q97: F | R97: M | S97: F | T97: M | U97: F | V97: M | W97: F | X97: M | Y97: F | Z97: M | AA97: F | AB97: M | AC97: F
A98: Pulmonary, Bacteriologically Confermid | L98: 0 | M98: 0 | N98: 0 | O98: 0 | P98: 0 | Q98: 0 | R98: 0 | S98: 0 | T98: 0 | U98: 0 | V98: 0 | W98: 0 | X98: 0 | Y98: 0 | Z98: 0 | AA98: 0 | AB98: 0 | AC98: 0 | AD98: 0
A99: Pulmonary , Clinically Diagnosed | L99: 0 | M99: 0 | N99: 0 | O99: 0 | P99: 0 | Q99: 0 | R99: 0 | S99: 0 | T99: 0 | U99: 0 | V99: 0 | W99: 0 | X99: 0 | Y99: 0 | Z99: 0 | AA99: 0 | AB99: 0 | AC99: 0 | AD99: 0
A100: Extra Pulmonary, Bacteriologically Confermid | L100: 0 | M100: 0 | N100: 0 | O100: 0 | P100: 0 | Q100: 0 | R100: 0 | S100: 0 | T100: 0 | U100: 0 | V100: 0 | W100: 0 | X100: 0 | Y100: 0 | Z100: 0 | AA100: 0 | AB100: 0 | AC100: 0 | AD100: 0
A101: Extra Pulmonary , Clinically Diagnosed | L101: 0 | M101: 0 | N101: 0 | O101: 0 | P101: 0 | Q101: 0 | R101: 0 | S101: 0 | T101: 0 | U101: 0 | V101: 0 | W101: 0 | X101: 0 | Y101: 0 | Z101: 0 | AA101: 0 | AB101: 0 | AC101: 0 | AD101: 0
A102: Total | L102: 0 | M102: 0 | N102: 0 | O102: 0 | P102: 0 | Q102: 0 | R102: 0 | S102: 0 | T102: 0 | U102: 0 | V102: 0 | W102: 0 | X102: 0 | Y102: 0 | Z102: 0 | AA102: 0 | AB102: 0 | AC102: 0 | AD102: 0
A104: Block 3: Presumptive TB Cases Identified Laboratory Diagnosis and use of WRD | O104: Block 4 : TB HIV Activities
A105: Total New OPD in Quarter | B105: No. of presumptive TB cases identified | D105: No. of Presumptive TB Patients tested Using | H105: Among Presumptive TB cases tested number reported B+ | L105: Among all registered number of B+ TB Cases | M105: Amoung All (N+R+UK) number tested by Gene Xpert | O105: No. of TB patients tested for HIV | S105: HIV Reactive | W105: TB Patients confirmed positive for HIV | AA105: HIV positive TB Patients put on ART
B106: Total | C106: Through Community Referrals (LHWs) | D106: AFB | E106: Xp & AFB | F106: XP | G106: G.Tot | H106: AFB | I106: AFB + Xpert | J106: Xpert | K106: G.Tot | O106: 0 | S106: 0 | W106: 0 | AA106: 0
A107: 0 | B107: 0 | C107: 0 | D107: 0 | E107: 0 | F107: 0 | G107: 0 | H107: 0 | I107: 0 | J107: 0 | K107: 0 | L107: 0 | M107: 0 | O107: HIV patient tested for TB | S107: HIV patients diagnosed for TB | W107: TB HIV patients put on TB Tx | AA107: HIV positive TB negative patients on TPT
O108: 0 | S108: 0 | W108: 0 | AB108: 0-4 | AC108: 5-14 | AD108: 15 +
AA109: 6H | AB109: 0 | AC109: 0 | AD109: 0
AA110: 3HR | AB110: 0 | AC110: 0 | AD110: 0
AA111: 3 HP | AB111: 0 | AC111: 0 | AD111: 0
A113: Block 5 : Bacteriologically Confermid TB Cases with DST Result | O113: Block 6 : Contact Tracing HH *
A114: Sensitive =S Resistance = R | B114: PTB | H114: EPTB | O114: Total No. of HH of B+ PTB | R114: No. of HH contacts of B+ PTB Cases Screened | U114: No. of TB Cases diagnosed Amoung HH contact screened | X114: No. of HH Contacts Initiated on TPT | AB114: HIV negative Immuno - compromised on TPT
B115: Rifampicin | D115: Isoniazid | F115: Fluoroquninolone | H115: Rifampicin | J115: Isoniazid | L115: Fluoroquninolone
B116: S | C116: R | D116: S | E116: R | F116: S | G116: R | H116: S | I116: R | J116: S | K116: R | L116: S | M116: R
...

Sheet KHYBER PAKHTUNKHWA
A2: QUARTERLY REPORT ON TB CASES REGISTRATION
A3: INDIVIDUAL/CONSOLIDATED (TICK ONE) | Z3: TB - 07
A4: Name of TB Care Facility (BMU) : | E4: Consolidated | I4: District : | M4: Central : | O4: Khyber Pakhtunkhwa | U4: Patients registered during | Z4: 1st Quarter | AC4: of Year 2026
A6: Name of TB Coodinator/Facility incharge : | I6: ___________________________________________________ | U6: Date of completion of this form : | AA6: _______________________
A8: Block 1: | L8: New (N) | N8: Relapse ® | P8: Previous Treatment History Unknown (UK) | S8: New episode (N+R+UK) | V8: Re - registered Cases ( Excluding Recurrent cases) | AC8: Total
A9: All TB Cases Registered | V9: Treatment after failure | Y9: Treatment after lost to follow-up | AA9: Other
A11: Pulmonary, Bacteriologically Confermid | L11: 29 | N11: 2 | P11: 0 | S11: 31 | V11: 0 | Y11: 0 | AA11: 0 | AC11: 31
A12: Pulmonary , Clinically Diagnosed | L12: 23 | N12: 0 | P12: 0 | S12: 23 | V12: 0 | Y12: 0 | AA12: 0 | AC12: 23
A13: Extra Pulmonary, Bacteriologically Confermid | L13: 0 | N13: 0 | P13: 0 | S13: 0 | V13: 0 | Y13: 0 | AA13: 0 | AC13: 0
A14: Extra Pulmonary , Clinically Diagnosed | L14: 46 | N14: 0 | P14: 0 | S14: 46 | V14: 0 | Y14: 0 | AA14: 0 | AC14: 46
A15: Total | L15: 98 | N15: 2 | P15: 0 | S15: 100 | V15: 0 | Y15: 0 | AA15: 0 | AC15: 100
A16: Block 2: All New, Relapse and previous treatment history unknown Cases registered during the period by Age Group and Gender
L17: 0-4 | N17: 5-14 | P17: 15-24 | R17: 25-34 | T17: 35-44 | V17: 45-54 | X17: 55-64 | Z17: 65 & Above | AB17: Total | AD17: Grand Total
L18: M | M18: F | N18: M | O18: F | P18: M | Q18: F | R18: M | S18: F | T18: M | U18: F | V18: M | W18: F | X18: M | Y18: F | Z18: M | AA18: F | AB18: M | AC18: F
A19: Pulmonary, Bacteriologically Confermid | L19: 0 | M19: 0 | N19: 1 | O19: 1 | P19: 2 | Q19: 5 | R19: 1 | S19: 1 | T19: 3 | U19: 0 | V19: 1 | W19: 5 | X19: 1 | Y19: 2 | Z19: 4 | AA19: 4 | AB19: 13 | AC19: 18 | AD19: 31
A20: Pulmonary , Clinically Diagnosed | L20: 0 | M20: 0 | N20: 0 | O20: 2 | P20: 3 | Q20: 1 | R20: 2 | S20: 3 | T20: 2 | U20: 1 | V20: 1 | W20: 2 | X20: 3 | Y20: 1 | Z20: 1 | AA20: 1 | AB20: 12 | AC20: 11 | AD20: 23
A21: Extra Pulmonary, Bacteriologically Confermid | L21: 0 | M21: 0 | N21: 0 | O21: 0 | P21: 0 | Q21: 0 | R21: 0 | S21: 0 | T21: 0 | U21: 0 | V21: 0 | W21: 0 | X21: 0 | Y21: 0 | Z21: 0 | AA21: 0 | AB21: 0 | AC21: 0 | AD21: 0
A22: Extra Pulmonary , Clinically Diagnosed | L22: 2 | M22: 0 | N22: 6 | O22: 6 | P22: 5 | Q22: 5 | R22: 3 | S22: 4 | T22: 2 | U22: 1 | V22: 6 | W22: 0 | X22: 2 | Y22: 1 | Z22: 1 | AA22: 2 | AB22: 27 | AC22: 19 | AD22: 46
A23: Total | L23: 2 | M23: 0 | N23: 7 | O23: 9 | P23: 10 | Q23: 11 | R23: 6 | S23: 8 | T23: 7 | U23: 2 | V23: 8 | W23: 7 | X23: 6 | Y23: 4 | Z23: 6 | AA23: 7 | AB23: 52 | AC23: 48 | AD23: 100
A25: Block 3: Presumptive TB Cases Identified Laboratory Diagnosis and use of WRD | O25: Block 4 : TB HIV Activities
A26: Total New OPD in Quarter | B26: No. of presumptive TB cases identified | D26: No. of Presumptive TB Patients tested Using | H26: Among Presumptive TB cases tested number reported B+ | L26: Among all registered number of B+ TB Cases | M26: Amoung All (N+R+UK) number tested by Gene Xpert | O26: No. of TB patients tested for HIV | S26: HIV Reactive | W26: TB Patients confirmed positive for HIV | AA26: HIV positive TB Patients put on ART
B27: Total | C27: Through Community Referrals (LHWs) | D27: AFB | E27: Xp & AFB | F27: XP | G27: G.Tot | H27: AFB | I27: AFB + Xpert | J27: Xpert | K27: G.Tot | O27: 0 | S27: 0 | W27: 0 | AA27: 0
A28: 1098 | B28: 151 | C28: 8 | D28: 49 | E28: 102 | F28: 0 | G28: 151 | H28: 2 | I28: 74 | J28: 9 | K28: 85 | L28: 31 | M28: 56 | O28: HIV patient tested for TB | S28: HIV patients diagnosed for TB | W28: TB HIV patients put on TB Tx | AA28: HIV positive TB negative patients on TPT
O29: 0 | S29: 0 | W29: 0 | AB29: 0-4 | AC29: 5-14 | AD29: 15 +
AA30: 6H | AB30: 0 | AC30: 0 | AD30: 0
AA31: 3HR | AB31: 0 | AC31: 0 | AD31: 0
AA32: 3 HP | AB32: 0 | AC32: 0 | AD32: 0
A34: Block 5 : Bacteriologically Confermid TB Cases with DST Result | O34: Block 6 : Contact Tracing HH *
A35: Sensitive =S Resistance = R | B35: PTB | H35: EPTB | O35: Total No. of HH of B+ PTB | R35: No. of HH contacts of B+ PTB Cases Screened | U35: No. of TB Cases diagnosed Amoung HH contact screened | X35: No. of HH Contacts Initiated on TPT | AB35: HIV negative Immuno - compromised on TPT
B36: Rifampicin | D36: Isoniazid | F36: Fluoroquninolone | H36: Rifampicin | J36: Isoniazid | L36: Fluoroquninolone
B37: S | C37: R | D37: S | E37: R | F37: S | G37: R | H37: S | I37: R | J37: S | K37: R | L37: S | M37: R
A38: New + UK | B38: 27 | C38: 0 | D38: 0 | E38: 0 | F38: 0 | G38: 0 | H38: 0 | I38: 0 | J38: 0 | K38: 0 | L38: 0 | M38: 0 | Y38: 0-4 | Z38: 5-14 | AA38: 15+ | AB38: 0-4 | AC38: 5-14 | AD38: 15+
A39: Relapse | B39: 2 | C39: 0 | D39: 0 | E39: 0 | F39: 0 | G39: 0 | H39: 0 | I39: 0 | J39: 0 | K39: 0 | L39: 0 | M39: 0 | O39: 0-4 | P39: 5-14 | Q39: 15 + | R39: 0-4 | S39: 5-14 | T39: 15 + | U39: 0-4 | V39: 5-14 | W39: 15 + | X39: 6H | Y39: 0 | Z39: 0 | AA39: 0 | AB39: 0 | AC39: 0 | AD39: 0
A40: Previously treated | B40: 0 | C40: 0 | D40: 0 | E40: 0 | F40: 0 | G40: 0 | H40: 0 | I40: 0 | J40: 0 | K40: 0 | L40: 0 | M40: 0 | O40: 37 | P40: 81 | Q40: 165 | R40: 2 | S40: 30 | T40: 86 | U40: 0 | V40: 2 | W40: 24 | X40: 3HR | Y40: 0 | Z40: 0 | AA40: 0 | AB40: 0 | AC40: 0 | AD40: 0
A41: Total | B41: 29 | C41: 0 | D41: 0 | E41: 0 | F41: 0 | G41: 0 | H41: 0 | I41: 0 | J41: 0 | K41: 0 | L41: 0 | M41: 0 | X41: 3 HP | Y41: 0 | Z41: 0 | AA41: 0 | AB41: 0 | AC41: 0 | AD41: 0
A42: QUARTERLY REPORT ON TB CASES REGISTRATION
A43: INDIVIDUAL/CONSOLIDATED (TICK ONE) | Z43: TB - 07
A44: Name of TB Care Facility (BMU) : | E44: Consolidated | I44: District : | K44: 0 | M44: Central : | O44: Khyber Pakhtunkhwa | U44: Patients registered during | Z44: 2nd Quarter | AC44: of Year 2026
A46: Name of TB Coodinator/Facility incharge : | I46: ___________________________________________________ | U46: Date of completion of this form : | AA46: _______________________
A48: Block 1: | L48: New (N) | N48: Relapse ® | P48: Previous Treatment History Unknown (UK) | S48: New episode (N+R+UK) | V48: Re - registered Cases ( Excluding Recurrent cases) | AC48: Total
A49: All TB Cases Registered | V49: Treatment after failure | Y49: Treatment after lost to follow-up | AA49: Other
A51: Pulmonary, Bacteriologically Confermid | L51: 25 | N51: 0 | P51: 0 | S51: 25 | V51: 0 | Y51: 0 | AA51: 0 | AC51: 25
A52: Pulmonary , Clinically Diagnosed | L52: 24 | N52: 0 | P52: 0 | S52: 24 | V52: 0 | Y52: 0 | AA52: 0 | AC52: 24
A53: Extra Pulmonary, Bacteriologically Confermid | L53: 0 | N53: 0 | P53: 0 | S53: 0 | V53: 0 | Y53: 0 | AA53: 0 | AC53: 0
A54: Extra Pulmonary , Clinically Diagnosed | L54: 43 | N54: 1 | P54: 0 | S54: 44 | V54: 0 | Y54: 0 | AA54: 0 | AC54: 44
A55: Total | L55: 92 | N55: 1 | P55: 0 | S55: 93 | V55: 0 | Y55: 0 | AA55: 0 | AC55: 93
A56: Block 2: All New, Relapse and previous treatment history unknown Cases registered during the period by Age Group and Gender
L57: 0-4 | N57: 5-14 | P57: 15-24 | R57: 25-34 | T57: 35-44 | V57: 45-54 | X57: 55-64 | Z57: 65 & Above | AB57: Total | AD57: Grand Total
L58: M | M58: F | N58: M | O58: F | P58: M | Q58: F | R58: M | S58: F | T58: M | U58: F | V58: M | W58: F | X58: M | Y58: F | Z58: M | AA58: F | AB58: M | AC58: F
A59: Pulmonary, Bacteriologically Confermid | L59: 0 | M59: 0 | N59: 1 | O59: 0 | P59: 0 | Q59: 5 | R59: 2 | S59: 1 | T59: 1 | U59: 2 | V59: 2 | W59: 2 | X59: 5 | Y59: 1 | Z59: 1 | AA59: 2 | AB59: 12 | AC59: 13 | AD59: 25
A60: Pulmonary , Clinically Diagnosed | L60: 0 | M60: 0 | N60: 1 | O60: 1 | P60: 4 | Q60: 4 | R60: 5 | S60: 2 | T60: 2 | U60: 0 | V60: 1 | W60: 2 | X60: 0 | Y60: 1 | Z60: 1 | AA60: 0 | AB60: 14 | AC60: 10 | AD60: 24
A61: Extra Pulmonary, Bacteriologically Confermid | L61: 0 | M61: 0 | N61: 0 | O61: 0 | P61: 0 | Q61: 0 | R61: 0 | S61: 0 | T61: 0 | U61: 0 | V61: 0 | W61: 0 | X61: 0 | Y61: 0 | Z61: 0 | AA61: 0 | AB61: 0 | AC61: 0 | AD61: 0
A62: Extra Pulmonary , Clinically Diagnosed | L62: 0 | M62: 1 | N62: 5 | O62: 4 | P62: 4 | Q62: 3 | R62: 5 | S62: 2 | T62: 4 | U62: 2 | V62: 6 | W62: 2 | X62: 3 | Y62: 2 | Z62: 1 | AA62: 0 | AB62: 28 | AC62: 16 | AD62: 44
A63: Total | L63: 0 | M63: 1 | N63: 7 | O63: 5 | P63: 8 | Q63: 12 | R63: 12 | S63: 5 | T63: 7 | U63: 4 | V63: 9 | W63: 6 | X63: 8 | Y63: 4 | Z63: 3 | AA63: 2 | AB63: 54 | AC63: 39 | AD63: 93
A65: Block 3: Presumptive TB Cases Identified Laboratory Diagnosis and use of WRD | O65: Block 4 : TB HIV Activities
A66: Total New OPD in Quarter | B66: No. of presumptive TB cases identified | D66: No. of Presumptive TB Patients tested Using | H66: Among Presumptive TB cases tested number reported B+ | L66: Among all registered number of B+ TB Cases | M66: Amoung All (N+R+UK) number tested by Gene Xpert | O66: No. of TB patients tested for HIV | S66: HIV Reactive | W66: TB Patients confirmed positive for HIV | AA66: HIV positive TB Patients put on ART
B67: Total | C67: Through Community Referrals (LHWs) | D67: AFB | E67: Xp & AFB | F67: XP | G67: G.Tot | H67: AFB | I67: AFB + Xpert | J67: Xpert | K67: G.Tot | O67: 17 | S67: 0 | W67: 0 | AA67: 0
A68: 1107 | B68: 176 | C68: 7 | D68: 152 | E68: 18 | F68: 6 | G68: 176 | H68: 10 | I68: 8 | J68: 6 | K68: 24 | L68: 25 | M68: 24 | O68: HIV patient tested for TB | S68: HIV patients diagnosed for TB | W68: TB HIV patients put on TB Tx | AA68: HIV positive TB negative patients on TPT
O69: 0 | S69: 0 | W69: 0 | AB69: 0-4 | AC69: 5-14 | AD69: 15 +
AA70: 6H | AB70: 0 | AC70: 0 | AD70: 0
AA71: 3HR | AB71: 0 | AC71: 0 | AD71: 0
AA72: 3 HP | AB72: 0 | AC72: 0 | AD72: 0
A74: Block 5 : Bacteriologically Confermid TB Cases with DST Result | O74: Block 6 : Contact Tracing HH *
A75: Sensitive =S Resistance = R | B75: PTB | H75: EPTB | O75: Total No. of HH of B+ PTB | R75: No. of HH contacts of B+ PTB Cases Screened | U75: No. of TB Cases diagnosed Amoung HH contact screened | X75: No. of HH Contacts Initiated on TPT | AB75: HIV negative Immuno - compromised on TPT
B76: Rifampicin | D76: Isoniazid | F76: Fluoroquninolone | H76: Rifampicin | J76: Isoniazid | L76: Fluoroquninolone
B77: S | C77: R | D77: S | E77: R | F77: S | G77: R | H77: S | I77: R | J77: S | K77: R | L77: S | M77: R
A78: New + UK | B78: 14 | C78: 0 | D78: 0 | E78: 0 | F78: 0 | G78: 0 | H78: 0 | I78: 0 | J78: 0 | K78: 0 | L78: 0 | M78: 0 | Y78: 0-4 | Z78: 5-14 | AA78: 15+ | AB78: 0-4 | AC78: 5-14 | AD78: 15+
A79: Relapse | B79: 0 | C79: 0 | D79: 0 | E79: 0 | F79: 0 | G79: 0 | H79: 0 | I79: 0 | J79: 0 | K79: 0 | L79: 0 | M79: 0 | O79: 0-4 | P79: 5-14 | Q79: 15 + | R79: 0-4 | S79: 5-14 | T79: 15 + | U79: 0-4 | V79: 5-14 | W79: 15 + | X79: 6H | Y79: 0 | Z79: 0 | AA79: 0 | AB79: 0 | AC79: 0 | AD79: 0
A80: Previously treated | B80: 0 | C80: 0 | D80: 0 | E80: 0 | F80: 0 | G80: 0 | H80: 0 | I80: 0 | J80: 0 | K80: 0 | L80: 0 | M80: 0 | O80: 27 | P80: 134 | Q80: 266 | R80: 3 | S80: 17 | T80: 87 | U80: 0 | V80: 0 | W80: 18 | X80: 3HR | Y80: 0 | Z80: 0 | AA80: 0 | AB80: 0 | AC80: 0 | AD80: 0
A81: Total | B81: 14 | C81: 0 | D81: 0 | E81: 0 | F81: 0 | G81: 0 | H81: 0 | I81: 0 | J81: 0 | K81: 0 | L81: 0 | M81: 0 | X81: 3 HP | Y81: 0 | Z81: 0 | AA81: 0 | AB81: 0 | AC81: 0 | AD81: 0
A82: INDIVIDUAL/CONSOLIDATED (TICK ONE) | Z82: TB - 07
A83: Name of TB Care Facility (BMU) : | E83: Consolidated | I83: District : | K83: 0 | M83: Central : | O83: Khyber Pakhtunkhwa | U83: Patients registered during | Z83: 3rd Quarter | AC83: of Year 2026
A85: Name of TB Coodinator/Facility incharge : | I85: ___________________________________________________ | U85: Date of completion of this form : | AA85: _______________________
A87: Block 1: | L87: New (N) | N87: Relapse ® | P87: Previous Treatment History Unknown (UK) | S87: New episode (N+R+UK) | V87: Re - registered Cases ( Excluding Recurrent cases) | AC87: Total
A88: All TB Cases Registered | V88: Treatment after failure | Y88: Treatment after lost to follow-up | AA88: Other
A90: Pulmonary, Bacteriologically Confermid | L90: 0 | N90: 0 | P90: 0 | S90: 0 | V90: 0 | Y90: 0 | AA90: 0 | AC90: 0
A91: Pulmonary , Clinically Diagnosed | L91: 0 | N91: 0 | P91: 0 | S91: 0 | V91: 0 | Y91: 0 | AA91: 0 | AC91: 0
A92: Extra Pulmonary, Bacteriologically Confermid | L92: 0 | N92: 0 | P92: 0 | S92: 0 | V92: 0 | Y92: 0 | AA92: 0 | AC92: 0
A93: Extra Pulmonary , Clinically Diagnosed | L93: 0 | N93: 0 | P93: 0 | S93: 0 | V93: 0 | Y93: 0 | AA93: 0 | AC93: 0
A94: Total | L94: 0 | N94: 0 | P94: 0 | S94: 0 | V94: 0 | Y94: 0 | AA94: 0 | AC94: 0
A95: Block 2: All New, Relapse and previous treatment history unknown Cases registered during the period by Age Group and Gender
L96: 0-4 | N96: 5-14 | P96: 15-24 | R96: 25-34 | T96: 35-44 | V96: 45-54 | X96: 55-64 | Z96: 65 & Above | AB96: Total | AD96: Grand Total
L97: M | M97: F | N97: M | O97: F | P97: M | Q97: F | R97: M | S97: F | T97: M | U97: F | V97: M | W97: F | X97: M | Y97: F | Z97: M | AA97: F | AB97: M | AC97: F
A98: Pulmonary, Bacteriologically Confermid | L98: 0 | M98: 0 | N98: 0 | O98: 0 | P98: 0 | Q98: 0 | R98: 0 | S98: 0 | T98: 0 | U98: 0 | V98: 0 | W98: 0 | X98: 0 | Y98: 0 | Z98: 0 | AA98: 0 | AB98: 0 | AC98: 0 | AD98: 0
A99: Pulmonary , Clinically Diagnosed | L99: 0 | M99: 0 | N99: 0 | O99: 0 | P99: 0 | Q99: 0 | R99: 0 | S99: 0 | T99: 0 | U99: 0 | V99: 0 | W99: 0 | X99: 0 | Y99: 0 | Z99: 0 | AA99: 0 | AB99: 0 | AC99: 0 | AD99: 0
A100: Extra Pulmonary, Bacteriologically Confermid | L100: 0 | M100: 0 | N100: 0 | O100: 0 | P100: 0 | Q100: 0 | R100: 0 | S100: 0 | T100: 0 | U100: 0 | V100: 0 | W100: 0 | X100: 0 | Y100: 0 | Z100: 0 | AA100: 0 | AB100: 0 | AC100: 0 | AD100: 0
A101: Extra Pulmonary , Clinically Diagnosed | L101: 0 | M101: 0 | N101: 0 | O101: 0 | P101: 0 | Q101: 0 | R101: 0 | S101: 0 | T101: 0 | U101: 0 | V101: 0 | W101: 0 | X101: 0 | Y101: 0 | Z101: 0 | AA101: 0 | AB101: 0 | AC101: 0 | AD101: 0
A102: Total | L102: 0 | M102: 0 | N102: 0 | O102: 0 | P102: 0 | Q102: 0 | R102: 0 | S102: 0 | T102: 0 | U102: 0 | V102: 0 | W102: 0 | X102: 0 | Y102: 0 | Z102: 0 | AA102: 0 | AB102: 0 | AC102: 0 | AD102: 0
A104: Block 3: Presumptive TB Cases Identified Laboratory Diagnosis and use of WRD | O104: Block 4 : TB HIV Activities
A105: Total New OPD in Quarter | B105: No. of presumptive TB cases identified | D105: No. of Presumptive TB Patients tested Using | H105: Among Presumptive TB cases tested number reported B+ | L105: Among all registered number of B+ TB Cases | M105: Amoung All (N+R+UK) number tested by Gene Xpert | O105: No. of TB patients tested for HIV | S105: HIV Reactive | W105: TB Patients confirmed positive for HIV | AA105: HIV positive TB Patients put on ART
B106: Total | C106: Through Community Referrals (LHWs) | D106: AFB | E106: Xp & AFB | F106: XP | G106: G.Tot | H106: AFB | I106: AFB + Xpert | J106: Xpert | K106: G.Tot | O106: 0 | S106: 0 | W106: 0 | AA106: 0
A107: 0 | B107: 0 | C107: 0 | D107: 0 | E107: 0 | F107: 0 | G107: 0 | H107: 0 | I107: 0 | J107: 0 | K107: 0 | L107: 0 | M107: 0 | O107: HIV patient tested for TB | S107: HIV patients diagnosed for TB | W107: TB HIV patients put on TB Tx | AA107: HIV positive TB negative patients on TPT
O108: 0 | S108: 0 | W108: 0 | AB108: 0-4 | AC108: 5-14 | AD108: 15 +
AA109: 6H | AB109: 0 | AC109: 0 | AD109: 0
AA110: 3HR | AB110: 0 | AC110: 0 | AD110: 0
AA111: 3 HP | AB111: 0 | AC111: 0 | AD111: 0
A113: Block 5 : Bacteriologically Confermid TB Cases with DST Result | O113: Block 6 : Contact Tracing HH *
A114: Sensitive =S Resistance = R | B114: PTB | H114: EPTB | O114: Total No. of HH of B+ PTB | R114: No. of HH contacts of B+ PTB Cases Screened | U114: No. of TB Cases diagnosed Amoung HH contact screened | X114: No. of HH Contacts Initiated on TPT | AB114: HIV negative Immuno - compromised on TPT
B115: Rifampicin | D115: Isoniazid | F115: Fluoroquninolone | H115: Rifampicin | J115: Isoniazid | L115: Fluoroquninolone
B116: S | C116: R | D116: S | E116: R | F116: S | G116: R | H116: S | I116: R | J116: S | K116: R | L116: S | M116: R
...

Sheet All Project Total - 2026
A2: QUARTERLY REPORT ON TB CASES REGISTRATION
A3: INDIVIDUAL/CONSOLIDATED (TICK ONE) | Z3: TB - 07
A4: Name of TB Care Facility (BMU) : | E4: All Project Total | K4: Consolidated | U4: Patients registered during | Z4: 1st Quarter | AC4: of Year 2026
A6: Name of TB Coodinator/Facility incharge : | I6: ___________________________________________________ | U6: Date of completion of this form : | AA6: _______________________
A8: Block 1: | L8: New (N) | N8: Relapse ® | P8: Previous Treatment History Unknown (UK) | S8: New episode (N+R+UK) | V8: Re - registered Cases ( Excluding Recurrent cases) | AC8: Total
A9: All TB Cases Registered | V9: Treatment after failure | Y9: Treatment after lost to follow-up | AA9: Other
A11: Pulmonary, Bacteriologically Confermid | L11: =SUM(MPR!L11+KARACHI!L11+SINDH!L11+'GILGIT BALTISTAN'!L11:M11+'AZAD KHASHMIR'!L11:M11+'KHYBER PAKHTUNKHWA'!L11:M11) -> 812 | N11: =SUM(MPR!N11+KARACHI!N11+SINDH!N11+'GILGIT BALTISTAN'!N11:O11+'AZAD KHASHMIR'!N11:O11+'KHYBER PAKHTUNKHWA'!N11:O11) -> 96 | P11: =SUM(MPR!P11+KARACHI!P11+SINDH!P11+'GILGIT BALTISTAN'!P11:R11+'AZAD KHASHMIR'!P11:R11+'KHYBER PAKHTUNKHWA'!P11:R11) -> 1 | S11: =SUM(L11+N11+P11) -> 909 | V11: =SUM(MPR!V11+KARACHI!V11+SINDH!V11+'GILGIT BALTISTAN'!V11:X11+'AZAD KHASHMIR'!V11:X11+'KHYBER PAKHTUNKHWA'!V11:X11) -> 0 | Y11: =SUM(MPR!Y11+KARACHI!Y11+SINDH!Y11+'GILGIT BALTISTAN'!Y11:Z11+'AZAD KHASHMIR'!Y11:Z11+'KHYBER PAKHTUNKHWA'!Y11:Z11) -> 3 | AA11: =SUM(MPR!AA11+KARACHI!AA11+SINDH!AA11+'GILGIT BALTISTAN'!AA11:AB11+'AZAD KHASHMIR'!AA11:AB11+'KHYBER PAKHTUNKHWA'!AA11:AB11) -> 5 | AC11: =SUM(L11+N11+P11+V11+Y11+AA11) -> 917
A12: Pulmonary , Clinically Diagnosed | L12: =SUM(MPR!L12+KARACHI!L12+SINDH!L12+'GILGIT BALTISTAN'!L12:M12+'AZAD KHASHMIR'!L12:M12+'KHYBER PAKHTUNKHWA'!L12:M12) -> 1204 | N12: =SUM(MPR!N12+KARACHI!N12+SINDH!N12+'GILGIT BALTISTAN'!N12:O12+'AZAD KHASHMIR'!N12:O12+'KHYBER PAKHTUNKHWA'!N12:O12) -> 28 | P12: =SUM(MPR!P12+KARACHI!P12+SINDH!P12+'GILGIT BALTISTAN'!P12:R12+'AZAD KHASHMIR'!P12:R12+'KHYBER PAKHTUNKHWA'!P12:R12) -> 2 | S12: =SUM(L12+N12+P12) -> 1234 | V12: =SUM(MPR!V12+KARACHI!V12+SINDH!V12+'GILGIT BALTISTAN'!V12:X12+'AZAD KHASHMIR'!V12:X12+'KHYBER PAKHTUNKHWA'!V12:X12) -> 0 | Y12: =SUM(MPR!Y12+KARACHI!Y12+SINDH!Y12+'GILGIT BALTISTAN'!Y12:Z12+'AZAD KHASHMIR'!Y12:Z12+'KHYBER PAKHTUNKHWA'!Y12:Z12) -> 3 | AA12: =SUM(MPR!AA12+KARACHI!AA12+SINDH!AA12+'GILGIT BALTISTAN'!AA12:AB12+'AZAD KHASHMIR'!AA12:AB12+'KHYBER PAKHTUNKHWA'!AA12:AB12) -> 2 | AC12: =SUM(L12+N12+P12+V12+Y12+AA12) -> 1239
A13: Extra Pulmonary, Bacteriologically Confermid | L13: =SUM(MPR!L13+KARACHI!L13+SINDH!L13+'GILGIT BALTISTAN'!L13:M13+'AZAD KHASHMIR'!L13:M13+'KHYBER PAKHTUNKHWA'!L13:M13) -> 5 | N13: =SUM(MPR!N13+KARACHI!N13+SINDH!N13+'GILGIT BALTISTAN'!N13:O13+'AZAD KHASHMIR'!N13:O13+'KHYBER PAKHTUNKHWA'!N13:O13) -> 0 | P13: =SUM(MPR!P13+KARACHI!P13+SINDH!P13+'GILGIT BALTISTAN'!P13:R13+'AZAD KHASHMIR'!P13:R13+'KHYBER PAKHTUNKHWA'!P13:R13) -> 0 | S13: =SUM(L13+N13+P13) -> 5 | V13: =SUM(MPR!V13+KARACHI!V13+SINDH!V13+'GILGIT BALTISTAN'!V13:X13+'AZAD KHASHMIR'!V13:X13+'KHYBER PAKHTUNKHWA'!V13:X13) -> 0 | Y13: =SUM(MPR!Y13+KARACHI!Y13+SINDH!Y13+'GILGIT BALTISTAN'!Y13:Z13+'AZAD KHASHMIR'!Y13:Z13+'KHYBER PAKHTUNKHWA'!Y13:Z13) -> 0 | AA13: =SUM(MPR!AA13+KARACHI!AA13+SINDH!AA13+'GILGIT BALTISTAN'!AA13:AB13+'AZAD KHASHMIR'!AA13:AB13+'KHYBER PAKHTUNKHWA'!AA13:AB13) -> 1 | AC13: =SUM(L13+N13+P13+V13+Y13+AA13) -> 6
A14: Extra Pulmonary , Clinically Diagnosed | L14: =SUM(MPR!L14+KARACHI!L14+SINDH!L14+'GILGIT BALTISTAN'!L14:M14+'AZAD KHASHMIR'!L14:M14+'KHYBER PAKHTUNKHWA'!L14:M14) -> 768 | N14: =SUM(MPR!N14+KARACHI!N14+SINDH!N14+'GILGIT BALTISTAN'!N14:O14+'AZAD KHASHMIR'!N14:O14+'KHYBER PAKHTUNKHWA'!N14:O14) -> 10 | P14: =SUM(MPR!P14+KARACHI!P14+SINDH!P14+'GILGIT BALTISTAN'!P14:R14+'AZAD KHASHMIR'!P14:R14+'KHYBER PAKHTUNKHWA'!P14:R14) -> 0 | S14: =SUM(L14+N14+P14) -> 778 | V14: =SUM(MPR!V14+KARACHI!V14+SINDH!V14+'GILGIT BALTISTAN'!V14:X14+'AZAD KHASHMIR'!V14:X14+'KHYBER PAKHTUNKHWA'!V14:X14) -> 0 | Y14: =SUM(MPR!Y14+KARACHI!Y14+SINDH!Y14+'GILGIT BALTISTAN'!Y14:Z14+'AZAD KHASHMIR'!Y14:Z14+'KHYBER PAKHTUNKHWA'!Y14:Z14) -> 1 | AA14: =SUM(MPR!AA14+KARACHI!AA14+SINDH!AA14+'GILGIT BALTISTAN'!AA14:AB14+'AZAD KHASHMIR'!AA14:AB14+'KHYBER PAKHTUNKHWA'!AA14:AB14) -> 4 | AC14: =SUM(L14+N14+P14+V14+Y14+AA14) -> 783
A15: Total | L15: =SUM(L11:M14) -> 2789 | N15: =SUM(N11:O14) -> 134 | P15: =SUM(P11:R14) -> 3 | S15: =SUM(L15+N15+P15) -> 2926 | V15: =SUM(V11:X14) -> 0 | Y15: =SUM(Y11:Z14) -> 7 | AA15: =SUM(AA11:AB14) -> 12 | AC15: =SUM(L15+N15+P15+V15+Y15+AA15) -> 2945
A16: Block 2: All New, Relapse and previous treatment history unknown Cases registered during the period by Age Group and Gender
L17: 0-4 | N17: 5-14 | P17: 15-24 | R17: 25-34 | T17: 35-44 | V17: 45-54 | X17: 55-64 | Z17: 65 & Above | AB17: Total | AD17: Grand Total
L18: M | M18: F | N18: M | O18: F | P18: M | Q18: F | R18: M | S18: F | T18: M | U18: F | V18: M | W18: F | X18: M | Y18: F | Z18: M | AA18: F | AB18: M | AC18: F
A19: Pulmonary, Bacteriologically Confermid | L19: =SUM(MPR!L19+KARACHI!L19+SINDH!L19+'GILGIT BALTISTAN'!L19+'AZAD KHASHMIR'!L19+'KHYBER PAKHTUNKHWA'!L19) -> 0 | M19: =SUM(MPR!M19+KARACHI!M19+SINDH!M19+'GILGIT BALTISTAN'!M19+'AZAD KHASHMIR'!M19+'KHYBER PAKHTUNKHWA'!M19) -> 0 | N19: =SUM(MPR!N19+KARACHI!N19+SINDH!N19+'GILGIT BALTISTAN'!N19+'AZAD KHASHMIR'!N19+'KHYBER PAKHTUNKHWA'!N19) -> 9 | O19: =SUM(MPR!O19+KARACHI!O19+SINDH!O19+'GILGIT BALTISTAN'!O19+'AZAD KHASHMIR'!O19+'KHYBER PAKHTUNKHWA'!O19) -> 16 | P19: =SUM(MPR!P19+KARACHI!P19+SINDH!P19+'GILGIT BALTISTAN'!P19+'AZAD KHASHMIR'!P19+'KHYBER PAKHTUNKHWA'!P19) -> 59 | Q19: =SUM(MPR!Q19+KARACHI!Q19+SINDH!Q19+'GILGIT BALTISTAN'!Q19+'AZAD KHASHMIR'!Q19+'KHYBER PAKHTUNKHWA'!Q19) -> 108 | R19: =SUM(MPR!R19+KARACHI!R19+SINDH!R19+'GILGIT BALTISTAN'!R19+'AZAD KHASHMIR'!R19+'KHYBER PAKHTUNKHWA'!R19) -> 86 | S19: =SUM(MPR!S19+KARACHI!S19+SINDH!S19+'GILGIT BALTISTAN'!S19+'AZAD KHASHMIR'!S19+'KHYBER PAKHTUNKHWA'!S19) -> 72 | ... AA19: =SUM(MPR!AA19+KARACHI!AA19+SINDH!AA19+'GILGIT BALTISTAN'!AA19+'AZAD KHASHMIR'!AA19+'KHYBER PAKHTUNKHWA'!AA19) -> 77 | AB19: =SUM(L19+N19+P19+R19+T19+V19+X19+Z19) -> 458 | AC19: =SUM(M19+O19+Q19+S19+U19+W19+Y19+AA19) -> 439 | AD19: =SUM(AB19:AC19) -> 897
A20: Pulmonary , Clinically Diagnosed | L20: =SUM(MPR!L20+KARACHI!L20+SINDH!L20+'GILGIT BALTISTAN'!L20+'AZAD KHASHMIR'!L20+'KHYBER PAKHTUNKHWA'!L20) -> 189 | M20: =SUM(MPR!M20+KARACHI!M20+SINDH!M20+'GILGIT BALTISTAN'!M20+'AZAD KHASHMIR'!M20+'KHYBER PAKHTUNKHWA'!M20) -> 154 | N20: =SUM(MPR!N20+KARACHI!N20+SINDH!N20+'GILGIT BALTISTAN'!N20+'AZAD KHASHMIR'!N20+'KHYBER PAKHTUNKHWA'!N20) -> 65 | O20: =SUM(MPR!O20+KARACHI!O20+SINDH!O20+'GILGIT BALTISTAN'!O20+'AZAD KHASHMIR'!O20+'KHYBER PAKHTUNKHWA'!O20) -> 60 | P20: =SUM(MPR!P20+KARACHI!P20+SINDH!P20+'GILGIT BALTISTAN'!P20+'AZAD KHASHMIR'!P20+'KHYBER PAKHTUNKHWA'!P20) -> 79 | Q20: =SUM(MPR!Q20+KARACHI!Q20+SINDH!Q20+'GILGIT BALTISTAN'!Q20+'AZAD KHASHMIR'!Q20+'KHYBER PAKHTUNKHWA'!Q20) -> 66 | R20: =SUM(MPR!R20+KARACHI!R20+SINDH!R20+'GILGIT BALTISTAN'!R20+'AZAD KHASHMIR'!R20+'KHYBER PAKHTUNKHWA'!R20) -> 52 | S20: =SUM(MPR!S20+KARACHI!S20+SINDH!S20+'GILGIT BALTISTAN'!S20+'AZAD KHASHMIR'!S20+'KHYBER PAKHTUNKHWA'!S20) -> 70 | ... AA20: =SUM(MPR!AA20+KARACHI!AA20+SINDH!AA20+'GILGIT BALTISTAN'!AA20+'AZAD KHASHMIR'!AA20+'KHYBER PAKHTUNKHWA'!AA20) -> 78 | AB20: =SUM(L20+N20+P20+R20+T20+V20+X20+Z20) -> 651 | AC20: =SUM(M20+O20+Q20+S20+U20+W20+Y20+AA20) -> 577 | AD20: =SUM(AB20:AC20) -> 1228
A21: Extra Pulmonary, Bacteriologically Confermid | L21: =SUM(MPR!L21+KARACHI!L21+SINDH!L21+'GILGIT BALTISTAN'!L21+'AZAD KHASHMIR'!L21+'KHYBER PAKHTUNKHWA'!L21) -> 0 | M21: =SUM(MPR!M21+KARACHI!M21+SINDH!M21+'GILGIT BALTISTAN'!M21+'AZAD KHASHMIR'!M21+'KHYBER PAKHTUNKHWA'!M21) -> 0 | N21: =SUM(MPR!N21+KARACHI!N21+SINDH!N21+'GILGIT BALTISTAN'!N21+'AZAD KHASHMIR'!N21+'KHYBER PAKHTUNKHWA'!N21) -> 0 | O21: =SUM(MPR!O21+KARACHI!O21+SINDH!O21+'GILGIT BALTISTAN'!O21+'AZAD KHASHMIR'!O21+'KHYBER PAKHTUNKHWA'!O21) -> 0 | P21: =SUM(MPR!P21+KARACHI!P21+SINDH!P21+'GILGIT BALTISTAN'!P21+'AZAD KHASHMIR'!P21+'KHYBER PAKHTUNKHWA'!P21) -> 0 | Q21: =SUM(MPR!Q21+KARACHI!Q21+SINDH!Q21+'GILGIT BALTISTAN'!Q21+'AZAD KHASHMIR'!Q21+'KHYBER PAKHTUNKHWA'!Q21) -> 1 | R21: =SUM(MPR!R21+KARACHI!R21+SINDH!R21+'GILGIT BALTISTAN'!R21+'AZAD KHASHMIR'!R21+'KHYBER PAKHTUNKHWA'!R21) -> 2 | S21: =SUM(MPR!S21+KARACHI!S21+SINDH!S21+'GILGIT BALTISTAN'!S21+'AZAD KHASHMIR'!S21+'KHYBER PAKHTUNKHWA'!S21) -> 2 | ... AA21: =SUM(MPR!AA21+KARACHI!AA21+SINDH!AA21+'GILGIT BALTISTAN'!AA21+'AZAD KHASHMIR'!AA21+'KHYBER PAKHTUNKHWA'!AA21) -> 2 | AB21: =SUM(L21+N21+P21+R21+T21+V21+X21+Z21) -> 6 | AC21: =SUM(M21+O21+Q21+S21+U21+W21+Y21+AA21) -> 7 | AD21: =SUM(AB21:AC21) -> 13
A22: Extra Pulmonary , Clinically Diagnosed | L22: =SUM(MPR!L22+KARACHI!L22+SINDH!L22+'GILGIT BALTISTAN'!L22+'AZAD KHASHMIR'!L22+'KHYBER PAKHTUNKHWA'!L22) -> 77 | M22: =SUM(MPR!M22+KARACHI!M22+SINDH!M22+'GILGIT BALTISTAN'!M22+'AZAD KHASHMIR'!M22+'KHYBER PAKHTUNKHWA'!M22) -> 80 | N22: =SUM(MPR!N22+KARACHI!N22+SINDH!N22+'GILGIT BALTISTAN'!N22+'AZAD KHASHMIR'!N22+'KHYBER PAKHTUNKHWA'!N22) -> 32 | O22: =SUM(MPR!O22+KARACHI!O22+SINDH!O22+'GILGIT BALTISTAN'!O22+'AZAD KHASHMIR'!O22+'KHYBER PAKHTUNKHWA'!O22) -> 34 | P22: =SUM(MPR!P22+KARACHI!P22+SINDH!P22+'GILGIT BALTISTAN'!P22+'AZAD KHASHMIR'!P22+'KHYBER PAKHTUNKHWA'!P22) -> 59 | Q22: =SUM(MPR!Q22+KARACHI!Q22+SINDH!Q22+'GILGIT BALTISTAN'!Q22+'AZAD KHASHMIR'!Q22+'KHYBER PAKHTUNKHWA'!Q22) -> 61 | R22: =SUM(MPR!R22+KARACHI!R22+SINDH!R22+'GILGIT BALTISTAN'!R22+'AZAD KHASHMIR'!R22+'KHYBER PAKHTUNKHWA'!R22) -> 60 | S22: =SUM(MPR!S22+KARACHI!S22+SINDH!S22+'GILGIT BALTISTAN'!S22+'AZAD KHASHMIR'!S22+'KHYBER PAKHTUNKHWA'!S22) -> 55 | ... AA22: =SUM(MPR!AA22+KARACHI!AA22+SINDH!AA22+'GILGIT BALTISTAN'!AA22+'AZAD KHASHMIR'!AA22+'KHYBER PAKHTUNKHWA'!AA22) -> 39 | AB22: =SUM(L22+N22+P22+R22+T22+V22+X22+Z22) -> 419 | AC22: =SUM(M22+O22+Q22+S22+U22+W22+Y22+AA22) -> 393 | AD22: =SUM(AB22:AC22) -> 812
A23: Total | L23: =SUM(L19:L22) -> 266 | M23: =SUM(M19:M22) -> 234 | N23: =SUM(N19:N22) -> 106 | O23: =SUM(O19:O22) -> 110 | P23: =SUM(P19:P22) -> 197 | Q23: =SUM(Q19:Q22) -> 236 | R23: =SUM(R19:R22) -> 200 | S23: =SUM(S19:S22) -> 199 | ... AC23: =SUM(AC19:AC22) -> 1416 | AD23: =SUM(AB23:AC23) -> 2950
A25: Block 3: Presumptive TB Cases Identified Laboratory Diagnosis and use of WRD | O25: Block 4 : TB HIV Activities
A26: Total New OPD in Quarter | B26: No. of presumptive TB cases identified | D26: No. of Presumptive TB Patients tested Using | H26: Among Presumptive TB cases tested number reported B+ | L26: Among all registered number of B+ TB Cases | M26: Amoung All (N+R+UK) number tested by Gene Xpert | O26: No. of TB patients tested for HIV | S26: HIV Reactive | W26: TB Patients confirmed positive for HIV | AA26: HIV positive TB Patients put on ART
B27: Total | C27: Through Community Referrals (LHWs) | D27: AFB | E27: Xp & AFB | F27: XP | G27: G.Tot | H27: AFB | I27: AFB + Xpert | J27: Xpert | K27: G.Tot | O27: =SUM(MPR!O27+KARACHI!O27+SINDH!O27+'GILGIT BALTISTAN'!O27:R27+'AZAD KHASHMIR'!O27:R27+'KHYBER PAKHTUNKHWA'!O27:R27) -> 1099 | S27: =SUM(MPR!S27+KARACHI!S27+SINDH!S27+'GILGIT BALTISTAN'!S27:V27+'AZAD KHASHMIR'!S27:V27+'KHYBER PAKHTUNKHWA'!S27:V27) -> 4 | W27: =SUM(MPR!W27+KARACHI!W27+SINDH!W27+'GILGIT BALTISTAN'!W27:Z27+'AZAD KHASHMIR'!W27:Z27+'KHYBER PAKHTUNKHWA'!W27:Z27) -> 0 | AA27: =SUM(MPR!AA27+KARACHI!AA27+SINDH!AA27+'GILGIT BALTISTAN'!AA27:AD27+'AZAD KHASHMIR'!AA27:AD27+'KHYBER PAKHTUNKHWA'!AA27:AD27) -> 0
A28: =SUM(MPR!A28+KARACHI!A28+SINDH!A28+'GILGIT BALTISTAN'!A28:A32+'AZAD KHASHMIR'!A28:A32+'KHYBER PAKHTUNKHWA'!A28:A32) -> 643103 | B28: =SUM(MPR!B28+KARACHI!B28+SINDH!B28+'GILGIT BALTISTAN'!B28:B32+'AZAD KHASHMIR'!B28:B32+'KHYBER PAKHTUNKHWA'!B28:B32) -> 14820 | C28: =SUM(MPR!C28+KARACHI!C28+SINDH!C28+'GILGIT BALTISTAN'!C28:C32+'AZAD KHASHMIR'!C28:C32+'KHYBER PAKHTUNKHWA'!C28:C32) -> 1400 | D28: =SUM(MPR!D28+KARACHI!D28+SINDH!D28+'GILGIT BALTISTAN'!D28:D32+'AZAD KHASHMIR'!D28:D32+'KHYBER PAKHTUNKHWA'!D28:D32) -> 2941 | E28: =SUM(MPR!E28+KARACHI!E28+SINDH!E28+'GILGIT BALTISTAN'!E28:E32+'AZAD KHASHMIR'!E28:E32+'KHYBER PAKHTUNKHWA'!E28:E32) -> 1682 | F28: =SUM(MPR!F28+KARACHI!F28+SINDH!F28+'GILGIT BALTISTAN'!F28:F32+'AZAD KHASHMIR'!F28:F32+'KHYBER PAKHTUNKHWA'!F28:F32) -> 7877 | G28: =SUM(D28:F32) -> 12500 | H28: =SUM(MPR!H28+KARACHI!H28+SINDH!H28+'GILGIT BALTISTAN'!H28:H32+'AZAD KHASHMIR'!H28:H32+'KHYBER PAKHTUNKHWA'!H28:H32) -> 66 | I28: =SUM(MPR!I28+KARACHI!I28+SINDH!I28+'GILGIT BALTISTAN'!I28:I32+'AZAD KHASHMIR'!I28:I32+'KHYBER PAKHTUNKHWA'!I28:I32) -> 360 | J28: =SUM(MPR!J28+KARACHI!J28+SINDH!J28+'GILGIT BALTISTAN'!J28:J32+'AZAD KHASHMIR'!J28:J32+'KHYBER PAKHTUNKHWA'!J28:J32) -> 569 | K28: =SUM(H28:J32) -> 995 | L28: =SUM(MPR!L28+KARACHI!L28+SINDH!L28+'GILGIT BALTISTAN'!L28:L32+'AZAD KHASHMIR'!L28:L32+'KHYBER PAKHTUNKHWA'!L28:L32) -> 892 | M28: =SUM(MPR!M28+KARACHI!M28+SINDH!M28+'GILGIT BALTISTAN'!M28:M32+'AZAD KHASHMIR'!M28:M32+'KHYBER PAKHTUNKHWA'!M28:M32) -> 1229 | O28: HIV patient tested for TB | S28: HIV patients diagnosed for TB | W28: TB HIV patients put on TB Tx | AA28: HIV positive TB negative patients on TPT
O29: =SUM(MPR!O29+KARACHI!O29+SINDH!O29+'GILGIT BALTISTAN'!O29:R32+'AZAD KHASHMIR'!O29:R32+'KHYBER PAKHTUNKHWA'!O29:R32) -> 27 | S29: =SUM(MPR!S29+KARACHI!S29+SINDH!S29+'GILGIT BALTISTAN'!S29:V32+'AZAD KHASHMIR'!S29:V32+'KHYBER PAKHTUNKHWA'!S29:V32) -> 0 | W29: =SUM(MPR!W29+KARACHI!W29+SINDH!W29+'GILGIT BALTISTAN'!W29:Z32+'AZAD KHASHMIR'!W29:Z32+'KHYBER PAKHTUNKHWA'!W29:Z32) -> 0 | AB29: 0-4 | AC29: 5-14 | AD29: 15 +
AA30: 6H | AB30: =SUM(MPR!AB30+KARACHI!AB30+SINDH!AB30+'GILGIT BALTISTAN'!AB30+'AZAD KHASHMIR'!AB30+'KHYBER PAKHTUNKHWA'!AB30) -> 0 | AC30: =SUM(MPR!AC30+KARACHI!AC30+SINDH!AC30+'GILGIT BALTISTAN'!AC30+'AZAD KHASHMIR'!AC30+'KHYBER PAKHTUNKHWA'!AC30) -> 0 | AD30: =SUM(MPR!AD30+KARACHI!AD30+SINDH!AD30+'GILGIT BALTISTAN'!AD30+'AZAD KHASHMIR'!AD30+'KHYBER PAKHTUNKHWA'!AD30) -> 0
AA31: 3HR | AB31: =SUM(MPR!AB31+KARACHI!AB31+SINDH!AB31+'GILGIT BALTISTAN'!AB31+'AZAD KHASHMIR'!AB31+'KHYBER PAKHTUNKHWA'!AB31) -> 0 | AC31: =SUM(MPR!AC31+KARACHI!AC31+SINDH!AC31+'GILGIT BALTISTAN'!AC31+'AZAD KHASHMIR'!AC31+'KHYBER PAKHTUNKHWA'!AC31) -> 0 | AD31: =SUM(MPR!AD31+KARACHI!AD31+SINDH!AD31+'GILGIT BALTISTAN'!AD31+'AZAD KHASHMIR'!AD31+'KHYBER PAKHTUNKHWA'!AD31) -> 0
AA32: 3 HP | AB32: =SUM(MPR!AB32+KARACHI!AB32+SINDH!AB32+'GILGIT BALTISTAN'!AB32+'AZAD KHASHMIR'!AB32+'KHYBER PAKHTUNKHWA'!AB32) -> 0 | AC32: =SUM(MPR!AC32+KARACHI!AC32+SINDH!AC32+'GILGIT BALTISTAN'!AC32+'AZAD KHASHMIR'!AC32+'KHYBER PAKHTUNKHWA'!AC32) -> 0 | AD32: =SUM(MPR!AD32+KARACHI!AD32+SINDH!AD32+'GILGIT BALTISTAN'!AD32+'AZAD KHASHMIR'!AD32+'KHYBER PAKHTUNKHWA'!AD32) -> 0
A34: Block 5 : Bacteriologically Confermid TB Cases with DST Result | O34: Block 6 : Contact Tracing HH *
A35: Sensitive =S Resistance = R | B35: PTB | H35: EPTB | O35: Total No. of HH of B+ PTB | R35: No. of HH contacts of B+ PTB Cases Screened | U35: No. of TB Cases diagnosed Amoung HH contact screened | X35: No. of HH Contacts Initiated on TPT | AB35: HIV negative Immuno - compromised on TPT
B36: Rifampicin | D36: Isoniazid | F36: Fluoroquninolone | H36: Rifampicin | J36: Isoniazid | L36: Fluoroquninolone
B37: S | C37: R | D37: S | E37: R | F37: S | G37: R | H37: S | I37: R | J37: S | K37: R | L37: S | M37: R
A38: New + UK | B38: =SUM(MPR!B38+KARACHI!B38+SINDH!B38+'GILGIT BALTISTAN'!B38+'AZAD KHASHMIR'!B38+'KHYBER PAKHTUNKHWA'!B38) -> 730 | C38: =SUM(MPR!C38+KARACHI!C38+SINDH!C38+'GILGIT BALTISTAN'!C38+'AZAD KHASHMIR'!C38+'KHYBER PAKHTUNKHWA'!C38) -> 3 | D38: =SUM(MPR!D38+KARACHI!D38+SINDH!D38+'GILGIT BALTISTAN'!D38+'AZAD KHASHMIR'!D38+'KHYBER PAKHTUNKHWA'!D38) -> 9 | E38: =SUM(MPR!E38+KARACHI!E38+SINDH!E38+'GILGIT BALTISTAN'!E38+'AZAD KHASHMIR'!E38+'KHYBER PAKHTUNKHWA'!E38) -> 0 | F38: =SUM(MPR!F38+KARACHI!F38+SINDH!F38+'GILGIT BALTISTAN'!F38+'AZAD KHASHMIR'!F38+'KHYBER PAKHTUNKHWA'!F38) -> 0 | G38: =SUM(MPR!G38+KARACHI!G38+SINDH!G38+'GILGIT BALTISTAN'!G38+'AZAD KHASHMIR'!G38+'KHYBER PAKHTUNKHWA'!G38) -> 0 | H38: =SUM(MPR!H38+KARACHI!H38+SINDH!H38+'GILGIT BALTISTAN'!H38+'AZAD KHASHMIR'!H38+'KHYBER PAKHTUNKHWA'!H38) -> 1 | I38: =SUM(MPR!I38+KARACHI!I38+SINDH!I38+'GILGIT BALTISTAN'!I38+'AZAD KHASHMIR'!I38+'KHYBER PAKHTUNKHWA'!I38) -> 0 | ... M38: =SUM(MPR!M38+KARACHI!M38+SINDH!M38+'GILGIT BALTISTAN'!M38+'AZAD KHASHMIR'!M38+'KHYBER PAKHTUNKHWA'!M38) -> 0 | Y38: 0-4 | Z38: 5-14 | AA38: 15+ | AB38: 0-4 | AC38: 5-14 | AD38: 15+
A39: Relapse | B39: =SUM(MPR!B39+KARACHI!B39+SINDH!B39+'GILGIT BALTISTAN'!B39+'AZAD KHASHMIR'!B39+'KHYBER PAKHTUNKHWA'!B39) -> 73 | C39: =SUM(MPR!C39+KARACHI!C39+SINDH!C39+'GILGIT BALTISTAN'!C39+'AZAD KHASHMIR'!C39+'KHYBER PAKHTUNKHWA'!C39) -> 0 | D39: =SUM(MPR!D39+KARACHI!D39+SINDH!D39+'GILGIT BALTISTAN'!D39+'AZAD KHASHMIR'!D39+'KHYBER PAKHTUNKHWA'!D39) -> 0 | E39: =SUM(MPR!E39+KARACHI!E39+SINDH!E39+'GILGIT BALTISTAN'!E39+'AZAD KHASHMIR'!E39+'KHYBER PAKHTUNKHWA'!E39) -> 0 | F39: =SUM(MPR!F39+KARACHI!F39+SINDH!F39+'GILGIT BALTISTAN'!F39+'AZAD KHASHMIR'!F39+'KHYBER PAKHTUNKHWA'!F39) -> 0 | G39: =SUM(MPR!G39+KARACHI!G39+SINDH!G39+'GILGIT BALTISTAN'!G39+'AZAD KHASHMIR'!G39+'KHYBER PAKHTUNKHWA'!G39) -> 0 | H39: =SUM(MPR!H39+KARACHI!H39+SINDH!H39+'GILGIT BALTISTAN'!H39+'AZAD KHASHMIR'!H39+'KHYBER PAKHTUNKHWA'!H39) -> 0 | I39: =SUM(MPR!I39+KARACHI!I39+SINDH!I39+'GILGIT BALTISTAN'!I39+'AZAD KHASHMIR'!I39+'KHYBER PAKHTUNKHWA'!I39) -> 0 | ... M39: =SUM(MPR!M39+KARACHI!M39+SINDH!M39+'GILGIT BALTISTAN'!M39+'AZAD KHASHMIR'!M39+'KHYBER PAKHTUNKHWA'!M39) -> 0 | O39: 0-4 | P39: 5-14 | Q39: 15 + | R39: 0-4 | S39: 5-14 | T39: 15 + | U39: 0-4 | V39: 5-14 | W39: 15 + | X39: 6H | Y39: =SUM(MPR!Y39+KARACHI!Y39+SINDH!Y39+'GILGIT BALTISTAN'!Y39+'AZAD KHASHMIR'!Y39+'KHYBER PAKHTUNKHWA'!Y39) -> 28 | Z39: =SUM(MPR!Z39+KARACHI!Z39+SINDH!Z39+'GILGIT BALTISTAN'!Z39+'AZAD KHASHMIR'!Z39+'KHYBER PAKHTUNKHWA'!Z39) -> 17 | AA39: =SUM(MPR!AA39+KARACHI!AA39+SINDH!AA39+'GILGIT BALTISTAN'!AA39+'AZAD KHASHMIR'!AA39+'KHYBER PAKHTUNKHWA'!AA39) -> 0 | AB39: =SUM(MPR!AB39+KARACHI!AB39+SINDH!AB39+'GILGIT BALTISTAN'!AB39+'AZAD KHASHMIR'!AB39+'KHYBER PAKHTUNKHWA'!AB39) -> 0 | AC39: =SUM(MPR!AC39+KARACHI!AC39+SINDH!AC39+'GILGIT BALTISTAN'!AC39+'AZAD KHASHMIR'!AC39+'KHYBER PAKHTUNKHWA'!AC39) -> 0 | AD39: =SUM(MPR!AD39+KARACHI!AD39+SINDH!AD39+'GILGIT BALTISTAN'!AD39+'AZAD KHASHMIR'!AD39+'KHYBER PAKHTUNKHWA'!AD39) -> 0
A40: Previously treated | B40: =SUM(MPR!B40+KARACHI!B40+SINDH!B40+'GILGIT BALTISTAN'!B40+'AZAD KHASHMIR'!B40+'KHYBER PAKHTUNKHWA'!B40) -> 2 | C40: =SUM(MPR!C40+KARACHI!C40+SINDH!C40+'GILGIT BALTISTAN'!C40+'AZAD KHASHMIR'!C40+'KHYBER PAKHTUNKHWA'!C40) -> 0 | D40: =SUM(MPR!D40+KARACHI!D40+SINDH!D40+'GILGIT BALTISTAN'!D40+'AZAD KHASHMIR'!D40+'KHYBER PAKHTUNKHWA'!D40) -> 0 | E40: =SUM(MPR!E40+KARACHI!E40+SINDH!E40+'GILGIT BALTISTAN'!E40+'AZAD KHASHMIR'!E40+'KHYBER PAKHTUNKHWA'!E40) -> 0 | F40: =SUM(MPR!F40+KARACHI!F40+SINDH!F40+'GILGIT BALTISTAN'!F40+'AZAD KHASHMIR'!F40+'KHYBER PAKHTUNKHWA'!F40) -> 0 | G40: =SUM(MPR!G40+KARACHI!G40+SINDH!G40+'GILGIT BALTISTAN'!G40+'AZAD KHASHMIR'!G40+'KHYBER PAKHTUNKHWA'!G40) -> 0 | H40: =SUM(MPR!H40+KARACHI!H40+SINDH!H40+'GILGIT BALTISTAN'!H40+'AZAD KHASHMIR'!H40+'KHYBER PAKHTUNKHWA'!H40) -> 0 | I40: =SUM(MPR!I40+KARACHI!I40+SINDH!I40+'GILGIT BALTISTAN'!I40+'AZAD KHASHMIR'!I40+'KHYBER PAKHTUNKHWA'!I40) -> 0 | ... M40: =SUM(MPR!M40+KARACHI!M40+SINDH!M40+'GILGIT BALTISTAN'!M40+'AZAD KHASHMIR'!M40+'KHYBER PAKHTUNKHWA'!M40) -> 0 | O40: =SUM(MPR!O40+KARACHI!O40+SINDH!O40+'GILGIT BALTISTAN'!O40:O41+'AZAD KHASHMIR'!O40:O41+'KHYBER PAKHTUNKHWA'!O40:O41) -> 436 | P40: =SUM(MPR!P40+KARACHI!P40+SINDH!P40+'GILGIT BALTISTAN'!P40:P41+'AZAD KHASHMIR'!P40:P41+'KHYBER PAKHTUNKHWA'!P40:P41) -> 1151 | Q40: =SUM(MPR!Q40+KARACHI!Q40+SINDH!Q40+'GILGIT BALTISTAN'!Q40:Q41+'AZAD KHASHMIR'!Q40:Q41+'KHYBER PAKHTUNKHWA'!Q40:Q41) -> 3427 | R40: =SUM(MPR!R40+KARACHI!R40+SINDH!R40+'GILGIT BALTISTAN'!R40:R41+'AZAD KHASHMIR'!R40:R41+'KHYBER PAKHTUNKHWA'!R40:R41) -> 289 | S40: =SUM(MPR!S40+KARACHI!S40+SINDH!S40+'GILGIT BALTISTAN'!S40:S41+'AZAD KHASHMIR'!S40:S41+'KHYBER PAKHTUNKHWA'!S40:S41) -> 929 | T40: =SUM(MPR!T40+KARACHI!T40+SINDH!T40+'GILGIT BALTISTAN'!T40:T41+'AZAD KHASHMIR'!T40:T41+'KHYBER PAKHTUNKHWA'!T40:T41) -> 2870 | U40: =SUM(MPR!U40+KARACHI!U40+SINDH!U40+'GILGIT BALTISTAN'!U40:U41+'AZAD KHASHMIR'!U40:U41+'KHYBER PAKHTUNKHWA'!U40:U41) -> 1 | V40: =SUM(MPR!V40+KARACHI!V40+SINDH!V40+'GILGIT BALTISTAN'!V40:V41+'AZAD KHASHMIR'!V40:V41+'KHYBER PAKHTUNKHWA'!V40:V41) -> 7 | W40: =SUM(MPR!W40+KARACHI!W40+SINDH!W40+'GILGIT BALTISTAN'!W40:W41+'AZAD KHASHMIR'!W40:W41+'KHYBER PAKHTUNKHWA'!W40:W41) -> 169 | X40: 3HR | Y40: =SUM(MPR!Y40+KARACHI!Y40+SINDH!Y40+'GILGIT BALTISTAN'!Y40+'AZAD KHASHMIR'!Y40+'KHYBER PAKHTUNKHWA'!Y40) -> 0 | Z40: =SUM(MPR!Z40+KARACHI!Z40+SINDH!Z40+'GILGIT BALTISTAN'!Z40+'AZAD KHASHMIR'!Z40+'KHYBER PAKHTUNKHWA'!Z40) -> 2 | AA40: =SUM(MPR!AA40+KARACHI!AA40+SINDH!AA40+'GILGIT BALTISTAN'!AA40+'AZAD KHASHMIR'!AA40+'KHYBER PAKHTUNKHWA'!AA40) -> 38 | AB40: =SUM(MPR!AB40+KARACHI!AB40+SINDH!AB40+'GILGIT BALTISTAN'!AB40+'AZAD KHASHMIR'!AB40+'KHYBER PAKHTUNKHWA'!AB40) -> 0 | AC40: =SUM(MPR!AC40+KARACHI!AC40+SINDH!AC40+'GILGIT BALTISTAN'!AC40+'AZAD KHASHMIR'!AC40+'KHYBER PAKHTUNKHWA'!AC40) -> 0 | AD40: =SUM(MPR!AD40+KARACHI!AD40+SINDH!AD40+'GILGIT BALTISTAN'!AD40+'AZAD KHASHMIR'!AD40+'KHYBER PAKHTUNKHWA'!AD40) -> 0
A41: Total | B41: =SUM(B38:B40) -> 805 | C41: =SUM(C38:C40) -> 3 | D41: =SUM(D38:D40) -> 9 | E41: =SUM(E38:E40) -> 0 | F41: =SUM(F38:F40) -> 0 | G41: =SUM(G38:G40) -> 0 | H41: =SUM(H38:H40) -> 1 | I41: =SUM(I38:I40) -> 0 | ... M41: =SUM(M38:M40) -> 0 | X41: 3 HP | Y41: =SUM(MPR!Y41+KARACHI!Y41+SINDH!Y41+'GILGIT BALTISTAN'!Y41+'AZAD KHASHMIR'!Y41+'KHYBER PAKHTUNKHWA'!Y41) -> 0 | Z41: =SUM(MPR!Z41+KARACHI!Z41+SINDH!Z41+'GILGIT BALTISTAN'!Z41+'AZAD KHASHMIR'!Z41+'KHYBER PAKHTUNKHWA'!Z41) -> 48 | AA41: =SUM(MPR!AA41+KARACHI!AA41+SINDH!AA41+'GILGIT BALTISTAN'!AA41+'AZAD KHASHMIR'!AA41+'KHYBER PAKHTUNKHWA'!AA41) -> 191 | AB41: =SUM(MPR!AB41+KARACHI!AB41+SINDH!AB41+'GILGIT BALTISTAN'!AB41+'AZAD KHASHMIR'!AB41+'KHYBER PAKHTUNKHWA'!AB41) -> 0 | AC41: =SUM(MPR!AC41+KARACHI!AC41+SINDH!AC41+'GILGIT BALTISTAN'!AC41+'AZAD KHASHMIR'!AC41+'KHYBER PAKHTUNKHWA'!AC41) -> 0 | AD41: =SUM(MPR!AD41+KARACHI!AD41+SINDH!AD41+'GILGIT BALTISTAN'!AD41+'AZAD KHASHMIR'!AD41+'KHYBER PAKHTUNKHWA'!AD41) -> 0
A42: QUARTERLY REPORT ON TB CASES REGISTRATION
A43: INDIVIDUAL/CONSOLIDATED (TICK ONE) | Z43: TB - 07
A44: Name of TB Care Facility (BMU) : | E44: =E4 -> 0 | K44: =K4 -> 0 | U44: Patients registered during | Z44: 2nd Quarter | AC44: =AC4 -> 0
A46: Name of TB Coodinator/Facility incharge : | I46: ___________________________________________________ | U46: Date of completion of this form : | AA46: _______________________
A48: Block 1: | L48: New (N) | N48: Relapse ® | P48: Previous Treatment History Unknown (UK) | S48: New episode (N+R+UK) | V48: Re - registered Cases ( Excluding Recurrent cases) | AC48: Total
A49: All TB Cases Registered | V49: Treatment after failure | Y49: Treatment after lost to follow-up | AA49: Other
A51: Pulmonary, Bacteriologically Confermid | L51: =SUM(MPR!L50+KARACHI!L51+SINDH!L51+'GILGIT BALTISTAN'!L51:M51+'AZAD KHASHMIR'!L51:M51+'KHYBER PAKHTUNKHWA'!L51:M51) -> 871 | N51: =SUM(MPR!N50+KARACHI!N51+SINDH!N51+'GILGIT BALTISTAN'!N51:O51+'AZAD KHASHMIR'!N51:O51+'KHYBER PAKHTUNKHWA'!N51:O51) -> 61 | P51: =SUM(MPR!P50+KARACHI!P51+SINDH!P51+'GILGIT BALTISTAN'!P51:R51+'AZAD KHASHMIR'!P51:R51+'KHYBER PAKHTUNKHWA'!P51:R51) -> 1 | S51: =SUM(L51+N51+P51) -> 933 | V51: =SUM(MPR!V50+KARACHI!V51+SINDH!V51+'GILGIT BALTISTAN'!V51:X51+'AZAD KHASHMIR'!V51:X51+'KHYBER PAKHTUNKHWA'!V51:X51) -> 2 | Y51: =SUM(MPR!Y50+KARACHI!Y51+SINDH!Y51+'GILGIT BALTISTAN'!Y51:Z51+'AZAD KHASHMIR'!Y51:Z51+'KHYBER PAKHTUNKHWA'!Y51:Z51) -> 3 | AA51: =SUM(MPR!AA50+KARACHI!AA51+SINDH!AA51+'GILGIT BALTISTAN'!AA51:AB51+'AZAD KHASHMIR'!AA51:AB51+'KHYBER PAKHTUNKHWA'!AA51:AB51) -> 2 | AC51: =SUM(L51+N51+P51+V51+Y51+AA51) -> 940
A52: Pulmonary , Clinically Diagnosed | L52: =SUM(MPR!L51+KARACHI!L52+SINDH!L52+'GILGIT BALTISTAN'!L52:M52+'AZAD KHASHMIR'!L52:M52+'KHYBER PAKHTUNKHWA'!L52:M52) -> 1624 | N52: =SUM(MPR!N51+KARACHI!N52+SINDH!N52+'GILGIT BALTISTAN'!N52:O52+'AZAD KHASHMIR'!N52:O52+'KHYBER PAKHTUNKHWA'!N52:O52) -> 39 | P52: =SUM(MPR!P51+KARACHI!P52+SINDH!P52+'GILGIT BALTISTAN'!P52:R52+'AZAD KHASHMIR'!P52:R52+'KHYBER PAKHTUNKHWA'!P52:R52) -> 0 | S52: =SUM(L52+N52+P52) -> 1663 | V52: =SUM(MPR!V51+KARACHI!V52+SINDH!V52+'GILGIT BALTISTAN'!V52:X52+'AZAD KHASHMIR'!V52:X52+'KHYBER PAKHTUNKHWA'!V52:X52) -> 1 | Y52: =SUM(MPR!Y51+KARACHI!Y52+SINDH!Y52+'GILGIT BALTISTAN'!Y52:Z52+'AZAD KHASHMIR'!Y52:Z52+'KHYBER PAKHTUNKHWA'!Y52:Z52) -> 5 | AA52: =SUM(MPR!AA51+KARACHI!AA52+SINDH!AA52+'GILGIT BALTISTAN'!AA52:AB52+'AZAD KHASHMIR'!AA52:AB52+'KHYBER PAKHTUNKHWA'!AA52:AB52) -> 5 | AC52: =SUM(L52+N52+P52+V52+Y52+AA52) -> 1674
A53: Extra Pulmonary, Bacteriologically Confermid | L53: =SUM(MPR!L52+KARACHI!L53+SINDH!L53+'GILGIT BALTISTAN'!L53:M53+'AZAD KHASHMIR'!L53:M53+'KHYBER PAKHTUNKHWA'!L53:M53) -> 6 | N53: =SUM(MPR!N52+KARACHI!N53+SINDH!N53+'GILGIT BALTISTAN'!N53:O53+'AZAD KHASHMIR'!N53:O53+'KHYBER PAKHTUNKHWA'!N53:O53) -> 0 | P53: =SUM(MPR!P52+KARACHI!P53+SINDH!P53+'GILGIT BALTISTAN'!P53:R53+'AZAD KHASHMIR'!P53:R53+'KHYBER PAKHTUNKHWA'!P53:R53) -> 0 | S53: =SUM(L53+N53+P53) -> 6 | V53: =SUM(MPR!V52+KARACHI!V53+SINDH!V53+'GILGIT BALTISTAN'!V53:X53+'AZAD KHASHMIR'!V53:X53+'KHYBER PAKHTUNKHWA'!V53:X53) -> 0 | Y53: =SUM(MPR!Y52+KARACHI!Y53+SINDH!Y53+'GILGIT BALTISTAN'!Y53:Z53+'AZAD KHASHMIR'!Y53:Z53+'KHYBER PAKHTUNKHWA'!Y53:Z53) -> 0 | AA53: =SUM(MPR!AA52+KARACHI!AA53+SINDH!AA53+'GILGIT BALTISTAN'!AA53:AB53+'AZAD KHASHMIR'!AA53:AB53+'KHYBER PAKHTUNKHWA'!AA53:AB53) -> 2 | AC53: =SUM(L53+N53+P53+V53+Y53+AA53) -> 8
A54: Extra Pulmonary , Clinically Diagnosed | L54: =SUM(MPR!L53+KARACHI!L54+SINDH!L54+'GILGIT BALTISTAN'!L54:M54+'AZAD KHASHMIR'!L54:M54+'KHYBER PAKHTUNKHWA'!L54:M54) -> 883 | N54: =SUM(MPR!N53+KARACHI!N54+SINDH!N54+'GILGIT BALTISTAN'!N54:O54+'AZAD KHASHMIR'!N54:O54+'KHYBER PAKHTUNKHWA'!N54:O54) -> 13 | P54: =SUM(MPR!P53+KARACHI!P54+SINDH!P54+'GILGIT BALTISTAN'!P54:R54+'AZAD KHASHMIR'!P54:R54+'KHYBER PAKHTUNKHWA'!P54:R54) -> 0 | S54: =SUM(L54+N54+P54) -> 896 | V54: =SUM(MPR!V53+KARACHI!V54+SINDH!V54+'GILGIT BALTISTAN'!V54:X54+'AZAD KHASHMIR'!V54:X54+'KHYBER PAKHTUNKHWA'!V54:X54) -> 0 | Y54: =SUM(MPR!Y53+KARACHI!Y54+SINDH!Y54+'GILGIT BALTISTAN'!Y54:Z54+'AZAD KHASHMIR'!Y54:Z54+'KHYBER PAKHTUNKHWA'!Y54:Z54) -> 0 | AA54: =SUM(MPR!AA53+KARACHI!AA54+SINDH!AA54+'GILGIT BALTISTAN'!AA54:AB54+'AZAD KHASHMIR'!AA54:AB54+'KHYBER PAKHTUNKHWA'!AA54:AB54) -> 3 | AC54: =SUM(L54+N54+P54+V54+Y54+AA54) -> 899
A55: Total | L55: =SUM(L51:M54) -> 3384 | N55: =SUM(N51:O54) -> 113 | P55: =SUM(P51:R54) -> 1 | S55: =SUM(L55+N55+P55) -> 3498 | V55: =SUM(V51:X54) -> 3 | Y55: =SUM(Y51:Z54) -> 8 | AA55: =SUM(AA51:AB54) -> 12 | AC55: =SUM(L55+N55+P55+V55+Y55+AA55) -> 3521
A56: Block 2: All New, Relapse and previous treatment history unknown Cases registered during the period by Age Group and Gender
L57: 0-4 | N57: 5-14 | P57: 15-24 | R57: 25-34 | T57: 35-44 | V57: 45-54 | X57: 55-64 | Z57: 65 & Above | AB57: Total | AD57: Grand Total
L58: M | M58: F | N58: M | O58: F | P58: M | Q58: F | R58: M | S58: F | T58: M | U58: F | V58: M | W58: F | X58: M | Y58: F | Z58: M | AA58: F | AB58: M | AC58: F
A59: Pulmonary, Bacteriologically Confermid | L59: =SUM(MPR!L58+KARACHI!L59+SINDH!L59+'GILGIT BALTISTAN'!L59+'AZAD KHASHMIR'!L59+'KHYBER PAKHTUNKHWA'!L59) -> 1 | M59: =SUM(MPR!M58+KARACHI!M59+SINDH!M59+'GILGIT BALTISTAN'!M59+'AZAD KHASHMIR'!M59+'KHYBER PAKHTUNKHWA'!M59) -> 2 | N59: =SUM(MPR!N58+KARACHI!N59+SINDH!N59+'GILGIT BALTISTAN'!N59+'AZAD KHASHMIR'!N59+'KHYBER PAKHTUNKHWA'!N59) -> 12 | O59: =SUM(MPR!O58+KARACHI!O59+SINDH!O59+'GILGIT BALTISTAN'!O59+'AZAD KHASHMIR'!O59+'KHYBER PAKHTUNKHWA'!O59) -> 28 | P59: =SUM(MPR!P58+KARACHI!P59+SINDH!P59+'GILGIT BALTISTAN'!P59+'AZAD KHASHMIR'!P59+'KHYBER PAKHTUNKHWA'!P59) -> 68 | Q59: =SUM(MPR!Q58+KARACHI!Q59+SINDH!Q59+'GILGIT BALTISTAN'!Q59+'AZAD KHASHMIR'!Q59+'KHYBER PAKHTUNKHWA'!Q59) -> 110 | R59: =SUM(MPR!R58+KARACHI!R59+SINDH!R59+'GILGIT BALTISTAN'!R59+'AZAD KHASHMIR'!R59+'KHYBER PAKHTUNKHWA'!R59) -> 67 | S59: =SUM(MPR!S58+KARACHI!S59+SINDH!S59+'GILGIT BALTISTAN'!S59+'AZAD KHASHMIR'!S59+'KHYBER PAKHTUNKHWA'!S59) -> 77 | ... AA59: =SUM(MPR!AA58+KARACHI!AA59+SINDH!AA59+'GILGIT BALTISTAN'!AA59+'AZAD KHASHMIR'!AA59+'KHYBER PAKHTUNKHWA'!AA59) -> 97 | AB59: =SUM(L59+N59+P59+R59+T59+V59+X59+Z59) -> 431 | AC59: =SUM(M59+O59+Q59+S59+U59+W59+Y59+AA59) -> 502 | AD59: =SUM(AB59:AC59) -> 933
A60: Pulmonary , Clinically Diagnosed | L60: =SUM(MPR!L59+KARACHI!L60+SINDH!L60+'GILGIT BALTISTAN'!L60+'AZAD KHASHMIR'!L60+'KHYBER PAKHTUNKHWA'!L60) -> 299 | M60: =SUM(MPR!M59+KARACHI!M60+SINDH!M60+'GILGIT BALTISTAN'!M60+'AZAD KHASHMIR'!M60+'KHYBER PAKHTUNKHWA'!M60) -> 235 | N60: =SUM(MPR!N59+KARACHI!N60+SINDH!N60+'GILGIT BALTISTAN'!N60+'AZAD KHASHMIR'!N60+'KHYBER PAKHTUNKHWA'!N60) -> 99 | O60: =SUM(MPR!O59+KARACHI!O60+SINDH!O60+'GILGIT BALTISTAN'!O60+'AZAD KHASHMIR'!O60+'KHYBER PAKHTUNKHWA'!O60) -> 92 | P60: =SUM(MPR!P59+KARACHI!P60+SINDH!P60+'GILGIT BALTISTAN'!P60+'AZAD KHASHMIR'!P60+'KHYBER PAKHTUNKHWA'!P60) -> 89 | Q60: =SUM(MPR!Q59+KARACHI!Q60+SINDH!Q60+'GILGIT BALTISTAN'!Q60+'AZAD KHASHMIR'!Q60+'KHYBER PAKHTUNKHWA'!Q60) -> 99 | R60: =SUM(MPR!R59+KARACHI!R60+SINDH!R60+'GILGIT BALTISTAN'!R60+'AZAD KHASHMIR'!R60+'KHYBER PAKHTUNKHWA'!R60) -> 75 | S60: =SUM(MPR!S59+KARACHI!S60+SINDH!S60+'GILGIT BALTISTAN'!S60+'AZAD KHASHMIR'!S60+'KHYBER PAKHTUNKHWA'!S60) -> 108 | ... AA60: =SUM(MPR!AA59+KARACHI!AA60+SINDH!AA60+'GILGIT BALTISTAN'!AA60+'AZAD KHASHMIR'!AA60+'KHYBER PAKHTUNKHWA'!AA60) -> 80 | AB60: =SUM(L60+N60+P60+R60+T60+V60+X60+Z60) -> 863 | AC60: =SUM(M60+O60+Q60+S60+U60+W60+Y60+AA60) -> 800 | AD60: =SUM(AB60:AC60) -> 1663
A61: Extra Pulmonary, Bacteriologically Confermid | L61: =SUM(MPR!L60+KARACHI!L61+SINDH!L61+'GILGIT BALTISTAN'!L61+'AZAD KHASHMIR'!L61+'KHYBER PAKHTUNKHWA'!L61) -> 0 | M61: =SUM(MPR!M60+KARACHI!M61+SINDH!M61+'GILGIT BALTISTAN'!M61+'AZAD KHASHMIR'!M61+'KHYBER PAKHTUNKHWA'!M61) -> 0 | N61: =SUM(MPR!N60+KARACHI!N61+SINDH!N61+'GILGIT BALTISTAN'!N61+'AZAD KHASHMIR'!N61+'KHYBER PAKHTUNKHWA'!N61) -> 1 | O61: =SUM(MPR!O60+KARACHI!O61+SINDH!O61+'GILGIT BALTISTAN'!O61+'AZAD KHASHMIR'!O61+'KHYBER PAKHTUNKHWA'!O61) -> 0 | P61: =SUM(MPR!P60+KARACHI!P61+SINDH!P61+'GILGIT BALTISTAN'!P61+'AZAD KHASHMIR'!P61+'KHYBER PAKHTUNKHWA'!P61) -> 1 | Q61: =SUM(MPR!Q60+KARACHI!Q61+SINDH!Q61+'GILGIT BALTISTAN'!Q61+'AZAD KHASHMIR'!Q61+'KHYBER PAKHTUNKHWA'!Q61) -> 0 | R61: =SUM(MPR!R60+KARACHI!R61+SINDH!R61+'GILGIT BALTISTAN'!R61+'AZAD KHASHMIR'!R61+'KHYBER PAKHTUNKHWA'!R61) -> 2 | S61: =SUM(MPR!S60+KARACHI!S61+SINDH!S61+'GILGIT BALTISTAN'!S61+'AZAD KHASHMIR'!S61+'KHYBER PAKHTUNKHWA'!S61) -> 1 | ... AA61: =SUM(MPR!AA60+KARACHI!AA61+SINDH!AA61+'GILGIT BALTISTAN'!AA61+'AZAD KHASHMIR'!AA61+'KHYBER PAKHTUNKHWA'!AA61) -> 0 | AB61: =SUM(L61+N61+P61+R61+T61+V61+X61+Z61) -> 4 | AC61: =SUM(M61+O61+Q61+S61+U61+W61+Y61+AA61) -> 2 | AD61: =SUM(AB61:AC61) -> 6
A62: Extra Pulmonary , Clinically Diagnosed | L62: =SUM(MPR!L61+KARACHI!L62+SINDH!L62+'GILGIT BALTISTAN'!L62+'AZAD KHASHMIR'!L62+'KHYBER PAKHTUNKHWA'!L62) -> 126 | M62: =SUM(MPR!M61+KARACHI!M62+SINDH!M62+'GILGIT BALTISTAN'!M62+'AZAD KHASHMIR'!M62+'KHYBER PAKHTUNKHWA'!M62) -> 91 | N62: =SUM(MPR!N61+KARACHI!N62+SINDH!N62+'GILGIT BALTISTAN'!N62+'AZAD KHASHMIR'!N62+'KHYBER PAKHTUNKHWA'!N62) -> 56 | O62: =SUM(MPR!O61+KARACHI!O62+SINDH!O62+'GILGIT BALTISTAN'!O62+'AZAD KHASHMIR'!O62+'KHYBER PAKHTUNKHWA'!O62) -> 49 | P62: =SUM(MPR!P61+KARACHI!P62+SINDH!P62+'GILGIT BALTISTAN'!P62+'AZAD KHASHMIR'!P62+'KHYBER PAKHTUNKHWA'!P62) -> 60 | Q62: =SUM(MPR!Q61+KARACHI!Q62+SINDH!Q62+'GILGIT BALTISTAN'!Q62+'AZAD KHASHMIR'!Q62+'KHYBER PAKHTUNKHWA'!Q62) -> 76 | R62: =SUM(MPR!R61+KARACHI!R62+SINDH!R62+'GILGIT BALTISTAN'!R62+'AZAD KHASHMIR'!R62+'KHYBER PAKHTUNKHWA'!R62) -> 56 | S62: =SUM(MPR!S61+KARACHI!S62+SINDH!S62+'GILGIT BALTISTAN'!S62+'AZAD KHASHMIR'!S62+'KHYBER PAKHTUNKHWA'!S62) -> 50 | ... AA62: =SUM(MPR!AA61+KARACHI!AA62+SINDH!AA62+'GILGIT BALTISTAN'!AA62+'AZAD KHASHMIR'!AA62+'KHYBER PAKHTUNKHWA'!AA62) -> 33 | AB62: =SUM(L62+N62+P62+R62+T62+V62+X62+Z62) -> 481 | AC62: =SUM(M62+O62+Q62+S62+U62+W62+Y62+AA62) -> 415 | AD62: =SUM(AB62:AC62) -> 896
A63: Total | L63: =SUM(L59:L62) -> 426 | M63: =SUM(M59:M62) -> 328 | N63: =SUM(N59:N62) -> 168 | O63: =SUM(O59:O62) -> 169 | P63: =SUM(P59:P62) -> 218 | Q63: =SUM(Q59:Q62) -> 285 | R63: =SUM(R59:R62) -> 200 | S63: =SUM(S59:S62) -> 236 | ... AC63: =SUM(AC59:AC62) -> 1719 | AD63: =SUM(AB63:AC63) -> 3498
A65: Block 3: Presumptive TB Cases Identified Laboratory Diagnosis and use of WRD | O65: Block 4 : TB HIV Activities
A66: Total New OPD in Quarter | B66: No. of presumptive TB cases identified | D66: No. of Presumptive TB Patients tested Using | H66: Among Presumptive TB cases tested number reported B+ | L66: Among all registered number of B+ TB Cases | M66: Amoung All (N+R+UK) number tested by Gene Xpert | O66: No. of TB patients tested for HIV | S66: HIV Reactive | W66: TB Patients confirmed positive for HIV | AA66: HIV positive TB Patients put on ART
B67: Total | C67: Through Community Referrals (LHWs) | D67: AFB | E67: Xp & AFB | F67: XP | G67: G.Tot | H67: AFB | I67: AFB + Xpert | J67: Xpert | K67: G.Tot | O67: =SUM(MPR!O66+KARACHI!O67+SINDH!O67+'GILGIT BALTISTAN'!O67:R67+'AZAD KHASHMIR'!O67:R67+'KHYBER PAKHTUNKHWA'!O67:R67) -> 1087 | S67: =SUM(MPR!S66+KARACHI!S67+SINDH!S67+'GILGIT BALTISTAN'!S67:V67+'AZAD KHASHMIR'!S67:V67+'KHYBER PAKHTUNKHWA'!S67:V67) -> 3 | W67: =SUM(MPR!W66+KARACHI!W67+SINDH!W67+'GILGIT BALTISTAN'!W67:Z67+'AZAD KHASHMIR'!W67:Z67+'KHYBER PAKHTUNKHWA'!W67:Z67) -> 3 | AA67: =SUM(MPR!AA66+KARACHI!AA67+SINDH!AA67+'GILGIT BALTISTAN'!AA67:AD67+'AZAD KHASHMIR'!AA67:AD67+'KHYBER PAKHTUNKHWA'!AA67:AD67) -> 2
A68: =SUM(MPR!A67+KARACHI!A68+SINDH!A68+'GILGIT BALTISTAN'!A68:A72+'AZAD KHASHMIR'!A68:A72+'KHYBER PAKHTUNKHWA'!A68:A72) -> 673640 | B68: =SUM(MPR!B67+KARACHI!B68+SINDH!B68+'GILGIT BALTISTAN'!B68:B72+'AZAD KHASHMIR'!B68:B72+'KHYBER PAKHTUNKHWA'!B68:B72) -> 13462 | C68: =SUM(MPR!C67+KARACHI!C68+SINDH!C68+'GILGIT BALTISTAN'!C68:C72+'AZAD KHASHMIR'!C68:C72+'KHYBER PAKHTUNKHWA'!C68:C72) -> 1141 | D68: =SUM(MPR!D67+KARACHI!D68+SINDH!D68+'GILGIT BALTISTAN'!D68:D72+'AZAD KHASHMIR'!D68:D72+'KHYBER PAKHTUNKHWA'!D68:D72) -> 5070 | E68: =SUM(MPR!E67+KARACHI!E68+SINDH!E68+'GILGIT BALTISTAN'!E68:E72+'AZAD KHASHMIR'!E68:E72+'KHYBER PAKHTUNKHWA'!E68:E72) -> 2266 | F68: =SUM(MPR!F67+KARACHI!F68+SINDH!F68+'GILGIT BALTISTAN'!F68:F72+'AZAD KHASHMIR'!F68:F72+'KHYBER PAKHTUNKHWA'!F68:F72) -> 5379 | G68: =SUM(D68:F72) -> 12715 | H68: =SUM(MPR!H67+KARACHI!H68+SINDH!H68+'GILGIT BALTISTAN'!H68:H72+'AZAD KHASHMIR'!H68:H72+'KHYBER PAKHTUNKHWA'!H68:H72) -> 130 | I68: =SUM(MPR!I67+KARACHI!I68+SINDH!I68+'GILGIT BALTISTAN'!I68:I72+'AZAD KHASHMIR'!I68:I72+'KHYBER PAKHTUNKHWA'!I68:I72) -> 347 | J68: =SUM(MPR!J67+KARACHI!J68+SINDH!J68+'GILGIT BALTISTAN'!J68:J72+'AZAD KHASHMIR'!J68:J72+'KHYBER PAKHTUNKHWA'!J68:J72) -> 456 | K68: =SUM(H68:J72) -> 933 | L68: =SUM(MPR!L67+KARACHI!L68+SINDH!L68+'GILGIT BALTISTAN'!L68:L72+'AZAD KHASHMIR'!L68:L72+'KHYBER PAKHTUNKHWA'!L68:L72) -> 913 | M68: =SUM(MPR!M67+KARACHI!M68+SINDH!M68+'GILGIT BALTISTAN'!M68:M72+'AZAD KHASHMIR'!M68:M72+'KHYBER PAKHTUNKHWA'!M68:M72) -> 1061 | O68: HIV patient tested for TB | S68: HIV patients diagnosed for TB | W68: TB HIV patients put on TB Tx | AA68: HIV positive TB negative patients on TPT
O69: =SUM(MPR!O68+KARACHI!O69+SINDH!O69+'GILGIT BALTISTAN'!O69:R72+'AZAD KHASHMIR'!O69:R72+'KHYBER PAKHTUNKHWA'!O69:R72) -> 21 | S69: =SUM(MPR!S68+KARACHI!S69+SINDH!S69+'GILGIT BALTISTAN'!S69:V72+'AZAD KHASHMIR'!S69:V72+'KHYBER PAKHTUNKHWA'!S69:V72) -> 0 | W69: =SUM(MPR!W68+KARACHI!W69+SINDH!W69+'GILGIT BALTISTAN'!W69:Z72+'AZAD KHASHMIR'!W69:Z72+'KHYBER PAKHTUNKHWA'!W69:Z72) -> 1 | AB69: 0-4 | AC69: 5-14 | AD69: 15 +
AA70: 6H | AB70: =SUM(MPR!AB69+KARACHI!AB70+SINDH!AB70+'GILGIT BALTISTAN'!AB70+'AZAD KHASHMIR'!AB70+'KHYBER PAKHTUNKHWA'!AB70) -> 0 | AC70: =SUM(MPR!AC69+KARACHI!AC70+SINDH!AC70+'GILGIT BALTISTAN'!AC70+'AZAD KHASHMIR'!AC70+'KHYBER PAKHTUNKHWA'!AC70) -> 0 | AD70: =SUM(MPR!AD69+KARACHI!AD70+SINDH!AD70+'GILGIT BALTISTAN'!AD70+'AZAD KHASHMIR'!AD70+'KHYBER PAKHTUNKHWA'!AD70) -> 0
AA71: 3HR | AB71: =SUM(MPR!AB70+KARACHI!AB71+SINDH!AB71+'GILGIT BALTISTAN'!AB71+'AZAD KHASHMIR'!AB71+'KHYBER PAKHTUNKHWA'!AB71) -> 0 | AC71: =SUM(MPR!AC70+KARACHI!AC71+SINDH!AC71+'GILGIT BALTISTAN'!AC71+'AZAD KHASHMIR'!AC71+'KHYBER PAKHTUNKHWA'!AC71) -> 0 | AD71: =SUM(MPR!AD70+KARACHI!AD71+SINDH!AD71+'GILGIT BALTISTAN'!AD71+'AZAD KHASHMIR'!AD71+'KHYBER PAKHTUNKHWA'!AD71) -> 0
AA72: 3 HP | AB72: =SUM(MPR!AB71+KARACHI!AB72+SINDH!AB72+'GILGIT BALTISTAN'!AB72+'AZAD KHASHMIR'!AB72+'KHYBER PAKHTUNKHWA'!AB72) -> 0 | AC72: =SUM(MPR!AC71+KARACHI!AC72+SINDH!AC72+'GILGIT BALTISTAN'!AC72+'AZAD KHASHMIR'!AC72+'KHYBER PAKHTUNKHWA'!AC72) -> 0 | AD72: =SUM(MPR!AD71+KARACHI!AD72+SINDH!AD72+'GILGIT BALTISTAN'!AD72+'AZAD KHASHMIR'!AD72+'KHYBER PAKHTUNKHWA'!AD72) -> 0
A74: Block 5 : Bacteriologically Confermid TB Cases with DST Result | O74: Block 6 : Contact Tracing HH *
A75: Sensitive =S Resistance = R | B75: PTB | H75: EPTB | O75: Total No. of HH of B+ PTB | R75: No. of HH contacts of B+ PTB Cases Screened | U75: No. of TB Cases diagnosed Amoung HH contact screened | X75: No. of HH Contacts Initiated on TPT | AB75: HIV negative Immuno - compromised on TPT
B76: Rifampicin | D76: Isoniazid | F76: Fluoroquninolone | H76: Rifampicin | J76: Isoniazid | L76: Fluoroquninolone
B77: S | C77: R | D77: S | E77: R | F77: S | G77: R | H77: S | I77: R | J77: S | K77: R | L77: S | M77: R
A78: New + UK | B78: =SUM(MPR!B77+KARACHI!B78+SINDH!B78+'GILGIT BALTISTAN'!B78+'AZAD KHASHMIR'!B78+'KHYBER PAKHTUNKHWA'!B78) -> 812 | C78: =SUM(MPR!C77+KARACHI!C78+SINDH!C78+'GILGIT BALTISTAN'!C78+'AZAD KHASHMIR'!C78+'KHYBER PAKHTUNKHWA'!C78) -> 1 | D78: =SUM(MPR!D77+KARACHI!D78+SINDH!D78+'GILGIT BALTISTAN'!D78+'AZAD KHASHMIR'!D78+'KHYBER PAKHTUNKHWA'!D78) -> 18 | E78: =SUM(MPR!E77+KARACHI!E78+SINDH!E78+'GILGIT BALTISTAN'!E78+'AZAD KHASHMIR'!E78+'KHYBER PAKHTUNKHWA'!E78) -> 0 | F78: =SUM(MPR!F77+KARACHI!F78+SINDH!F78+'GILGIT BALTISTAN'!F78+'AZAD KHASHMIR'!F78+'KHYBER PAKHTUNKHWA'!F78) -> 0 | G78: =SUM(MPR!G77+KARACHI!G78+SINDH!G78+'GILGIT BALTISTAN'!G78+'AZAD KHASHMIR'!G78+'KHYBER PAKHTUNKHWA'!G78) -> 0 | H78: =SUM(MPR!H77+KARACHI!H78+SINDH!H78+'GILGIT BALTISTAN'!H78+'AZAD KHASHMIR'!H78+'KHYBER PAKHTUNKHWA'!H78) -> 0 | I78: =SUM(MPR!I77+KARACHI!I78+SINDH!I78+'GILGIT BALTISTAN'!I78+'AZAD KHASHMIR'!I78+'KHYBER PAKHTUNKHWA'!I78) -> 0 | ... M78: =SUM(MPR!M77+KARACHI!M78+SINDH!M78+'GILGIT BALTISTAN'!M78+'AZAD KHASHMIR'!M78+'KHYBER PAKHTUNKHWA'!M78) -> 0 | Y78: 0-4 | Z78: 5-14 | AA78: 15+ | AB78: 0-4 | AC78: 5-14 | AD78: 15+
A79: Relapse | B79: =SUM(MPR!B78+KARACHI!B79+SINDH!B79+'GILGIT BALTISTAN'!B79+'AZAD KHASHMIR'!B79+'KHYBER PAKHTUNKHWA'!B79) -> 54 | C79: =SUM(MPR!C78+KARACHI!C79+SINDH!C79+'GILGIT BALTISTAN'!C79+'AZAD KHASHMIR'!C79+'KHYBER PAKHTUNKHWA'!C79) -> 0 | D79: =SUM(MPR!D78+KARACHI!D79+SINDH!D79+'GILGIT BALTISTAN'!D79+'AZAD KHASHMIR'!D79+'KHYBER PAKHTUNKHWA'!D79) -> 3 | E79: =SUM(MPR!E78+KARACHI!E79+SINDH!E79+'GILGIT BALTISTAN'!E79+'AZAD KHASHMIR'!E79+'KHYBER PAKHTUNKHWA'!E79) -> 0 | F79: =SUM(MPR!F78+KARACHI!F79+SINDH!F79+'GILGIT BALTISTAN'!F79+'AZAD KHASHMIR'!F79+'KHYBER PAKHTUNKHWA'!F79) -> 0 | G79: =SUM(MPR!G78+KARACHI!G79+SINDH!G79+'GILGIT BALTISTAN'!G79+'AZAD KHASHMIR'!G79+'KHYBER PAKHTUNKHWA'!G79) -> 0 | H79: =SUM(MPR!H78+KARACHI!H79+SINDH!H79+'GILGIT BALTISTAN'!H79+'AZAD KHASHMIR'!H79+'KHYBER PAKHTUNKHWA'!H79) -> 0 | I79: =SUM(MPR!I78+KARACHI!I79+SINDH!I79+'GILGIT BALTISTAN'!I79+'AZAD KHASHMIR'!I79+'KHYBER PAKHTUNKHWA'!I79) -> 0 | ... M79: =SUM(MPR!M78+KARACHI!M79+SINDH!M79+'GILGIT BALTISTAN'!M79+'AZAD KHASHMIR'!M79+'KHYBER PAKHTUNKHWA'!M79) -> 0 | O79: 0-4 | P79: 5-14 | Q79: 15 + | R79: 0-4 | S79: 5-14 | T79: 15 + | U79: 0-4 | V79: 5-14 | W79: 15 + | X79: 6H | Y79: =SUM(MPR!Y78+KARACHI!Y79+SINDH!Y79+'GILGIT BALTISTAN'!Y79+'AZAD KHASHMIR'!Y79+'KHYBER PAKHTUNKHWA'!Y79) -> 13 | Z79: =SUM(MPR!Z78+KARACHI!Z79+SINDH!Z79+'GILGIT BALTISTAN'!Z79+'AZAD KHASHMIR'!Z79+'KHYBER PAKHTUNKHWA'!Z79) -> 11 | AA79: =SUM(MPR!AA78+KARACHI!AA79+SINDH!AA79+'GILGIT BALTISTAN'!AA79+'AZAD KHASHMIR'!AA79+'KHYBER PAKHTUNKHWA'!AA79) -> 28 | AB79: =SUM(MPR!AB78+KARACHI!AB79+SINDH!AB79+'GILGIT BALTISTAN'!AB79+'AZAD KHASHMIR'!AB79+'KHYBER PAKHTUNKHWA'!AB79) -> 0 | AC79: =SUM(MPR!AC78+KARACHI!AC79+SINDH!AC79+'GILGIT BALTISTAN'!AC79+'AZAD KHASHMIR'!AC79+'KHYBER PAKHTUNKHWA'!AC79) -> 0 | AD79: =SUM(MPR!AD78+KARACHI!AD79+SINDH!AD79+'GILGIT BALTISTAN'!AD79+'AZAD KHASHMIR'!AD79+'KHYBER PAKHTUNKHWA'!AD79) -> 0
A80: Previously treated | B80: =SUM(MPR!B79+KARACHI!B80+SINDH!B80+'GILGIT BALTISTAN'!B80+'AZAD KHASHMIR'!B80+'KHYBER PAKHTUNKHWA'!B80) -> 9 | C80: =SUM(MPR!C79+KARACHI!C80+SINDH!C80+'GILGIT BALTISTAN'!C80+'AZAD KHASHMIR'!C80+'KHYBER PAKHTUNKHWA'!C80) -> 0 | D80: =SUM(MPR!D79+KARACHI!D80+SINDH!D80+'GILGIT BALTISTAN'!D80+'AZAD KHASHMIR'!D80+'KHYBER PAKHTUNKHWA'!D80) -> 0 | E80: =SUM(MPR!E79+KARACHI!E80+SINDH!E80+'GILGIT BALTISTAN'!E80+'AZAD KHASHMIR'!E80+'KHYBER PAKHTUNKHWA'!E80) -> 0 | F80: =SUM(MPR!F79+KARACHI!F80+SINDH!F80+'GILGIT BALTISTAN'!F80+'AZAD KHASHMIR'!F80+'KHYBER PAKHTUNKHWA'!F80) -> 0 | G80: =SUM(MPR!G79+KARACHI!G80+SINDH!G80+'GILGIT BALTISTAN'!G80+'AZAD KHASHMIR'!G80+'KHYBER PAKHTUNKHWA'!G80) -> 0 | H80: =SUM(MPR!H79+KARACHI!H80+SINDH!H80+'GILGIT BALTISTAN'!H80+'AZAD KHASHMIR'!H80+'KHYBER PAKHTUNKHWA'!H80) -> 0 | I80: =SUM(MPR!I79+KARACHI!I80+SINDH!I80+'GILGIT BALTISTAN'!I80+'AZAD KHASHMIR'!I80+'KHYBER PAKHTUNKHWA'!I80) -> 0 | ... M80: =SUM(MPR!M79+KARACHI!M80+SINDH!M80+'GILGIT BALTISTAN'!M80+'AZAD KHASHMIR'!M80+'KHYBER PAKHTUNKHWA'!M80) -> 0 | O80: =SUM(MPR!O79+KARACHI!O80+SINDH!O80+'GILGIT BALTISTAN'!O80:O81+'AZAD KHASHMIR'!O80:O81+'KHYBER PAKHTUNKHWA'!O80:O81) -> 465 | P80: =SUM(MPR!P79+KARACHI!P80+SINDH!P80+'GILGIT BALTISTAN'!P80:P81+'AZAD KHASHMIR'!P80:P81+'KHYBER PAKHTUNKHWA'!P80:P81) -> 1419 | Q80: =SUM(MPR!Q79+KARACHI!Q80+SINDH!Q80+'GILGIT BALTISTAN'!Q80:Q81+'AZAD KHASHMIR'!Q80:Q81+'KHYBER PAKHTUNKHWA'!Q80:Q81) -> 3591 | R80: =SUM(MPR!R79+KARACHI!R80+SINDH!R80+'GILGIT BALTISTAN'!R80:R81+'AZAD KHASHMIR'!R80:R81+'KHYBER PAKHTUNKHWA'!R80:R81) -> 288 | S80: =SUM(MPR!S79+KARACHI!S80+SINDH!S80+'GILGIT BALTISTAN'!S80:S81+'AZAD KHASHMIR'!S80:S81+'KHYBER PAKHTUNKHWA'!S80:S81) -> 1031 | T80: =SUM(MPR!T79+KARACHI!T80+SINDH!T80+'GILGIT BALTISTAN'!T80:T81+'AZAD KHASHMIR'!T80:T81+'KHYBER PAKHTUNKHWA'!T80:T81) -> 2570 | U80: =SUM(MPR!U79+KARACHI!U80+SINDH!U80+'GILGIT BALTISTAN'!U80:U81+'AZAD KHASHMIR'!U80:U81+'KHYBER PAKHTUNKHWA'!U80:U81) -> 2 | V80: =SUM(MPR!V79+KARACHI!V80+SINDH!V80+'GILGIT BALTISTAN'!V80:V81+'AZAD KHASHMIR'!V80:V81+'KHYBER PAKHTUNKHWA'!V80:V81) -> 14 | W80: =SUM(MPR!W79+KARACHI!W80+SINDH!W80+'GILGIT BALTISTAN'!W80:W81+'AZAD KHASHMIR'!W80:W81+'KHYBER PAKHTUNKHWA'!W80:W81) -> 160 | X80: 3HR | Y80: =SUM(MPR!Y79+KARACHI!Y80+SINDH!Y80+'GILGIT BALTISTAN'!Y80+'AZAD KHASHMIR'!Y80+'KHYBER PAKHTUNKHWA'!Y80) -> 0 | Z80: =SUM(MPR!Z79+KARACHI!Z80+SINDH!Z80+'GILGIT BALTISTAN'!Z80+'AZAD KHASHMIR'!Z80+'KHYBER PAKHTUNKHWA'!Z80) -> 0 | AA80: =SUM(MPR!AA79+KARACHI!AA80+SINDH!AA80+'GILGIT BALTISTAN'!AA80+'AZAD KHASHMIR'!AA80+'KHYBER PAKHTUNKHWA'!AA80) -> 10 | AB80: =SUM(MPR!AB79+KARACHI!AB80+SINDH!AB80+'GILGIT BALTISTAN'!AB80+'AZAD KHASHMIR'!AB80+'KHYBER PAKHTUNKHWA'!AB80) -> 0 | AC80: =SUM(MPR!AC79+KARACHI!AC80+SINDH!AC80+'GILGIT BALTISTAN'!AC80+'AZAD KHASHMIR'!AC80+'KHYBER PAKHTUNKHWA'!AC80) -> 0 | AD80: =SUM(MPR!AD79+KARACHI!AD80+SINDH!AD80+'GILGIT BALTISTAN'!AD80+'AZAD KHASHMIR'!AD80+'KHYBER PAKHTUNKHWA'!AD80) -> 0
A81: Total | B81: =SUM(B78:B80) -> 875 | C81: =SUM(C78:C80) -> 1 | D81: =SUM(D78:D80) -> 21 | E81: =SUM(E78:E80) -> 0 | F81: =SUM(F78:F80) -> 0 | G81: =SUM(G78:G80) -> 0 | H81: =SUM(H78:H80) -> 0 | I81: =SUM(I78:I80) -> 0 | ... M81: =SUM(M78:M80) -> 0 | X81: 3 HP | Y81: =SUM(MPR!Y80+KARACHI!Y81+SINDH!Y81+'GILGIT BALTISTAN'!Y81+'AZAD KHASHMIR'!Y81+'KHYBER PAKHTUNKHWA'!Y81) -> 0 | Z81: =SUM(MPR!Z80+KARACHI!Z81+SINDH!Z81+'GILGIT BALTISTAN'!Z81+'AZAD KHASHMIR'!Z81+'KHYBER PAKHTUNKHWA'!Z81) -> 50 | AA81: =SUM(MPR!AA80+KARACHI!AA81+SINDH!AA81+'GILGIT BALTISTAN'!AA81+'AZAD KHASHMIR'!AA81+'KHYBER PAKHTUNKHWA'!AA81) -> 169 | AB81: =SUM(MPR!AB80+KARACHI!AB81+SINDH!AB81+'GILGIT BALTISTAN'!AB81+'AZAD KHASHMIR'!AB81+'KHYBER PAKHTUNKHWA'!AB81) -> 0 | AC81: =SUM(MPR!AC80+KARACHI!AC81+SINDH!AC81+'GILGIT BALTISTAN'!AC81+'AZAD KHASHMIR'!AC81+'KHYBER PAKHTUNKHWA'!AC81) -> 0 | AD81: =SUM(MPR!AD80+KARACHI!AD81+SINDH!AD81+'GILGIT BALTISTAN'!AD81+'AZAD KHASHMIR'!AD81+'KHYBER PAKHTUNKHWA'!AD81) -> 0
A82: INDIVIDUAL/CONSOLIDATED (TICK ONE) | Z82: TB - 07
A83: Name of TB Care Facility (BMU) : | E83: =E4 -> 0 | K83: =K4 -> 0 | U83: Patients registered during | Z83: 3rd Quarter | AC83: =AC44 -> 0
A85: Name of TB Coodinator/Facility incharge : | I85: ___________________________________________________ | U85: Date of completion of this form : | AA85: _______________________
A87: Block 1: | L87: New (N) | N87: Relapse ® | P87: Previous Treatment History Unknown (UK) | S87: New episode (N+R+UK) | V87: Re - registered Cases ( Excluding Recurrent cases) | AC87: Total
A88: All TB Cases Registered | V88: Treatment after failure | Y88: Treatment after lost to follow-up | AA88: Other
A90: Pulmonary, Bacteriologically Confermid | L90: =SUM(MPR!L89+KARACHI!L90+SINDH!L90+'GILGIT BALTISTAN'!L90:M90+'AZAD KHASHMIR'!L90:M90+'KHYBER PAKHTUNKHWA'!L90:M90) -> 0 | N90: =SUM(MPR!N89+KARACHI!N90+SINDH!N90+'GILGIT BALTISTAN'!N90:O90+'AZAD KHASHMIR'!N90:O90+'KHYBER PAKHTUNKHWA'!N90:O90) -> 0 | P90: =SUM(MPR!P89+KARACHI!P90+SINDH!P90+'GILGIT BALTISTAN'!P90:R90+'AZAD KHASHMIR'!P90:R90+'KHYBER PAKHTUNKHWA'!P90:R90) -> 0 | S90: =SUM(L90+N90+P90) -> 0 | V90: =SUM(MPR!V89+KARACHI!V90+SINDH!V90+'GILGIT BALTISTAN'!V90:X90+'AZAD KHASHMIR'!V90:X90+'KHYBER PAKHTUNKHWA'!V90:X90) -> 0 | Y90: =SUM(MPR!Y89+KARACHI!Y90+SINDH!Y90+'GILGIT BALTISTAN'!Y90:Z90+'AZAD KHASHMIR'!Y90:Z90+'KHYBER PAKHTUNKHWA'!Y90:Z90) -> 0 | AA90: =SUM(MPR!AA89+KARACHI!AA90+SINDH!AA90+'GILGIT BALTISTAN'!AA90:AB90+'AZAD KHASHMIR'!AA90:AB90+'KHYBER PAKHTUNKHWA'!AA90:AB90) -> 0 | AC90: =SUM(L90+N90+P90+V90+Y90+AA90) -> 0
A91: Pulmonary , Clinically Diagnosed | L91: =SUM(MPR!L90+KARACHI!L91+SINDH!L91+'GILGIT BALTISTAN'!L91:M91+'AZAD KHASHMIR'!L91:M91+'KHYBER PAKHTUNKHWA'!L91:M91) -> 0 | N91: =SUM(MPR!N90+KARACHI!N91+SINDH!N91+'GILGIT BALTISTAN'!N91:O91+'AZAD KHASHMIR'!N91:O91+'KHYBER PAKHTUNKHWA'!N91:O91) -> 0 | P91: =SUM(MPR!P90+KARACHI!P91+SINDH!P91+'GILGIT BALTISTAN'!P91:R91+'AZAD KHASHMIR'!P91:R91+'KHYBER PAKHTUNKHWA'!P91:R91) -> 0 | S91: =SUM(L91+N91+P91) -> 0 | V91: =SUM(MPR!V90+KARACHI!V91+SINDH!V91+'GILGIT BALTISTAN'!V91:X91+'AZAD KHASHMIR'!V91:X91+'KHYBER PAKHTUNKHWA'!V91:X91) -> 0 | Y91: =SUM(MPR!Y90+KARACHI!Y91+SINDH!Y91+'GILGIT BALTISTAN'!Y91:Z91+'AZAD KHASHMIR'!Y91:Z91+'KHYBER PAKHTUNKHWA'!Y91:Z91) -> 0 | AA91: =SUM(MPR!AA90+KARACHI!AA91+SINDH!AA91+'GILGIT BALTISTAN'!AA91:AB91+'AZAD KHASHMIR'!AA91:AB91+'KHYBER PAKHTUNKHWA'!AA91:AB91) -> 0 | AC91: =SUM(L91+N91+P91+V91+Y91+AA91) -> 0
A92: Extra Pulmonary, Bacteriologically Confermid | L92: =SUM(MPR!L91+KARACHI!L92+SINDH!L92+'GILGIT BALTISTAN'!L92:M92+'AZAD KHASHMIR'!L92:M92+'KHYBER PAKHTUNKHWA'!L92:M92) -> 0 | N92: =SUM(MPR!N91+KARACHI!N92+SINDH!N92+'GILGIT BALTISTAN'!N92:O92+'AZAD KHASHMIR'!N92:O92+'KHYBER PAKHTUNKHWA'!N92:O92) -> 0 | P92: =SUM(MPR!P91+KARACHI!P92+SINDH!P92+'GILGIT BALTISTAN'!P92:R92+'AZAD KHASHMIR'!P92:R92+'KHYBER PAKHTUNKHWA'!P92:R92) -> 0 | S92: =SUM(L92+N92+P92) -> 0 | V92: =SUM(MPR!V91+KARACHI!V92+SINDH!V92+'GILGIT BALTISTAN'!V92:X92+'AZAD KHASHMIR'!V92:X92+'KHYBER PAKHTUNKHWA'!V92:X92) -> 0 | Y92: =SUM(MPR!Y91+KARACHI!Y92+SINDH!Y92+'GILGIT BALTISTAN'!Y92:Z92+'AZAD KHASHMIR'!Y92:Z92+'KHYBER PAKHTUNKHWA'!Y92:Z92) -> 0 | AA92: =SUM(MPR!AA91+KARACHI!AA92+SINDH!AA92+'GILGIT BALTISTAN'!AA92:AB92+'AZAD KHASHMIR'!AA92:AB92+'KHYBER PAKHTUNKHWA'!AA92:AB92) -> 0 | AC92: =SUM(L92+N92+P92+V92+Y92+AA92) -> 0
A93: Extra Pulmonary , Clinically Diagnosed | L93: =SUM(MPR!L92+KARACHI!L93+SINDH!L93+'GILGIT BALTISTAN'!L93:M93+'AZAD KHASHMIR'!L93:M93+'KHYBER PAKHTUNKHWA'!L93:M93) -> 0 | N93: =SUM(MPR!N92+KARACHI!N93+SINDH!N93+'GILGIT BALTISTAN'!N93:O93+'AZAD KHASHMIR'!N93:O93+'KHYBER PAKHTUNKHWA'!N93:O93) -> 0 | P93: =SUM(MPR!P92+KARACHI!P93+SINDH!P93+'GILGIT BALTISTAN'!P93:R93+'AZAD KHASHMIR'!P93:R93+'KHYBER PAKHTUNKHWA'!P93:R93) -> 0 | S93: =SUM(L93+N93+P93) -> 0 | V93: =SUM(MPR!V92+KARACHI!V93+SINDH!V93+'GILGIT BALTISTAN'!V93:X93+'AZAD KHASHMIR'!V93:X93+'KHYBER PAKHTUNKHWA'!V93:X93) -> 0 | Y93: =SUM(MPR!Y92+KARACHI!Y93+SINDH!Y93+'GILGIT BALTISTAN'!Y93:Z93+'AZAD KHASHMIR'!Y93:Z93+'KHYBER PAKHTUNKHWA'!Y93:Z93) -> 0 | AA93: =SUM(MPR!AA92+KARACHI!AA93+SINDH!AA93+'GILGIT BALTISTAN'!AA93:AB93+'AZAD KHASHMIR'!AA93:AB93+'KHYBER PAKHTUNKHWA'!AA93:AB93) -> 0 | AC93: =SUM(L93+N93+P93+V93+Y93+AA93) -> 0
A94: Total | L94: =SUM(L90:M93) -> 0 | N94: =SUM(N90:O93) -> 0 | P94: =SUM(P90:R93) -> 0 | S94: =SUM(L94+N94+P94) -> 0 | V94: =SUM(V90:X93) -> 0 | Y94: =SUM(Y90:Z93) -> 0 | AA94: =SUM(AA90:AB93) -> 0 | AC94: =SUM(L94+N94+P94+V94+Y94+AA94) -> 0
A95: Block 2: All New, Relapse and previous treatment history unknown Cases registered during the period by Age Group and Gender
L96: 0-4 | N96: 5-14 | P96: 15-24 | R96: 25-34 | T96: 35-44 | V96: 45-54 | X96: 55-64 | Z96: 65 & Above | AB96: Total | AD96: Grand Total
L97: M | M97: F | N97: M | O97: F | P97: M | Q97: F | R97: M | S97: F | T97: M | U97: F | V97: M | W97: F | X97: M | Y97: F | Z97: M | AA97: F | AB97: M | AC97: F
A98: Pulmonary, Bacteriologically Confermid | L98: =SUM(MPR!L97+KARACHI!L98+SINDH!L98+'GILGIT BALTISTAN'!L98+'AZAD KHASHMIR'!L98+'KHYBER PAKHTUNKHWA'!L98) -> 0 | M98: =SUM(MPR!M97+KARACHI!M98+SINDH!M98+'GILGIT BALTISTAN'!M98+'AZAD KHASHMIR'!M98+'KHYBER PAKHTUNKHWA'!M98) -> 0 | N98: =SUM(MPR!N97+KARACHI!N98+SINDH!N98+'GILGIT BALTISTAN'!N98+'AZAD KHASHMIR'!N98+'KHYBER PAKHTUNKHWA'!N98) -> 0 | O98: =SUM(MPR!O97+KARACHI!O98+SINDH!O98+'GILGIT BALTISTAN'!O98+'AZAD KHASHMIR'!O98+'KHYBER PAKHTUNKHWA'!O98) -> 0 | P98: =SUM(MPR!P97+KARACHI!P98+SINDH!P98+'GILGIT BALTISTAN'!P98+'AZAD KHASHMIR'!P98+'KHYBER PAKHTUNKHWA'!P98) -> 0 | Q98: =SUM(MPR!Q97+KARACHI!Q98+SINDH!Q98+'GILGIT BALTISTAN'!Q98+'AZAD KHASHMIR'!Q98+'KHYBER PAKHTUNKHWA'!Q98) -> 0 | R98: =SUM(MPR!R97+KARACHI!R98+SINDH!R98+'GILGIT BALTISTAN'!R98+'AZAD KHASHMIR'!R98+'KHYBER PAKHTUNKHWA'!R98) -> 0 | S98: =SUM(MPR!S97+KARACHI!S98+SINDH!S98+'GILGIT BALTISTAN'!S98+'AZAD KHASHMIR'!S98+'KHYBER PAKHTUNKHWA'!S98) -> 0 | ... AA98: =SUM(MPR!AA97+KARACHI!AA98+SINDH!AA98+'GILGIT BALTISTAN'!AA98+'AZAD KHASHMIR'!AA98+'KHYBER PAKHTUNKHWA'!AA98) -> 0 | AB98: =SUM(L98+N98+P98+R98+T98+V98+X98+Z98) -> 0 | AC98: =SUM(M98+O98+Q98+S98+U98+W98+Y98+AA98) -> 0 | AD98: =SUM(AB98:AC98) -> 0
A99: Pulmonary , Clinically Diagnosed | L99: =SUM(MPR!L98+KARACHI!L99+SINDH!L99+'GILGIT BALTISTAN'!L99+'AZAD KHASHMIR'!L99+'KHYBER PAKHTUNKHWA'!L99) -> 0 | M99: =SUM(MPR!M98+KARACHI!M99+SINDH!M99+'GILGIT BALTISTAN'!M99+'AZAD KHASHMIR'!M99+'KHYBER PAKHTUNKHWA'!M99) -> 0 | N99: =SUM(MPR!N98+KARACHI!N99+SINDH!N99+'GILGIT BALTISTAN'!N99+'AZAD KHASHMIR'!N99+'KHYBER PAKHTUNKHWA'!N99) -> 0 | O99: =SUM(MPR!O98+KARACHI!O99+SINDH!O99+'GILGIT BALTISTAN'!O99+'AZAD KHASHMIR'!O99+'KHYBER PAKHTUNKHWA'!O99) -> 0 | P99: =SUM(MPR!P98+KARACHI!P99+SINDH!P99+'GILGIT BALTISTAN'!P99+'AZAD KHASHMIR'!P99+'KHYBER PAKHTUNKHWA'!P99) -> 0 | Q99: =SUM(MPR!Q98+KARACHI!Q99+SINDH!Q99+'GILGIT BALTISTAN'!Q99+'AZAD KHASHMIR'!Q99+'KHYBER PAKHTUNKHWA'!Q99) -> 0 | R99: =SUM(MPR!R98+KARACHI!R99+SINDH!R99+'GILGIT BALTISTAN'!R99+'AZAD KHASHMIR'!R99+'KHYBER PAKHTUNKHWA'!R99) -> 0 | S99: =SUM(MPR!S98+KARACHI!S99+SINDH!S99+'GILGIT BALTISTAN'!S99+'AZAD KHASHMIR'!S99+'KHYBER PAKHTUNKHWA'!S99) -> 0 | ... AA99: =SUM(MPR!AA98+KARACHI!AA99+SINDH!AA99+'GILGIT BALTISTAN'!AA99+'AZAD KHASHMIR'!AA99+'KHYBER PAKHTUNKHWA'!AA99) -> 0 | AB99: =SUM(L99+N99+P99+R99+T99+V99+X99+Z99) -> 0 | AC99: =SUM(M99+O99+Q99+S99+U99+W99+Y99+AA99) -> 0 | AD99: =SUM(AB99:AC99) -> 0
A100: Extra Pulmonary, Bacteriologically Confermid | L100: =SUM(MPR!L99+KARACHI!L100+SINDH!L100+'GILGIT BALTISTAN'!L100+'AZAD KHASHMIR'!L100+'KHYBER PAKHTUNKHWA'!L100) -> 0 | M100: =SUM(MPR!M99+KARACHI!M100+SINDH!M100+'GILGIT BALTISTAN'!M100+'AZAD KHASHMIR'!M100+'KHYBER PAKHTUNKHWA'!M100) -> 0 | N100: =SUM(MPR!N99+KARACHI!N100+SINDH!N100+'GILGIT BALTISTAN'!N100+'AZAD KHASHMIR'!N100+'KHYBER PAKHTUNKHWA'!N100) -> 0 | O100: =SUM(MPR!O99+KARACHI!O100+SINDH!O100+'GILGIT BALTISTAN'!O100+'AZAD KHASHMIR'!O100+'KHYBER PAKHTUNKHWA'!O100) -> 0 | P100: =SUM(MPR!P99+KARACHI!P100+SINDH!P100+'GILGIT BALTISTAN'!P100+'AZAD KHASHMIR'!P100+'KHYBER PAKHTUNKHWA'!P100) -> 0 | Q100: =SUM(MPR!Q99+KARACHI!Q100+SINDH!Q100+'GILGIT BALTISTAN'!Q100+'AZAD KHASHMIR'!Q100+'KHYBER PAKHTUNKHWA'!Q100) -> 0 | R100: =SUM(MPR!R99+KARACHI!R100+SINDH!R100+'GILGIT BALTISTAN'!R100+'AZAD KHASHMIR'!R100+'KHYBER PAKHTUNKHWA'!R100) -> 0 | S100: =SUM(MPR!S99+KARACHI!S100+SINDH!S100+'GILGIT BALTISTAN'!S100+'AZAD KHASHMIR'!S100+'KHYBER PAKHTUNKHWA'!S100) -> 0 | ... AA100: =SUM(MPR!AA99+KARACHI!AA100+SINDH!AA100+'GILGIT BALTISTAN'!AA100+'AZAD KHASHMIR'!AA100+'KHYBER PAKHTUNKHWA'!AA100) -> 0 | AB100: =SUM(L100+N100+P100+R100+T100+V100+X100+Z100) -> 0 | AC100: =SUM(M100+O100+Q100+S100+U100+W100+Y100+AA100) -> 0 | AD100: =SUM(AB100:AC100) -> 0
A101: Extra Pulmonary , Clinically Diagnosed | L101: =SUM(MPR!L100+KARACHI!L101+SINDH!L101+'GILGIT BALTISTAN'!L101+'AZAD KHASHMIR'!L101+'KHYBER PAKHTUNKHWA'!L101) -> 0 | M101: =SUM(MPR!M100+KARACHI!M101+SINDH!M101+'GILGIT BALTISTAN'!M101+'AZAD KHASHMIR'!M101+'KHYBER PAKHTUNKHWA'!M101) -> 0 | N101: =SUM(MPR!N100+KARACHI!N101+SINDH!N101+'GILGIT BALTISTAN'!N101+'AZAD KHASHMIR'!N101+'KHYBER PAKHTUNKHWA'!N101) -> 0 | O101: =SUM(MPR!O100+KARACHI!O101+SINDH!O101+'GILGIT BALTISTAN'!O101+'AZAD KHASHMIR'!O101+'KHYBER PAKHTUNKHWA'!O101) -> 0 | P101: =SUM(MPR!P100+KARACHI!P101+SINDH!P101+'GILGIT BALTISTAN'!P101+'AZAD KHASHMIR'!P101+'KHYBER PAKHTUNKHWA'!P101) -> 0 | Q101: =SUM(MPR!Q100+KARACHI!Q101+SINDH!Q101+'GILGIT BALTISTAN'!Q101+'AZAD KHASHMIR'!Q101+'KHYBER PAKHTUNKHWA'!Q101) -> 0 | R101: =SUM(MPR!R100+KARACHI!R101+SINDH!R101+'GILGIT BALTISTAN'!R101+'AZAD KHASHMIR'!R101+'KHYBER PAKHTUNKHWA'!R101) -> 0 | S101: =SUM(MPR!S100+KARACHI!S101+SINDH!S101+'GILGIT BALTISTAN'!S101+'AZAD KHASHMIR'!S101+'KHYBER PAKHTUNKHWA'!S101) -> 0 | ... AA101: =SUM(MPR!AA100+KARACHI!AA101+SINDH!AA101+'GILGIT BALTISTAN'!AA101+'AZAD KHASHMIR'!AA101+'KHYBER PAKHTUNKHWA'!AA101) -> 0 | AB101: =SUM(L101+N101+P101+R101+T101+V101+X101+Z101) -> 0 | AC101: =SUM(M101+O101+Q101+S101+U101+W101+Y101+AA101) -> 0 | AD101: =SUM(AB101:AC101) -> 0
A102: Total | L102: =SUM(L98:L101) -> 0 | M102: =SUM(M98:M101) -> 0 | N102: =SUM(N98:N101) -> 0 | O102: =SUM(O98:O101) -> 0 | P102: =SUM(P98:P101) -> 0 | Q102: =SUM(Q98:Q101) -> 0 | R102: =SUM(R98:R101) -> 0 | S102: =SUM(S98:S101) -> 0 | ... AC102: =SUM(AC98:AC101) -> 0 | AD102: =SUM(AB102:AC102) -> 0
A104: Block 3: Presumptive TB Cases Identified Laboratory Diagnosis and use of WRD | O104: Block 4 : TB HIV Activities
A105: Total New OPD in Quarter | B105: No. of presumptive TB cases identified | D105: No. of Presumptive TB Patients tested Using | H105: Among Presumptive TB cases tested number reported B+ | L105: Among all registered number of B+ TB Cases | M105: Amoung All (N+R+UK) number tested by Gene Xpert | O105: No. of TB patients tested for HIV | S105: HIV Reactive | W105: TB Patients confirmed positive for HIV | AA105: HIV positive TB Patients put on ART
B106: Total | C106: Through Community Referrals (LHWs) | D106: AFB | E106: Xp & AFB | F106: XP | G106: G.Tot | H106: AFB | I106: AFB + Xpert | J106: Xpert | K106: G.Tot | O106: =SUM(MPR!O105+KARACHI!O106+SINDH!O106+'GILGIT BALTISTAN'!O106:R106+'AZAD KHASHMIR'!O106:R106+'KHYBER PAKHTUNKHWA'!O106:R106) -> 0 | S106: =SUM(MPR!S105+KARACHI!S106+SINDH!S106+'GILGIT BALTISTAN'!S106:V106+'AZAD KHASHMIR'!S106:V106+'KHYBER PAKHTUNKHWA'!S106:V106) -> 0 | W106: =SUM(MPR!W105+KARACHI!W106+SINDH!W106+'GILGIT BALTISTAN'!W106:Z106+'AZAD KHASHMIR'!W106:Z106+'KHYBER PAKHTUNKHWA'!W106:Z106) -> 0 | AA106: =SUM(MPR!AA105+KARACHI!AA106+SINDH!AA106+'GILGIT BALTISTAN'!AA106:AD106+'AZAD KHASHMIR'!AA106:AD106+'KHYBER PAKHTUNKHWA'!AA106:AD106) -> 0
A107: =SUM(MPR!A106+KARACHI!A107+SINDH!A107+'GILGIT BALTISTAN'!A107:A111+'AZAD KHASHMIR'!A107:A111+'KHYBER PAKHTUNKHWA'!A107:A111) -> 0 | B107: =SUM(MPR!B106+KARACHI!B107+SINDH!B107+'GILGIT BALTISTAN'!B107:B111+'AZAD KHASHMIR'!B107:B111+'KHYBER PAKHTUNKHWA'!B107:B111) -> 0 | C107: =SUM(MPR!C106+KARACHI!C107+SINDH!C107+'GILGIT BALTISTAN'!C107:C111+'AZAD KHASHMIR'!C107:C111+'KHYBER PAKHTUNKHWA'!C107:C111) -> 0 | D107: =SUM(MPR!D106+KARACHI!D107+SINDH!D107+'GILGIT BALTISTAN'!D107:D111+'AZAD KHASHMIR'!D107:D111+'KHYBER PAKHTUNKHWA'!D107:D111) -> 0 | E107: =SUM(MPR!E106+KARACHI!E107+SINDH!E107+'GILGIT BALTISTAN'!E107:E111+'AZAD KHASHMIR'!E107:E111+'KHYBER PAKHTUNKHWA'!E107:E111) -> 0 | F107: =SUM(MPR!F106+KARACHI!F107+SINDH!F107+'GILGIT BALTISTAN'!F107:F111+'AZAD KHASHMIR'!F107:F111+'KHYBER PAKHTUNKHWA'!F107:F111) -> 0 | G107: =SUM(D107:F111) -> 0 | H107: =SUM(MPR!H106+KARACHI!H107+SINDH!H107+'GILGIT BALTISTAN'!H107:H111+'AZAD KHASHMIR'!H107:H111+'KHYBER PAKHTUNKHWA'!H107:H111) -> 0 | I107: =SUM(MPR!I106+KARACHI!I107+SINDH!I107+'GILGIT BALTISTAN'!I107:I111+'AZAD KHASHMIR'!I107:I111+'KHYBER PAKHTUNKHWA'!I107:I111) -> 0 | J107: =SUM(MPR!J106+KARACHI!J107+SINDH!J107+'GILGIT BALTISTAN'!J107:J111+'AZAD KHASHMIR'!J107:J111+'KHYBER PAKHTUNKHWA'!J107:J111) -> 0 | K107: =SUM(H107:J111) -> 0 | L107: =SUM(MPR!L106+KARACHI!L107+SINDH!L107+'GILGIT BALTISTAN'!L107:L111+'AZAD KHASHMIR'!L107:L111+'KHYBER PAKHTUNKHWA'!L107:L111) -> 0 | M107: =SUM(MPR!M106+KARACHI!M107+SINDH!M107+'GILGIT BALTISTAN'!M107:M111+'AZAD KHASHMIR'!M107:M111+'KHYBER PAKHTUNKHWA'!M107:M111) -> 0 | O107: HIV patient tested for TB | S107: HIV patients diagnosed for TB | W107: TB HIV patients put on TB Tx | AA107: HIV positive TB negative patients on TPT
O108: =SUM(MPR!O107+KARACHI!O108+SINDH!O108+'GILGIT BALTISTAN'!O108:R111+'AZAD KHASHMIR'!O108:R111+'KHYBER PAKHTUNKHWA'!O108:R111) -> 0 | S108: =SUM(MPR!S107+KARACHI!S108+SINDH!S108+'GILGIT BALTISTAN'!S108:V111+'AZAD KHASHMIR'!S108:V111+'KHYBER PAKHTUNKHWA'!S108:V111) -> 0 | W108: =SUM(MPR!W107+KARACHI!W108+SINDH!W108+'GILGIT BALTISTAN'!W108:Z111+'AZAD KHASHMIR'!W108:Z111+'KHYBER PAKHTUNKHWA'!W108:Z111) -> 0 | AB108: 0-4 | AC108: 5-14 | AD108: 15 +
AA109: 6H | AB109: =SUM(MPR!AB108+KARACHI!AB109+SINDH!AB109+'GILGIT BALTISTAN'!AB109+'AZAD KHASHMIR'!AB109+'KHYBER PAKHTUNKHWA'!AB109) -> 0 | AC109: =SUM(MPR!AC108+KARACHI!AC109+SINDH!AC109+'GILGIT BALTISTAN'!AC109+'AZAD KHASHMIR'!AC109+'KHYBER PAKHTUNKHWA'!AC109) -> 0 | AD109: =SUM(MPR!AD108+KARACHI!AD109+SINDH!AD109+'GILGIT BALTISTAN'!AD109+'AZAD KHASHMIR'!AD109+'KHYBER PAKHTUNKHWA'!AD109) -> 0
AA110: 3HR | AB110: =SUM(MPR!AB109+KARACHI!AB110+SINDH!AB110+'GILGIT BALTISTAN'!AB110+'AZAD KHASHMIR'!AB110+'KHYBER PAKHTUNKHWA'!AB110) -> 0 | AC110: =SUM(MPR!AC109+KARACHI!AC110+SINDH!AC110+'GILGIT BALTISTAN'!AC110+'AZAD KHASHMIR'!AC110+'KHYBER PAKHTUNKHWA'!AC110) -> 0 | AD110: =SUM(MPR!AD109+KARACHI!AD110+SINDH!AD110+'GILGIT BALTISTAN'!AD110+'AZAD KHASHMIR'!AD110+'KHYBER PAKHTUNKHWA'!AD110) -> 0
AA111: 3 HP | AB111: =SUM(MPR!AB110+KARACHI!AB111+SINDH!AB111+'GILGIT BALTISTAN'!AB111+'AZAD KHASHMIR'!AB111+'KHYBER PAKHTUNKHWA'!AB111) -> 0 | AC111: =SUM(MPR!AC110+KARACHI!AC111+SINDH!AC111+'GILGIT BALTISTAN'!AC111+'AZAD KHASHMIR'!AC111+'KHYBER PAKHTUNKHWA'!AC111) -> 0 | AD111: =SUM(MPR!AD110+KARACHI!AD111+SINDH!AD111+'GILGIT BALTISTAN'!AD111+'AZAD KHASHMIR'!AD111+'KHYBER PAKHTUNKHWA'!AD111) -> 0
A113: Block 5 : Bacteriologically Confermid TB Cases with DST Result | O113: Block 6 : Contact Tracing HH *
A114: Sensitive =S Resistance = R | B114: PTB | H114: EPTB | O114: Total No. of HH of B+ PTB | R114: No. of HH contacts of B+ PTB Cases Screened | U114: No. of TB Cases diagnosed Amoung HH contact screened | X114: No. of HH Contacts Initiated on TPT | AB114: HIV negative Immuno - compromised on TPT
B115: Rifampicin | D115: Isoniazid | F115: Fluoroquninolone | H115: Rifampicin | J115: Isoniazid | L115: Fluoroquninolone
B116: S | C116: R | D116: S | E116: R | F116: S | G116: R | H116: S | I116: R | J116: S | K116: R | L116: S | M116: R
...
