Workbook
Name Print_Area_MI: #REF!
Name Print_Area_MI: #REF!
Name Print_Area_MI: #REF!
Name Print_Area_MI: #REF!
Name Print_Area_MI: #REF!

Sheet MPR
A2: QUARTERLY REPORT ON TB CASES REGISTRATION
A3: INDIVIDUAL/CONSOLIDATED (TICK ONE) | U3: TB - 07
A4: Name of TB Care Facility (BMU) : | E4: MANGHOPIR | H4: District : | L4: Central : | Q4: Patients registered during | U4: 1st Quarter | X4: of Year 2023
A6: Name of TB Coodinator/Facility incharge : | G6: ___________________________________________________ | Q6: Date of completion of this form : | V6: _______________________
A8: Block 1: | J8: New (N) | L8: Relapse ® | N8: Previous Treatment History Unknown (UK) | P8: N+R+UK | R8: Previously treated ( Excluding Relapse) | X8: Total
A9: All TB Cases Registered | R9: Treatment after failure | T9: Treatment after lost to follow-up | V9: Other previously treated
A11: Pulmonary, Bacteriologically Confermid | J11: 6 | L11: 0 | N11: 0 | P11: 6 | R11: 0 | T11: 0 | V11: 0 | X11: 6
A12: Pulmonary , Clinically Diagnosed | J12: 1 | L12: 0 | N12: 0 | P12: 1 | R12: 0 | T12: 0 | V12: 0 | X12: 1
A13: Extra Pulmonary, Bacteriologically Confermid | J13: 0 | L13: 0 | N13: 0 | P13: 0 | R13: 0 | T13: 0 | V13: 0 | X13: 0
A14: Extra Pulmonary , Clinically Diagnosed | J14: 0 | L14: 0 | N14: 0 | P14: 0 | R14: 0 | T14: 0 | V14: 0 | X14: 0
A15: Total | J15: 7 | L15: 0 | N15: 0 | P15: 7 | R15: 0 | T15: 0 | V15: 0 | X15: 7
A16: Block 2: All New, Relapse and previous treatment history unknown Cases registered during the period by Age Group and Gender
H17: 0-4 | J17: 5-14 | L17: 15-24 | N17: 25-34 | P17: 35-44 | R17: 45-54 | T17: 55-64 | V17: 65 & Above | X17: Total
H18: M | I18: F | J18: M | K18: F | L18: M | M18: F | N18: M | O18: F | P18: M | Q18: F | R18: M | S18: F | T18: M | U18: F | V18: M | W18: F | X18: M | Y18: F
A19: Pulmonary, Bacteriologically Confermid | H19: 0 | I19: 0 | J19: 0 | K19: 2 | L19: 0 | M19: 0 | N19: 0 | O19: 0 | P19: 0 | Q19: 2 | R19: 0 | S19: 0 | T19: 1 | U19: 0 | V19: 1 | W19: 0 | X19: 2 | Y19: 4
A20: Pulmonary , Clinically Diagnosed | H20: 0 | I20: 0 | J20: 0 | K20: 0 | L20: 1 | M20: 0 | N20: 0 | O20: 0 | P20: 0 | Q20: 0 | R20: 0 | S20: 0 | T20: 0 | U20: 0 | V20: 0 | W20: 0 | X20: 1 | Y20: 0
A21: Extra Pulmonary, Bacteriologically Confermid | H21: 0 | I21: 0 | J21: 0 | K21: 0 | L21: 0 | M21: 0 | N21: 0 | O21: 0 | P21: 0 | Q21: 0 | R21: 0 | S21: 0 | T21: 0 | U21: 0 | V21: 0 | W21: 0 | X21: 0 | Y21: 0
A22: Extra Pulmonary , Clinically Diagnosed | H22: 0 | I22: 0 | J22: 0 | K22: 0 | L22: 0 | M22: 0 | N22: 0 | O22: 0 | P22: 0 | Q22: 0 | R22: 0 | S22: 0 | T22: 0 | U22: 0 | V22: 0 | W22: 0 | X22: 0 | Y22: 0
A23: Total | H23: 0 | I23: 0 | J23: 0 | K23: 2 | L23: 1 | M23: 0 | N23: 0 | O23: 0 | P23: 0 | Q23: 2 | R23: 0 | S23: 0 | T23: 1 | U23: 0 | V23: 1 | W23: 0 | X23: 3 | Y23: 4
A25: Block 3: Presumptive TB Cases Identified Laboratory Diagnosis and use of WRD | M25: Block 4 : TB HIV Activities
A26: Total New OPD in Quarter | B26: No. of presumptive TB cases identified | C26: Presumptive Identified through Community Referrals (LHWs) | D26: No. of Presumptive TB Patients tested Using | F26: Among Presumptive TB cases tested number reported B+ | J26: Among all registered number of B+ TB Cases | K26: Amoung All (N+R+UK) number tested by Gene Xpert | M26: No. of TB patients tested for HIV | O26: TB Patients tested positive for HIV | Q26: HIV positive TB Patients put on ART
D27: AFB | E27: Xpert | F27: AFB | G27: Xpert | H27: AFB + Xpert | I27: G.Tot | M27: 0 | O27: 0 | Q27: 0
A28: 2163 | B28: 43 | C28: 0 | D28: 29 | E28: 1 | F28: 6 | G28: 1 | H28: 7 | I28: 7 | J28: 3 | K28: 0 | M28: HIV patient tested for TB | O28: HIV patients tested positive for TB | Q28: TB positive HIV patients put on TB Tx | T28: HIV positive TB -Ve patients on TPT
M29: 0 | O29: 0 | Q29: 0 | U29: 0-4 | W29: 5-14 | X29: 15 & above
T30: 6H | U30: 0 | W30: 0 | X30: 0
T31: 3HR | U31: 0 | W31: 0 | X31: 0
T32: 3 HP | U32: 0 | W32: 0 | X32: 0
A34: Block 5 : Bacteriologically Confermid TB Cases with DST Result | M34: Block 6 : Contact Tracing HH *
F35: Rifampicin | H35: Isoniazid | J35: Fluoroquninolone | M35: Total No. of HH of B+ PTB | O35: No. of HH contacts of B+ PTB Cases Screened | Q35: Amoung HH contact screened, No. of TB Cases diagnosed | S35: No. of HH Contacts Initiated on TPT | W35: HIV negative Immuno compromised on TPT
F36: Result | G36: Resistant | H36: Result | I36: Resistant | J36: Result | K36: Resistant | M36: <=5yrs | N36: >5yrs | O36: <=5yrs | P36: >5yrs | Q36: <=5yrs | R36: >5yrs | T36: 0-4 | U36: 5-14 | V36: 15+ | W36: 0-4 | X36: 5-14 | Y36: 15+
A37: New + UK | F37: 0 | G37: 0 | H37: 0 | I37: 0 | J37: 0 | K37: 0 | M37: 0 | N37: 20 | O37: 0 | P37: 0 | Q37: 0 | R37: 0 | S37: 6H | T37: 0 | U37: 0 | V37: 0 | W37: 0 | X37: 0 | Y37: 0
A38: Relapse | F38: 0 | G38: 0 | H38: 0 | I38: 0 | J38: 0 | K38: 0 | S38: 3HR | T38: 0 | U38: 0 | V38: 0 | W38: 0 | X38: 0 | Y38: 0
A39: Previously treated | F39: 0 | G39: 0 | H39: 0 | I39: 0 | J39: 0 | K39: 0 | S39: 3 HP | T39: 0 | U39: 0 | V39: 0 | W39: 0 | X39: 0 | Y39: 0
A40: Total | F40: 0 | G40: 0 | H40: 0 | I40: 0 | J40: 0 | K40: 0
A41: QUARTERLY REPORT ON TB CASES REGISTRATION
A42: INDIVIDUAL/CONSOLIDATED (TICK ONE) | U42: TB - 07
A43: Name of TB Care Facility (BMU) : | E43: MANGHOPIR | H43: District : | J43: 0 | L43: Central : | N43: 0 | Q43: Patients registered during | U43: 2nd Quarter | X43: of Year 2023
A45: Name of TB Coodinator/Facility incharge : | G45: ___________________________________________________ | Q45: Date of completion of this form : | V45: _______________________
A47: Block 1: | J47: New (N) | L47: Relapse ® | N47: Previous Treatment History Unknown (UK) | P47: N+R+UK | R47: Previously treated ( Excluding Relapse) | X47: Total
A48: All TB Cases Registered | R48: Treatment after failure | T48: Treatment after lost to follow-up | V48: Other previously treated
A50: Pulmonary, Bacteriologically Confermid | J50: 2 | L50: 0 | N50: 0 | P50: 2 | R50: 0 | T50: 0 | V50: 0 | X50: 2
A51: Pulmonary , Clinically Diagnosed | J51: 0 | L51: 0 | N51: 0 | P51: 0 | R51: 0 | T51: 0 | V51: 0 | X51: 0
A52: Extra Pulmonary, Bacteriologically Confermid | J52: 0 | L52: 0 | N52: 0 | P52: 0 | R52: 0 | T52: 0 | V52: 0 | X52: 0
A53: Extra Pulmonary , Clinically Diagnosed | J53: 1 | L53: 0 | N53: 0 | P53: 1 | R53: 0 | T53: 0 | V53: 0 | X53: 1
A54: Total | J54: 3 | L54: 0 | N54: 0 | P54: 3 | R54: 0 | T54: 0 | V54: 0 | X54: 3
A55: Block 2: All New, Relapse and previous treatment history unknown Cases registered during the period by Age Group and Gender
H56: 0-4 | J56: 5-14 | L56: 15-24 | N56: 25-34 | P56: 35-44 | R56: 45-54 | T56: 55-64 | V56: 65 & Above | X56: Total
H57: M | I57: F | J57: M | K57: F | L57: M | M57: F | N57: M | O57: F | P57: M | Q57: F | R57: M | S57: F | T57: M | U57: F | V57: M | W57: F | X57: M | Y57: F
A58: Pulmonary, Bacteriologically Confermid | H58: 0 | I58: 0 | J58: 0 | K58: 0 | L58: 0 | M58: 1 | N58: 0 | O58: 0 | P58: 0 | Q58: 0 | R58: 1 | S58: 0 | T58: 0 | U58: 0 | V58: 0 | W58: 0 | X58: 1 | Y58: 1
A59: Pulmonary , Clinically Diagnosed | H59: 0 | I59: 0 | J59: 0 | K59: 0 | L59: 0 | M59: 0 | N59: 0 | O59: 0 | P59: 0 | Q59: 0 | R59: 0 | S59: 0 | T59: 0 | U59: 0 | V59: 0 | W59: 0 | X59: 0 | Y59: 0
A60: Extra Pulmonary, Bacteriologically Confermid | H60: 0 | I60: 0 | J60: 0 | K60: 0 | L60: 0 | M60: 0 | N60: 0 | O60: 0 | P60: 0 | Q60: 0 | R60: 0 | S60: 0 | T60: 0 | U60: 0 | V60: 0 | W60: 0 | X60: 0 | Y60: 0
A61: Extra Pulmonary , Clinically Diagnosed | H61: 0 | I61: 0 | J61: 0 | K61: 0 | L61: 0 | M61: 0 | N61: 0 | O61: 0 | P61: 0 | Q61: 1 | R61: 0 | S61: 0 | T61: 0 | U61: 0 | V61: 0 | W61: 0 | X61: 0 | Y61: 1
A62: Total | H62: 0 | I62: 0 | J62: 0 | K62: 0 | L62: 0 | M62: 1 | N62: 0 | O62: 0 | P62: 0 | Q62: 1 | R62: 1 | S62: 0 | T62: 0 | U62: 0 | V62: 0 | W62: 0 | X62: 1 | Y62: 2
A64: Block 3: Presumptive TB Cases Identified Laboratory Diagnosis and use of WRD | M64: Block 4 : TB HIV Activities
A65: Total New OPD in Quarter | B65: No. of presumptive TB cases identified | C65: Presumptive Identified through Community Referrals (LHWs) | D65: No. of Presumptive TB Patients tested Using | F65: Among Presumptive TB cases tested number reported B+ | J65: Among all registered number of B+ TB Cases | K65: Amoung All (N+R+UK) number tested by Gene Xpert | M65: No. of TB patients tested for HIV | O65: TB Patients tested positive for HIV | Q65: HIV positive TB Patients put on ART
D66: AFB | E66: Xpert | F66: AFB | G66: Xpert | H66: AFB + Xpert | I66: G.Tot | M66: 0 | O66: 0 | Q66: 0
A67: 2029 | B67: 39 | C67: 0 | D67: 18 | E67: 19 | F67: 1 | G67: 1 | H67: 1 | I67: 2 | J67: 2 | K67: 2 | M67: HIV patient tested for TB | O67: HIV patients tested positive for TB | Q67: TB positive HIV patients put on TB Tx | T67: HIV positive TB -Ve patients on TPT
M68: 0 | O68: 0 | Q68: 0 | U68: 0-4 | W68: 5-14 | X68: 15 & above
T69: 6H | U69: 0 | W69: 0 | X69: 0
T70: 3HR | U70: 0 | W70: 0 | X70: 0
T71: 3 HP | U71: 0 | W71: 0 | X71: 0
A73: Block 5 : Bacteriologically Confermid TB Cases with DST Result | M73: Block 6 : Contact Tracing HH *
F74: Rifampicin | H74: Isoniazid | J74: Fluoroquninolone | M74: Total No. of HH of B+ PTB | O74: No. of HH contacts of B+ PTB Cases Screened | Q74: Amoung HH contact screened, No. of TB Cases diagnosed | S74: No. of HH Contacts Initiated on TPT | W74: HIV negative Immuno compromised on TPT
F75: Result | G75: Resistant | H75: Result | I75: Resistant | J75: Result | K75: Resistant | M75: <=5yrs | N75: >5yrs | O75: <=5yrs | P75: >5yrs | Q75: <=5yrs | R75: >5yrs | T75: 0-4 | U75: 5-14 | V75: 15+ | W75: 0-4 | X75: 5-14 | Y75: 15+
A76: New + UK | F76: 1 | G76: 0 | H76: 0 | I76: 0 | J76: 0 | K76: 0 | M76: 0 | N76: 0 | O76: 0 | P76: 0 | Q76: 0 | R76: 0 | S76: 6H | T76: 0 | U76: 0 | V76: 0 | W76: 0 | X76: 0 | Y76: 0
A77: Relapse | F77: 0 | G77: 0 | H77: 0 | I77: 0 | J77: 0 | K77: 0 | S77: 3HR | T77: 0 | U77: 0 | V77: 0 | W77: 0 | X77: 0 | Y77: 0
A78: Previously treated | F78: 0 | G78: 0 | H78: 0 | I78: 0 | J78: 0 | K78: 0 | S78: 3 HP | T78: 0 | U78: 0 | V78: 0 | W78: 0 | X78: 0 | Y78: 0
A79: Total | F79: 1 | G79: 0 | H79: 0 | I79: 0 | J79: 0 | K79: 0
A80: QUARTERLY REPORT ON TB CASES REGISTRATION
A81: INDIVIDUAL/CONSOLIDATED (TICK ONE) | U81: TB - 07
A82: Name of TB Care Facility (BMU) : | E82: MANGHOPIR | H82: District : | J82: 0 | L82: Central : | N82: 0 | Q82: Patients registered during | U82: 3rd Quarter | X82: of Year 2023
A84: Name of TB Coodinator/Facility incharge : | G84: ___________________________________________________ | Q84: Date of completion of this form : | V84: _______________________
A86: Block 1: | J86: New (N) | L86: Relapse ® | N86: Previous Treatment History Unknown (UK) | P86: N+R+UK | R86: Previously treated ( Excluding Relapse) | X86: Total
A87: All TB Cases Registered | R87: Treatment after failure | T87: Treatment after lost to follow-up | V87: Other previously treated
A89: Pulmonary, Bacteriologically Confermid | J89: 2 | L89: 0 | N89: 0 | P89: 2 | R89: 0 | T89: 0 | V89: 0 | X89: 2
A90: Pulmonary , Clinically Diagnosed | J90: 0 | L90: 0 | N90: 0 | P90: 0 | R90: 0 | T90: 0 | V90: 0 | X90: 0
A91: Extra Pulmonary, Bacteriologically Confermid | J91: 0 | L91: 0 | N91: 0 | P91: 0 | R91: 0 | T91: 0 | V91: 0 | X91: 0
A92: Extra Pulmonary , Clinically Diagnosed | J92: 1 | L92: 0 | N92: 0 | P92: 1 | R92: 0 | T92: 0 | V92: 0 | X92: 1
A93: Total | J93: 3 | L93: 0 | N93: 0 | P93: 3 | R93: 0 | T93: 0 | V93: 0 | X93: 3
A94: Block 2: All New, Relapse and previous treatment history unknown Cases registered during the period by Age Group and Gender
H95: 0-4 | J95: 5-14 | L95: 15-24 | N95: 25-34 | P95: 35-44 | R95: 45-54 | T95: 55-64 | V95: 65 & Above | X95: Total
H96: M | I96: F | J96: M | K96: F | L96: M | M96: F | N96: M | O96: F | P96: M | Q96: F | R96: M | S96: F | T96: M | U96: F | V96: M | W96: F | X96: M | Y96: F
A97: Pulmonary, Bacteriologically Confermid | H97: 0 | I97: 0 | J97: 0 | K97: 0 | L97: 0 | M97: 0 | N97: 0 | O97: 0 | P97: 0 | Q97: 0 | R97: 0 | S97: 0 | T97: 0 | U97: 0 | V97: 2 | W97: 0 | X97: 2 | Y97: 0
A98: Pulmonary , Clinically Diagnosed | H98: 0 | I98: 0 | J98: 0 | K98: 0 | L98: 0 | M98: 0 | N98: 0 | O98: 0 | P98: 0 | Q98: 0 | R98: 0 | S98: 0 | T98: 0 | U98: 0 | V98: 0 | W98: 0 | X98: 0 | Y98: 0
A99: Extra Pulmonary, Bacteriologically Confermid | H99: 0 | I99: 0 | J99: 0 | K99: 0 | L99: 0 | M99: 0 | N99: 0 | O99: 0 | P99: 0 | Q99: 0 | R99: 0 | S99: 0 | T99: 0 | U99: 0 | V99: 0 | W99: 0 | X99: 0 | Y99: 0
A100: Extra Pulmonary , Clinically Diagnosed | H100: 0 | I100: 0 | J100: 0 | K100: 0 | L100: 0 | M100: 1 | N100: 0 | O100: 0 | P100: 0 | Q100: 0 | R100: 0 | S100: 0 | T100: 0 | U100: 0 | V100: 0 | W100: 0 | X100: 0 | Y100: 1
A101: Total | H101: 0 | I101: 0 | J101: 0 | K101: 0 | L101: 0 | M101: 1 | N101: 0 | O101: 0 | P101: 0 | Q101: 0 | R101: 0 | S101: 0 | T101: 0 | U101: 0 | V101: 2 | W101: 0 | X101: 2 | Y101: 1
A103: Block 3: Presumptive TB Cases Identified Laboratory Diagnosis and use of WRD | M103: Block 4 : TB HIV Activities
A104: Total New OPD in Quarter | B104: No. of presumptive TB cases identified | C104: Presumptive Identified through Community Referrals (LHWs) | D104: No. of Presumptive TB Patients tested Using | F104: Among Presumptive TB cases tested number reported B+ | J104: Among all registered number of B+ TB Cases | K104: Amoung All (N+R+UK) number tested by Gene Xpert | M104: No. of TB patients tested for HIV | O104: TB Patients tested positive for HIV | Q104: HIV positive TB Patients put on ART
D105: AFB | E105: Xpert | F105: AFB | G105: Xpert | H105: AFB + Xpert | I105: G.Tot | M105: 0 | O105: 0 | Q105: 0
A106: 1897 | B106: 36 | C106: 0 | D106: 32 | E106: 0 | F106: 0 | G106: 0 | H106: 3 | I106: 3 | J106: 2 | K106: 0 | M106: HIV patient tested for TB | O106: HIV patients tested positive for TB | Q106: TB positive HIV patients put on TB Tx | T106: HIV positive TB -Ve patients on TPT
M107: 0 | O107: 0 | Q107: 0 | U107: 0-4 | W107: 5-14 | X107: 15 & above
T108: 6H | U108: 0 | W108: 0 | X108: 0
T109: 3HR | U109: 0 | W109: 0 | X109: 0
T110: 3 HP | U110: 0 | W110: 0 | X110: 0
A112: Block 5 : Bacteriologically Confermid TB Cases with DST Result | M112: Block 6 : Contact Tracing HH *
F113: Rifampicin | H113: Isoniazid | J113: Fluoroquninolone | M113: Total No. of HH of B+ PTB | O113: No. of HH contacts of B+ PTB Cases Screened | Q113: Amoung HH contact screened, No. of TB Cases diagnosed | S113: No. of HH Contacts Initiated on TPT | W113: HIV negative Immuno compromised on TPT
F114: Result | G114: Resistant | H114: Result | I114: Resistant | J114: Result | K114: Resistant | M114: <=5yrs | N114: >5yrs | O114: <=5yrs | P114: >5yrs | Q114: <=5yrs | R114: >5yrs | T114: 0-4 | U114: 5-14 | V114: 15+ | W114: 0-4 | X114: 5-14 | Y114: 15+
A115: New + UK | F115: 0 | G115: 0 | H115: 0 | I115: 0 | J115: 0 | K115: 0 | M115: 0 | N115: 0 | O115: 0 | P115: 0 | Q115: 0 | R115: 0 | S115: 6H | T115: 0 | U115: 0 | V115: 0 | W115: 0 | X115: 0 | Y115: 0
A116: Relapse | F116: 0 | G116: 0 | H116: 0 | I116: 0 | J116: 0 | K116: 0 | S116: 3HR | T116: 0 | U116: 0 | V116: 0 | W116: 0 | X116: 0 | Y116: 0
...

Sheet KARACHI
A2: QUARTERLY REPORT ON TB CASES REGISTRATION
A3: INDIVIDUAL/CONSOLIDATED (TICK ONE) | U3: TB - 07
A4: Name of TB Care Facility (BMU) : | E4: KARACHI | H4: District : | L4: Central : | N4: CONSOLIDATED | Q4: Patients registered during | U4: 1st Quarter | X4: of Year 2023
A6: Name of TB Coodinator/Facility incharge : | G6: ___________________________________________________ | Q6: Date of completion of this form : | V6: _______________________
A8: Block 1: | J8: New (N) | L8: Relapse ® | N8: Previous Treatment History Unknown (UK) | P8: N+R+UK | R8: Previously treated ( Excluding Relapse) | X8: Total
A9: All TB Cases Registered | R9: Treatment after failure | T9: Treatment after lost to follow-up | V9: Other previously treated
A11: Pulmonary, Bacteriologically Confermid | J11: 110 | L11: 14 | N11: 0 | P11: 124 | R11: 0 | T11: 0 | V11: 2 | X11: 126
A12: Pulmonary , Clinically Diagnosed | J12: 97 | L12: 19 | N12: 1 | P12: 117 | R12: 0 | T12: 1 | V12: 2 | X12: 120
A13: Extra Pulmonary, Bacteriologically Confermid | J13: 0 | L13: 0 | N13: 0 | P13: 0 | R13: 0 | T13: 0 | V13: 0 | X13: 0
A14: Extra Pulmonary , Clinically Diagnosed | J14: 58 | L14: 4 | N14: 0 | P14: 62 | R14: 0 | T14: 0 | V14: 5 | X14: 67
A15: Total | J15: 265 | L15: 37 | N15: 1 | P15: 303 | R15: 0 | T15: 1 | V15: 9 | X15: 313
A16: Block 2: All New, Relapse and previous treatment history unknown Cases registered during the period by Age Group and Gender
H17: 0-4 | J17: 5-14 | L17: 15-24 | N17: 25-34 | P17: 35-44 | R17: 45-54 | T17: 55-64 | V17: 65 & Above | X17: Total
H18: M | I18: F | J18: M | K18: F | L18: M | M18: F | N18: M | O18: F | P18: M | Q18: F | R18: M | S18: F | T18: M | U18: F | V18: M | W18: F | X18: M | Y18: F
A19: Pulmonary, Bacteriologically Confermid | H19: 0 | I19: 0 | J19: 0 | K19: 4 | L19: 15 | M19: 28 | N19: 13 | O19: 12 | P19: 12 | Q19: 6 | R19: 9 | S19: 5 | T19: 9 | U19: 2 | V19: 7 | W19: 2 | X19: 65 | Y19: 59
A20: Pulmonary , Clinically Diagnosed | H20: 0 | I20: 0 | J20: 2 | K20: 2 | L20: 11 | M20: 15 | N20: 10 | O20: 9 | P20: 7 | Q20: 10 | R20: 11 | S20: 10 | T20: 9 | U20: 8 | V20: 10 | W20: 3 | X20: 60 | Y20: 57
A21: Extra Pulmonary, Bacteriologically Confermid | H21: 0 | I21: 0 | J21: 0 | K21: 0 | L21: 0 | M21: 0 | N21: 0 | O21: 0 | P21: 0 | Q21: 0 | R21: 0 | S21: 0 | T21: 0 | U21: 0 | V21: 0 | W21: 0 | X21: 0 | Y21: 0
A22: Extra Pulmonary , Clinically Diagnosed | H22: 0 | I22: 1 | J22: 4 | K22: 3 | L22: 8 | M22: 12 | N22: 5 | O22: 7 | P22: 5 | Q22: 7 | R22: 2 | S22: 1 | T22: 1 | U22: 2 | V22: 3 | W22: 1 | X22: 28 | Y22: 34
A23: Total | H23: 0 | I23: 1 | J23: 6 | K23: 9 | L23: 34 | M23: 55 | N23: 28 | O23: 28 | P23: 24 | Q23: 23 | R23: 22 | S23: 16 | T23: 19 | U23: 12 | V23: 20 | W23: 6 | X23: 153 | Y23: 150
A25: Block 3: Presumptive TB Cases Identified Laboratory Diagnosis and use of WRD | M25: Block 4 : TB HIV Activities
A26: Total New OPD in Quarter | B26: No. of presumptive TB cases identified | C26: Presumptive Identified through Community Referrals (LHWs) | D26: No. of Presumptive TB Patients tested Using | F26: Among Presumptive TB cases tested number reported B+ | J26: Among all registered number of B+ TB Cases | K26: Amoung All (N+R+UK) number tested by Gene Xpert | M26: No. of TB patients tested for HIV | O26: TB Patients tested positive for HIV | Q26: HIV positive TB Patients put on ART
D27: AFB | E27: Xpert | F27: AFB | G27: Xpert | H27: AFB + Xpert | I27: G.Tot | M27: 68 | O27: 0 | Q27: 0
A28: 5575 | B28: 914 | C28: 50 | D28: 443 | E28: 472 | F28: 20 | G28: 38 | H28: 28 | I28: 113 | J28: 122 | K28: 237 | M28: HIV patient tested for TB | O28: HIV patients tested positive for TB | Q28: TB positive HIV patients put on TB Tx | T28: HIV positive TB -Ve patients on TPT
M29: 1 | O29: 0 | Q29: 0 | U29: 0-4 | W29: 5-14 | X29: 15 & above
T30: 6H | U30: 0 | W30: 0 | X30: 0
T31: 3HR | U31: 0 | W31: 0 | X31: 0
T32: 3 HP | U32: 0 | W32: 0 | X32: 0
A34: Block 5 : Bacteriologically Confermid TB Cases with DST Result | M34: Block 6 : Contact Tracing HH *
F35: Rifampicin | H35: Isoniazid | J35: Fluoroquninolone | M35: Total No. of HH of B+ PTB | O35: No. of HH contacts of B+ PTB Cases Screened | Q35: Amoung HH contact screened, No. of TB Cases diagnosed | S35: No. of HH Contacts Initiated on TPT | W35: HIV negative Immuno compromised on TPT
F36: Result | G36: Resistant | H36: Result | I36: Resistant | J36: Result | K36: Resistant | M36: <=5yrs | N36: >5yrs | O36: <=5yrs | P36: >5yrs | Q36: <=5yrs | R36: >5yrs | T36: 0-4 | U36: 5-14 | V36: 15+ | W36: 0-4 | X36: 5-14 | Y36: 15+
A37: New + UK | F37: 105 | G37: 3 | H37: 0 | I37: 0 | J37: 0 | K37: 0 | M37: 122 | N37: 420 | O37: 42 | P37: 269 | Q37: 0 | R37: 13 | S37: 6H | T37: 0 | U37: 0 | V37: 0 | W37: 0 | X37: 0 | Y37: 0
A38: Relapse | F38: 12 | G38: 0 | H38: 0 | I38: 0 | J38: 0 | K38: 0 | S38: 3HR | T38: 0 | U38: 0 | V38: 0 | W38: 0 | X38: 0 | Y38: 0
A39: Previously treated | F39: 0 | G39: 0 | H39: 0 | I39: 0 | J39: 0 | K39: 0 | S39: 3 HP | T39: 0 | U39: 0 | V39: 0 | W39: 0 | X39: 0 | Y39: 0
A40: Total | F40: 117 | G40: 3 | H40: 0 | I40: 0 | J40: 0 | K40: 0
A41: QUARTERLY REPORT ON TB CASES REGISTRATION
A42: INDIVIDUAL/CONSOLIDATED (TICK ONE) | U42: TB - 07
A43: Name of TB Care Facility (BMU) : | E43: KARACHI | H43: District : | J43: 0 | L43: Central : | N43: CONSOLIDATED | Q43: Patients registered during | U43: 2nd Quarter | X43: of Year 2023
A45: Name of TB Coodinator/Facility incharge : | G45: ___________________________________________________ | Q45: Date of completion of this form : | V45: _______________________
A47: Block 1: | J47: New (N) | L47: Relapse ® | N47: Previous Treatment History Unknown (UK) | P47: N+R+UK | R47: Previously treated ( Excluding Relapse) | X47: Total
A48: All TB Cases Registered | R48: Treatment after failure | T48: Treatment after lost to follow-up | V48: Other previously treated
A50: Pulmonary, Bacteriologically Confermid | J50: 118 | L50: 14 | N50: 0 | P50: 132 | R50: 0 | T50: 1 | V50: 4 | X50: 137
A51: Pulmonary , Clinically Diagnosed | J51: 127 | L51: 13 | N51: 0 | P51: 140 | R51: 0 | T51: 1 | V51: 1 | X51: 142
A52: Extra Pulmonary, Bacteriologically Confermid | J52: 0 | L52: 0 | N52: 0 | P52: 0 | R52: 0 | T52: 0 | V52: 0 | X52: 0
A53: Extra Pulmonary , Clinically Diagnosed | J53: 78 | L53: 4 | N53: 0 | P53: 82 | R53: 0 | T53: 0 | V53: 3 | X53: 85
A54: Total | J54: 323 | L54: 31 | N54: 0 | P54: 354 | R54: 0 | T54: 2 | V54: 8 | X54: 364
A55: Block 2: All New, Relapse and previous treatment history unknown Cases registered during the period by Age Group and Gender
H56: 0-4 | J56: 5-14 | L56: 15-24 | N56: 25-34 | P56: 35-44 | R56: 45-54 | T56: 55-64 | V56: 65 & Above | X56: Total
H57: M | I57: F | J57: M | K57: F | L57: M | M57: F | N57: M | O57: F | P57: M | Q57: F | R57: M | S57: F | T57: M | U57: F | V57: M | W57: F | X57: M | Y57: F
A58: Pulmonary, Bacteriologically Confermid | H58: 0 | I58: 0 | J58: 0 | K58: 4 | L58: 15 | M58: 32 | N58: 9 | O58: 15 | P58: 10 | Q58: 8 | R58: 7 | S58: 6 | T58: 5 | U58: 6 | V58: 10 | W58: 5 | X58: 56 | Y58: 76
A59: Pulmonary , Clinically Diagnosed | H59: 0 | I59: 0 | J59: 6 | K59: 13 | L59: 11 | M59: 17 | N59: 11 | O59: 18 | P59: 9 | Q59: 10 | R59: 10 | S59: 5 | T59: 9 | U59: 7 | V59: 9 | W59: 5 | X59: 65 | Y59: 75
A60: Extra Pulmonary, Bacteriologically Confermid | H60: 0 | I60: 0 | J60: 0 | K60: 0 | L60: 0 | M60: 0 | N60: 0 | O60: 0 | P60: 0 | Q60: 0 | R60: 0 | S60: 0 | T60: 0 | U60: 0 | V60: 0 | W60: 0 | X60: 0 | Y60: 0
A61: Extra Pulmonary , Clinically Diagnosed | H61: 0 | I61: 0 | J61: 4 | K61: 12 | L61: 10 | M61: 9 | N61: 11 | O61: 10 | P61: 2 | Q61: 8 | R61: 2 | S61: 2 | T61: 4 | U61: 3 | V61: 3 | W61: 2 | X61: 36 | Y61: 46
A62: Total | H62: 0 | I62: 0 | J62: 10 | K62: 29 | L62: 36 | M62: 58 | N62: 31 | O62: 43 | P62: 21 | Q62: 26 | R62: 19 | S62: 13 | T62: 18 | U62: 16 | V62: 22 | W62: 12 | X62: 157 | Y62: 197
A64: Block 3: Presumptive TB Cases Identified Laboratory Diagnosis and use of WRD | M64: Block 4 : TB HIV Activities
A65: Total New OPD in Quarter | B65: No. of presumptive TB cases identified | C65: Presumptive Identified through Community Referrals (LHWs) | D65: No. of Presumptive TB Patients tested Using | F65: Among Presumptive TB cases tested number reported B+ | J65: Among all registered number of B+ TB Cases | K65: Amoung All (N+R+UK) number tested by Gene Xpert | M65: No. of TB patients tested for HIV | O65: TB Patients tested positive for HIV | Q65: HIV positive TB Patients put on ART
D66: AFB | E66: Xpert | F66: AFB | G66: Xpert | H66: AFB + Xpert | I66: G.Tot | M66: 144 | O66: 0 | Q66: 0
A67: 5242 | B67: 772 | C67: 65 | D67: 333 | E67: 537 | F67: 5 | G67: 59 | H67: 59 | I67: 123 | J67: 132 | K67: 172 | M67: HIV patient tested for TB | O67: HIV patients tested positive for TB | Q67: TB positive HIV patients put on TB Tx | T67: HIV positive TB -Ve patients on TPT
M68: 0 | O68: 0 | Q68: 0 | U68: 0-4 | W68: 5-14 | X68: 15 & above
T69: 6H | U69: 0 | W69: 0 | X69: 0
T70: 3HR | U70: 0 | W70: 0 | X70: 0
T71: 3 HP | U71: 0 | W71: 0 | X71: 0
A73: Block 5 : Bacteriologically Confermid TB Cases with DST Result | M73: Block 6 : Contact Tracing HH *
F74: Rifampicin | H74: Isoniazid | J74: Fluoroquninolone | M74: Total No. of HH of B+ PTB | O74: No. of HH contacts of B+ PTB Cases Screened | Q74: Amoung HH contact screened, No. of TB Cases diagnosed | S74: No. of HH Contacts Initiated on TPT | W74: HIV negative Immuno compromised on TPT
F75: Result | G75: Resistant | H75: Result | I75: Resistant | J75: Result | K75: Resistant | M75: <=5yrs | N75: >5yrs | O75: <=5yrs | P75: >5yrs | Q75: <=5yrs | R75: >5yrs | T75: 0-4 | U75: 5-14 | V75: 15+ | W75: 0-4 | X75: 5-14 | Y75: 15+
A76: New + UK | F76: 117 | G76: 2 | H76: 0 | I76: 0 | J76: 0 | K76: 0 | M76: 39 | N76: 737 | O76: 15 | P76: 396 | Q76: 0 | R76: 13 | S76: 6H | T76: 0 | U76: 0 | V76: 0 | W76: 0 | X76: 0 | Y76: 0
A77: Relapse | F77: 13 | G77: 1 | H77: 0 | I77: 0 | J77: 0 | K77: 0 | S77: 3HR | T77: 0 | U77: 0 | V77: 0 | W77: 0 | X77: 0 | Y77: 0
A78: Previously treated | F78: 4 | G78: 0 | H78: 0 | I78: 0 | J78: 0 | K78: 0 | S78: 3 HP | T78: 0 | U78: 0 | V78: 0 | W78: 0 | X78: 0 | Y78: 0
A79: Total | F79: 134 | G79: 3 | H79: 0 | I79: 0 | J79: 0 | K79: 0
A80: QUARTERLY REPORT ON TB CASES REGISTRATION
A81: INDIVIDUAL/CONSOLIDATED (TICK ONE) | U81: TB - 07
A82: Name of TB Care Facility (BMU) : | E82: KARACHI | H82: District : | J82: 0 | L82: Central : | N82: CONSOLIDATED | Q82: Patients registered during | U82: 3rd Quarter | X82: of Year 2023
A84: Name of TB Coodinator/Facility incharge : | G84: ___________________________________________________ | Q84: Date of completion of this form : | V84: _______________________
A86: Block 1: | J86: New (N) | L86: Relapse ® | N86: Previous Treatment History Unknown (UK) | P86: N+R+UK | R86: Previously treated ( Excluding Relapse) | X86: Total
A87: All TB Cases Registered | R87: Treatment after failure | T87: Treatment after lost to follow-up | V87: Other previously treated
A89: Pulmonary, Bacteriologically Confermid | J89: 141 | L89: 12 | N89: 0 | P89: 153 | R89: 0 | T89: 0 | V89: 3 | X89: 156
A90: Pulmonary , Clinically Diagnosed | J90: 151 | L90: 15 | N90: 0 | P90: 166 | R90: 0 | T90: 1 | V90: 7 | X90: 174
A91: Extra Pulmonary, Bacteriologically Confermid | J91: 10 | L91: 1 | N91: 0 | P91: 11 | R91: 0 | T91: 0 | V91: 0 | X91: 11
A92: Extra Pulmonary , Clinically Diagnosed | J92: 82 | L92: 1 | N92: 1 | P92: 84 | R92: 0 | T92: 3 | V92: 11 | X92: 98
A93: Total | J93: 384 | L93: 29 | N93: 1 | P93: 414 | R93: 0 | T93: 4 | V93: 21 | X93: 439
A94: Block 2: All New, Relapse and previous treatment history unknown Cases registered during the period by Age Group and Gender
H95: 0-4 | J95: 5-14 | L95: 15-24 | N95: 25-34 | P95: 35-44 | R95: 45-54 | T95: 55-64 | V95: 65 & Above | X95: Total
H96: M | I96: F | J96: M | K96: F | L96: M | M96: F | N96: M | O96: F | P96: M | Q96: F | R96: M | S96: F | T96: M | U96: F | V96: M | W96: F | X96: M | Y96: F
A97: Pulmonary, Bacteriologically Confermid | H97: 0 | I97: 0 | J97: 0 | K97: 5 | L97: 21 | M97: 33 | N97: 16 | O97: 9 | P97: 15 | Q97: 13 | R97: 16 | S97: 8 | T97: 6 | U97: 3 | V97: 4 | W97: 4 | X97: 78 | Y97: 75
A98: Pulmonary , Clinically Diagnosed | H98: 6 | I98: 2 | J98: 9 | K98: 12 | L98: 7 | M98: 18 | N98: 17 | O98: 9 | P98: 11 | Q98: 7 | R98: 10 | S98: 10 | T98: 18 | U98: 5 | V98: 15 | W98: 10 | X98: 93 | Y98: 73
A99: Extra Pulmonary, Bacteriologically Confermid | H99: 0 | I99: 0 | J99: 0 | K99: 0 | L99: 1 | M99: 1 | N99: 2 | O99: 1 | P99: 0 | Q99: 1 | R99: 1 | S99: 1 | T99: 1 | U99: 1 | V99: 0 | W99: 1 | X99: 5 | Y99: 6
A100: Extra Pulmonary , Clinically Diagnosed | H100: 0 | I100: 1 | J100: 5 | K100: 6 | L100: 12 | M100: 11 | N100: 4 | O100: 9 | P100: 6 | Q100: 10 | R100: 7 | S100: 3 | T100: 5 | U100: 1 | V100: 3 | W100: 1 | X100: 42 | Y100: 42
A101: Total | H101: 6 | I101: 3 | J101: 14 | K101: 23 | L101: 41 | M101: 63 | N101: 39 | O101: 28 | P101: 32 | Q101: 31 | R101: 34 | S101: 22 | T101: 30 | U101: 10 | V101: 22 | W101: 16 | X101: 218 | Y101: 196
A103: Block 3: Presumptive TB Cases Identified Laboratory Diagnosis and use of WRD | M103: Block 4 : TB HIV Activities
A104: Total New OPD in Quarter | B104: No. of presumptive TB cases identified | C104: Presumptive Identified through Community Referrals (LHWs) | D104: No. of Presumptive TB Patients tested Using | F104: Among Presumptive TB cases tested number reported B+ | J104: Among all registered number of B+ TB Cases | K104: Amoung All (N+R+UK) number tested by Gene Xpert | M104: No. of TB patients tested for HIV | O104: TB Patients tested positive for HIV | Q104: HIV positive TB Patients put on ART
D105: AFB | E105: Xpert | F105: AFB | G105: Xpert | H105: AFB + Xpert | I105: G.Tot | M105: 213 | O105: 0 | Q105: 0
A106: 7821 | B106: 710 | C106: 42 | D106: 415 | E106: 553 | F106: 6 | G106: 71 | H106: 55 | I106: 132 | J106: 137 | K106: 185 | M106: HIV patient tested for TB | O106: HIV patients tested positive for TB | Q106: TB positive HIV patients put on TB Tx | T106: HIV positive TB -Ve patients on TPT
M107: 0 | O107: 0 | Q107: 0 | U107: 0-4 | W107: 5-14 | X107: 15 & above
T108: 6H | U108: 0 | W108: 0 | X108: 0
T109: 3HR | U109: 0 | W109: 0 | X109: 0
T110: 3 HP | U110: 0 | W110: 0 | X110: 0
A112: Block 5 : Bacteriologically Confermid TB Cases with DST Result | M112: Block 6 : Contact Tracing HH *
F113: Rifampicin | H113: Isoniazid | J113: Fluoroquninolone | M113: Total No. of HH of B+ PTB | O113: No. of HH contacts of B+ PTB Cases Screened | Q113: Amoung HH contact screened, No. of TB Cases diagnosed | S113: No. of HH Contacts Initiated on TPT | W113: HIV negative Immuno compromised on TPT
F114: Result | G114: Resistant | H114: Result | I114: Resistant | J114: Result | K114: Resistant | M114: <=5yrs | N114: >5yrs | O114: <=5yrs | P114: >5yrs | Q114: <=5yrs | R114: >5yrs | T114: 0-4 | U114: 5-14 | V114: 15+ | W114: 0-4 | X114: 5-14 | Y114: 15+
A115: New + UK | F115: 134 | G115: 1 | H115: 0 | I115: 0 | J115: 0 | K115: 0 | M115: 140 | N115: 778 | O115: 53 | P115: 337 | Q115: 2 | R115: 14 | S115: 6H | T115: 0 | U115: 0 | V115: 0 | W115: 0 | X115: 0 | Y115: 0
A116: Relapse | F116: 12 | G116: 1 | H116: 0 | I116: 0 | J116: 0 | K116: 0 | S116: 3HR | T116: 0 | U116: 0 | V116: 0 | W116: 0 | X116: 0 | Y116: 0
...

Sheet SINDH
A2: QUARTERLY REPORT ON TB CASES REGISTRATION
A3: INDIVIDUAL/CONSOLIDATED (TICK ONE) | U3: TB - 07
A4: Name of TB Care Facility (BMU) : | E4: SINDH | H4: District : | L4: Central : | N4: CONSOLIDATED | Q4: Patients registered during | U4: 1st Quarter | X4: of Year 2023
A6: Name of TB Coodinator/Facility incharge : | G6: ___________________________________________________ | Q6: Date of completion of this form : | V6: _______________________
A8: Block 1: | J8: New (N) | L8: Relapse ® | N8: Previous Treatment History Unknown (UK) | P8: N+R+UK | R8: Previously treated ( Excluding Relapse) | X8: Total
A9: All TB Cases Registered | R9: Treatment after failure | T9: Treatment after lost to follow-up | V9: Other previously treated
A11: Pulmonary, Bacteriologically Confermid | J11: 42 | L11: 7 | N11: 0 | P11: 49 | R11: 0 | T11: 0 | V11: 0 | X11: 49
A12: Pulmonary , Clinically Diagnosed | J12: 6 | L12: 3 | N12: 0 | P12: 9 | R12: 1 | T12: 0 | V12: 0 | X12: 10
A13: Extra Pulmonary, Bacteriologically Confermid | J13: 0 | L13: 0 | N13: 0 | P13: 0 | R13: 0 | T13: 0 | V13: 0 | X13: 0
A14: Extra Pulmonary , Clinically Diagnosed | J14: 4 | L14: 0 | N14: 0 | P14: 4 | R14: 0 | T14: 0 | V14: 0 | X14: 4
A15: Total | J15: 52 | L15: 10 | N15: 0 | P15: 62 | R15: 1 | T15: 0 | V15: 0 | X15: 63
A16: Block 2: All New, Relapse and previous treatment history unknown Cases registered during the period by Age Group and Gender
H17: 0-4 | J17: 5-14 | L17: 15-24 | N17: 25-34 | P17: 35-44 | R17: 45-54 | T17: 55-64 | V17: 65 & Above | X17: Total
H18: M | I18: F | J18: M | K18: F | L18: M | M18: F | N18: M | O18: F | P18: M | Q18: F | R18: M | S18: F | T18: M | U18: F | V18: M | W18: F | X18: M | Y18: F
A19: Pulmonary, Bacteriologically Confermid | H19: 0 | I19: 0 | J19: 0 | K19: 0 | L19: 7 | M19: 4 | N19: 5 | O19: 3 | P19: 2 | Q19: 6 | R19: 6 | S19: 3 | T19: 1 | U19: 3 | V19: 7 | W19: 2 | X19: 28 | Y19: 21
A20: Pulmonary , Clinically Diagnosed | H20: 0 | I20: 0 | J20: 0 | K20: 0 | L20: 1 | M20: 2 | N20: 1 | O20: 0 | P20: 1 | Q20: 0 | R20: 1 | S20: 0 | T20: 0 | U20: 0 | V20: 1 | W20: 2 | X20: 5 | Y20: 4
A21: Extra Pulmonary, Bacteriologically Confermid | H21: 0 | I21: 0 | J21: 0 | K21: 0 | L21: 0 | M21: 0 | N21: 0 | O21: 0 | P21: 0 | Q21: 0 | R21: 0 | S21: 0 | T21: 0 | U21: 0 | V21: 0 | W21: 0 | X21: 0 | Y21: 0
A22: Extra Pulmonary , Clinically Diagnosed | H22: 0 | I22: 0 | J22: 0 | K22: 0 | L22: 0 | M22: 1 | N22: 1 | O22: 0 | P22: 0 | Q22: 0 | R22: 0 | S22: 1 | T22: 0 | U22: 1 | V22: 0 | W22: 0 | X22: 1 | Y22: 3
A23: Total | H23: 0 | I23: 0 | J23: 0 | K23: 0 | L23: 8 | M23: 7 | N23: 7 | O23: 3 | P23: 3 | Q23: 6 | R23: 7 | S23: 4 | T23: 1 | U23: 4 | V23: 8 | W23: 4 | X23: 34 | Y23: 28
A25: Block 3: Presumptive TB Cases Identified Laboratory Diagnosis and use of WRD | M25: Block 4 : TB HIV Activities
A26: Total New OPD in Quarter | B26: No. of presumptive TB cases identified | C26: Presumptive Identified through Community Referrals (LHWs) | D26: No. of Presumptive TB Patients tested Using | F26: Among Presumptive TB cases tested number reported B+ | J26: Among all registered number of B+ TB Cases | K26: Amoung All (N+R+UK) number tested by Gene Xpert | M26: No. of TB patients tested for HIV | O26: TB Patients tested positive for HIV | Q26: HIV positive TB Patients put on ART
D27: AFB | E27: Xpert | F27: AFB | G27: Xpert | H27: AFB + Xpert | I27: G.Tot | M27: 0 | O27: 0 | Q27: 0
A28: 39519 | B28: 367 | C28: 0 | D28: 260 | E28: 94 | F28: 2 | G28: 1 | H28: 45 | I28: 48 | J28: 49 | K28: 53 | M28: HIV patient tested for TB | O28: HIV patients tested positive for TB | Q28: TB positive HIV patients put on TB Tx | T28: HIV positive TB -Ve patients on TPT
M29: 0 | O29: 0 | Q29: 0 | U29: 0-4 | W29: 5-14 | X29: 15 & above
T30: 6H | U30: 0 | W30: 0 | X30: 0
T31: 3HR | U31: 0 | W31: 0 | X31: 0
T32: 3 HP | U32: 0 | W32: 0 | X32: 0
A34: Block 5 : Bacteriologically Confermid TB Cases with DST Result | M34: Block 6 : Contact Tracing HH *
F35: Rifampicin | H35: Isoniazid | J35: Fluoroquninolone | M35: Total No. of HH of B+ PTB | O35: No. of HH contacts of B+ PTB Cases Screened | Q35: Amoung HH contact screened, No. of TB Cases diagnosed | S35: No. of HH Contacts Initiated on TPT | W35: HIV negative Immuno compromised on TPT
F36: Result | G36: Resistant | H36: Result | I36: Resistant | J36: Result | K36: Resistant | M36: <=5yrs | N36: >5yrs | O36: <=5yrs | P36: >5yrs | Q36: <=5yrs | R36: >5yrs | T36: 0-4 | U36: 5-14 | V36: 15+ | W36: 0-4 | X36: 5-14 | Y36: 15+
A37: New + UK | F37: 44 | G37: 0 | H37: 0 | I37: 0 | J37: 0 | K37: 0 | M37: 30 | N37: 189 | O37: 0 | P37: 31 | Q37: 0 | R37: 2 | S37: 6H | T37: 0 | U37: 0 | V37: 0 | W37: 0 | X37: 0 | Y37: 0
A38: Relapse | F38: 10 | G38: 0 | H38: 0 | I38: 0 | J38: 0 | K38: 0 | S38: 3HR | T38: 0 | U38: 0 | V38: 0 | W38: 0 | X38: 0 | Y38: 0
A39: Previously treated | F39: 1 | G39: 0 | H39: 0 | I39: 0 | J39: 0 | K39: 0 | S39: 3 HP | T39: 0 | U39: 0 | V39: 0 | W39: 0 | X39: 0 | Y39: 0
A40: Total | F40: 55 | G40: 0 | H40: 0 | I40: 0 | J40: 0 | K40: 0
A41: QUARTERLY REPORT ON TB CASES REGISTRATION
A42: INDIVIDUAL/CONSOLIDATED (TICK ONE) | U42: TB - 07
A43: Name of TB Care Facility (BMU) : | E43: SINDH | H43: District : | J43: 0 | L43: Central : | N43: CONSOLIDATED | Q43: Patients registered during | U43: 2nd Quarter | X43: of Year 2023
A45: Name of TB Coodinator/Facility incharge : | G45: ___________________________________________________ | Q45: Date of completion of this form : | V45: _______________________
A47: Block 1: | J47: New (N) | L47: Relapse ® | N47: Previous Treatment History Unknown (UK) | P47: N+R+UK | R47: Previously treated ( Excluding Relapse) | X47: Total
A48: All TB Cases Registered | R48: Treatment after failure | T48: Treatment after lost to follow-up | V48: Other previously treated
A50: Pulmonary, Bacteriologically Confermid | J50: 45 | L50: 7 | N50: 0 | P50: 52 | R50: 0 | T50: 0 | V50: 0 | X50: 52
A51: Pulmonary , Clinically Diagnosed | J51: 11 | L51: 1 | N51: 0 | P51: 12 | R51: 0 | T51: 0 | V51: 0 | X51: 12
A52: Extra Pulmonary, Bacteriologically Confermid | J52: 0 | L52: 0 | N52: 0 | P52: 0 | R52: 0 | T52: 0 | V52: 0 | X52: 0
A53: Extra Pulmonary , Clinically Diagnosed | J53: 7 | L53: 0 | N53: 0 | P53: 7 | R53: 0 | T53: 0 | V53: 0 | X53: 7
A54: Total | J54: 63 | L54: 8 | N54: 0 | P54: 71 | R54: 0 | T54: 0 | V54: 0 | X54: 71
A55: Block 2: All New, Relapse and previous treatment history unknown Cases registered during the period by Age Group and Gender
H56: 0-4 | J56: 5-14 | L56: 15-24 | N56: 25-34 | P56: 35-44 | R56: 45-54 | T56: 55-64 | V56: 65 & Above | X56: Total
H57: M | I57: F | J57: M | K57: F | L57: M | M57: F | N57: M | O57: F | P57: M | Q57: F | R57: M | S57: F | T57: M | U57: F | V57: M | W57: F | X57: M | Y57: F
A58: Pulmonary, Bacteriologically Confermid | H58: 0 | I58: 0 | J58: 0 | K58: 0 | L58: 11 | M58: 0 | N58: 2 | O58: 9 | P58: 8 | Q58: 6 | R58: 6 | S58: 2 | T58: 3 | U58: 0 | V58: 3 | W58: 2 | X58: 33 | Y58: 19
A59: Pulmonary , Clinically Diagnosed | H59: 0 | I59: 0 | J59: 0 | K59: 0 | L59: 1 | M59: 1 | N59: 1 | O59: 0 | P59: 0 | Q59: 4 | R59: 1 | S59: 1 | T59: 0 | U59: 2 | V59: 0 | W59: 1 | X59: 3 | Y59: 9
A60: Extra Pulmonary, Bacteriologically Confermid | H60: 0 | I60: 0 | J60: 0 | K60: 0 | L60: 0 | M60: 0 | N60: 0 | O60: 0 | P60: 0 | Q60: 0 | R60: 0 | S60: 0 | T60: 0 | U60: 0 | V60: 0 | W60: 0 | X60: 0 | Y60: 0
A61: Extra Pulmonary , Clinically Diagnosed | H61: 0 | I61: 0 | J61: 0 | K61: 0 | L61: 1 | M61: 0 | N61: 1 | O61: 0 | P61: 2 | Q61: 1 | R61: 0 | S61: 0 | T61: 0 | U61: 0 | V61: 0 | W61: 2 | X61: 4 | Y61: 3
A62: Total | H62: 0 | I62: 0 | J62: 0 | K62: 0 | L62: 13 | M62: 1 | N62: 4 | O62: 9 | P62: 10 | Q62: 11 | R62: 7 | S62: 3 | T62: 3 | U62: 2 | V62: 3 | W62: 5 | X62: 40 | Y62: 31
A64: Block 3: Presumptive TB Cases Identified Laboratory Diagnosis and use of WRD | M64: Block 4 : TB HIV Activities
A65: Total New OPD in Quarter | B65: No. of presumptive TB cases identified | C65: Presumptive Identified through Community Referrals (LHWs) | D65: No. of Presumptive TB Patients tested Using | F65: Among Presumptive TB cases tested number reported B+ | J65: Among all registered number of B+ TB Cases | K65: Amoung All (N+R+UK) number tested by Gene Xpert | M65: No. of TB patients tested for HIV | O65: TB Patients tested positive for HIV | Q65: HIV positive TB Patients put on ART
D66: AFB | E66: Xpert | F66: AFB | G66: Xpert | H66: AFB + Xpert | I66: G.Tot | M66: 6 | O66: 0 | Q66: 0
A67: 38454 | B67: 312 | C67: 0 | D67: 223 | E67: 80 | F67: 3 | G67: 7 | H67: 39 | I67: 49 | J67: 49 | K67: 58 | M67: HIV patient tested for TB | O67: HIV patients tested positive for TB | Q67: TB positive HIV patients put on TB Tx | T67: HIV positive TB -Ve patients on TPT
M68: 0 | O68: 0 | Q68: 0 | U68: 0-4 | W68: 5-14 | X68: 15 & above
T69: 6H | U69: 0 | W69: 0 | X69: 0
T70: 3HR | U70: 0 | W70: 0 | X70: 0
T71: 3 HP | U71: 0 | W71: 0 | X71: 0
A73: Block 5 : Bacteriologically Confermid TB Cases with DST Result | M73: Block 6 : Contact Tracing HH *
F74: Rifampicin | H74: Isoniazid | J74: Fluoroquninolone | M74: Total No. of HH of B+ PTB | O74: No. of HH contacts of B+ PTB Cases Screened | Q74: Amoung HH contact screened, No. of TB Cases diagnosed | S74: No. of HH Contacts Initiated on TPT | W74: HIV negative Immuno compromised on TPT
F75: Result | G75: Resistant | H75: Result | I75: Resistant | J75: Result | K75: Resistant | M75: <=5yrs | N75: >5yrs | O75: <=5yrs | P75: >5yrs | Q75: <=5yrs | R75: >5yrs | T75: 0-4 | U75: 5-14 | V75: 15+ | W75: 0-4 | X75: 5-14 | Y75: 15+
A76: New + UK | F76: 38 | G76: 0 | H76: 0 | I76: 0 | J76: 0 | K76: 0 | M76: 15 | N76: 99 | O76: 0 | P76: 34 | Q76: 0 | R76: 3 | S76: 6H | T76: 0 | U76: 0 | V76: 0 | W76: 0 | X76: 0 | Y76: 0
A77: Relapse | F77: 7 | G77: 0 | H77: 0 | I77: 0 | J77: 0 | K77: 1 | S77: 3HR | T77: 0 | U77: 0 | V77: 0 | W77: 0 | X77: 0 | Y77: 0
A78: Previously treated | F78: 0 | G78: 0 | H78: 0 | I78: 0 | J78: 0 | K78: 0 | S78: 3 HP | T78: 0 | U78: 0 | V78: 0 | W78: 0 | X78: 0 | Y78: 0
A79: Total | F79: 45 | G79: 0 | H79: 0 | I79: 0 | J79: 0 | K79: 1
A80: QUARTERLY REPORT ON TB CASES REGISTRATION
A81: INDIVIDUAL/CONSOLIDATED (TICK ONE) | U81: TB - 07
A82: Name of TB Care Facility (BMU) : | E82: SINDH | H82: District : | J82: 0 | L82: Central : | N82: CONSOLIDATED | Q82: Patients registered during | U82: 3rd Quarter | X82: of Year 2023
A84: Name of TB Coodinator/Facility incharge : | G84: ___________________________________________________ | Q84: Date of completion of this form : | V84: _______________________
A86: Block 1: | J86: New (N) | L86: Relapse ® | N86: Previous Treatment History Unknown (UK) | P86: N+R+UK | R86: Previously treated ( Excluding Relapse) | X86: Total
A87: All TB Cases Registered | R87: Treatment after failure | T87: Treatment after lost to follow-up | V87: Other previously treated
A89: Pulmonary, Bacteriologically Confermid | J89: 45 | L89: 5 | N89: 0 | P89: 50 | R89: 1 | T89: 1 | V89: 0 | X89: 52
A90: Pulmonary , Clinically Diagnosed | J90: 20 | L90: 3 | N90: 0 | P90: 23 | R90: 0 | T90: 0 | V90: 0 | X90: 23
A91: Extra Pulmonary, Bacteriologically Confermid | J91: 0 | L91: 0 | N91: 0 | P91: 0 | R91: 0 | T91: 0 | V91: 0 | X91: 0
A92: Extra Pulmonary , Clinically Diagnosed | J92: 9 | L92: 0 | N92: 0 | P92: 9 | R92: 0 | T92: 0 | V92: 0 | X92: 9
A93: Total | J93: 74 | L93: 8 | N93: 0 | P93: 82 | R93: 1 | T93: 1 | V93: 0 | X93: 84
A94: Block 2: All New, Relapse and previous treatment history unknown Cases registered during the period by Age Group and Gender
H95: 0-4 | J95: 5-14 | L95: 15-24 | N95: 25-34 | P95: 35-44 | R95: 45-54 | T95: 55-64 | V95: 65 & Above | X95: Total
H96: M | I96: F | J96: M | K96: F | L96: M | M96: F | N96: M | O96: F | P96: M | Q96: F | R96: M | S96: F | T96: M | U96: F | V96: M | W96: F | X96: M | Y96: F
A97: Pulmonary, Bacteriologically Confermid | H97: 0 | I97: 0 | J97: 0 | K97: 0 | L97: 2 | M97: 4 | N97: 6 | O97: 7 | P97: 5 | Q97: 3 | R97: 6 | S97: 4 | T97: 6 | U97: 1 | V97: 3 | W97: 3 | X97: 28 | Y97: 22
A98: Pulmonary , Clinically Diagnosed | H98: 0 | I98: 0 | J98: 0 | K98: 0 | L98: 3 | M98: 2 | N98: 1 | O98: 4 | P98: 0 | Q98: 1 | R98: 4 | S98: 2 | T98: 2 | U98: 3 | V98: 1 | W98: 0 | X98: 11 | Y98: 12
A99: Extra Pulmonary, Bacteriologically Confermid | H99: 0 | I99: 0 | J99: 0 | K99: 0 | L99: 0 | M99: 0 | N99: 0 | O99: 0 | P99: 0 | Q99: 0 | R99: 0 | S99: 0 | T99: 0 | U99: 0 | V99: 0 | W99: 0 | X99: 0 | Y99: 0
A100: Extra Pulmonary , Clinically Diagnosed | H100: 0 | I100: 0 | J100: 0 | K100: 0 | L100: 1 | M100: 0 | N100: 1 | O100: 4 | P100: 0 | Q100: 0 | R100: 2 | S100: 0 | T100: 0 | U100: 1 | V100: 0 | W100: 0 | X100: 4 | Y100: 5
A101: Total | H101: 0 | I101: 0 | J101: 0 | K101: 0 | L101: 6 | M101: 6 | N101: 8 | O101: 15 | P101: 5 | Q101: 4 | R101: 12 | S101: 6 | T101: 8 | U101: 5 | V101: 4 | W101: 3 | X101: 43 | Y101: 39
A103: Block 3: Presumptive TB Cases Identified Laboratory Diagnosis and use of WRD | M103: Block 4 : TB HIV Activities
A104: Total New OPD in Quarter | B104: No. of presumptive TB cases identified | C104: Presumptive Identified through Community Referrals (LHWs) | D104: No. of Presumptive TB Patients tested Using | F104: Among Presumptive TB cases tested number reported B+ | J104: Among all registered number of B+ TB Cases | K104: Amoung All (N+R+UK) number tested by Gene Xpert | M104: No. of TB patients tested for HIV | O104: TB Patients tested positive for HIV | Q104: HIV positive TB Patients put on ART
D105: AFB | E105: Xpert | F105: AFB | G105: Xpert | H105: AFB + Xpert | I105: G.Tot | M105: 0 | O105: 0 | Q105: 0
A106: 50852 | B106: 388 | C106: 62 | D106: 259 | E106: 17 | F106: 33 | G106: 2 | H106: 47 | I106: 82 | J106: 54 | K106: 77 | M106: HIV patient tested for TB | O106: HIV patients tested positive for TB | Q106: TB positive HIV patients put on TB Tx | T106: HIV positive TB -Ve patients on TPT
M107: 0 | O107: 0 | Q107: 0 | U107: 0-4 | W107: 5-14 | X107: 15 & above
T108: 6H | U108: 0 | W108: 0 | X108: 0
T109: 3HR | U109: 0 | W109: 0 | X109: 0
T110: 3 HP | U110: 0 | W110: 0 | X110: 0
A112: Block 5 : Bacteriologically Confermid TB Cases with DST Result | M112: Block 6 : Contact Tracing HH *
F113: Rifampicin | H113: Isoniazid | J113: Fluoroquninolone | M113: Total No. of HH of B+ PTB | O113: No. of HH contacts of B+ PTB Cases Screened | Q113: Amoung HH contact screened, No. of TB Cases diagnosed | S113: No. of HH Contacts Initiated on TPT | W113: HIV negative Immuno compromised on TPT
F114: Result | G114: Resistant | H114: Result | I114: Resistant | J114: Result | K114: Resistant | M114: <=5yrs | N114: >5yrs | O114: <=5yrs | P114: >5yrs | Q114: <=5yrs | R114: >5yrs | T114: 0-4 | U114: 5-14 | V114: 15+ | W114: 0-4 | X114: 5-14 | Y114: 15+
A115: New + UK | F115: 61 | G115: 0 | H115: 0 | I115: 0 | J115: 0 | K115: 1 | M115: 13 | N115: 62 | O115: 25 | P115: 33 | Q115: 1 | R115: 6 | S115: 6H | T115: 0 | U115: 0 | V115: 0 | W115: 0 | X115: 0 | Y115: 0
A116: Relapse | F116: 8 | G116: 0 | H116: 0 | I116: 0 | J116: 0 | K116: 0 | S116: 3HR | T116: 0 | U116: 0 | V116: 0 | W116: 0 | X116: 0 | Y116: 0
...

Sheet GILGIT -BALTISTAN
A2: QUARTERLY REPORT ON TB CASES REGISTRATION
A3: INDIVIDUAL/CONSOLIDATED (TICK ONE) | U3: TB - 07
A4: Name of TB Care Facility (BMU) : | E4: GILGIT BALTISTAN | H4: District : | L4: Central : | N4: CONSOLIDATED | Q4: Patients registered during | U4: 1st Quarter | X4: of Year 2023
A6: Name of TB Coodinator/Facility incharge : | G6: ___________________________________________________ | Q6: Date of completion of this form : | V6: _______________________
A8: Block 1: | J8: New (N) | L8: Relapse ® | N8: Previous Treatment History Unknown (UK) | P8: N+R+UK | R8: Previously treated ( Excluding Relapse) | X8: Total
A9: All TB Cases Registered | R9: Treatment after failure | T9: Treatment after lost to follow-up | V9: Other previously treated
A11: Pulmonary, Bacteriologically Confermid | J11: 117 | L11: 2 | N11: 0 | P11: 119 | R11: 0 | T11: 1 | V11: 0 | X11: 120
A12: Pulmonary , Clinically Diagnosed | J12: 442 | L12: 0 | N12: 0 | P12: 442 | R12: 0 | T12: 0 | V12: 0 | X12: 442
A13: Extra Pulmonary, Bacteriologically Confermid | J13: 1 | L13: 0 | N13: 0 | P13: 1 | R13: 0 | T13: 0 | V13: 0 | X13: 1
A14: Extra Pulmonary , Clinically Diagnosed | J14: 187 | L14: 0 | N14: 0 | P14: 187 | R14: 0 | T14: 0 | V14: 0 | X14: 187
A15: Total | J15: 747 | L15: 2 | N15: 0 | P15: 749 | R15: 0 | T15: 1 | V15: 0 | X15: 750
A16: Block 2: All New, Relapse and previous treatment history unknown Cases registered during the period by Age Group and Gender
H17: 0-4 | J17: 5-14 | L17: 15-24 | N17: 25-34 | P17: 35-44 | R17: 45-54 | T17: 55-64 | V17: 65 & Above | X17: Total
H18: M | I18: F | J18: M | K18: F | L18: M | M18: F | N18: M | O18: F | P18: M | Q18: F | R18: M | S18: F | T18: M | U18: F | V18: M | W18: F | X18: M | Y18: F
A19: Pulmonary, Bacteriologically Confermid | H19: 0 | I19: 0 | J19: 3 | K19: 8 | L19: 15 | M19: 21 | N19: 9 | O19: 15 | P19: 4 | Q19: 9 | R19: 2 | S19: 6 | T19: 7 | U19: 4 | V19: 6 | W19: 10 | X19: 46 | Y19: 73
A20: Pulmonary , Clinically Diagnosed | H20: 104 | I20: 106 | J20: 39 | K20: 31 | L20: 19 | M20: 18 | N20: 17 | O20: 18 | P20: 11 | Q20: 17 | R20: 9 | S20: 12 | T20: 4 | U20: 15 | V20: 16 | W20: 6 | X20: 219 | Y20: 223
A21: Extra Pulmonary, Bacteriologically Confermid | H21: 0 | I21: 0 | J21: 0 | K21: 1 | L21: 0 | M21: 0 | N21: 0 | O21: 0 | P21: 0 | Q21: 0 | R21: 0 | S21: 0 | T21: 0 | U21: 0 | V21: 0 | W21: 0 | X21: 0 | Y21: 1
A22: Extra Pulmonary , Clinically Diagnosed | H22: 18 | I22: 17 | J22: 18 | K22: 10 | L22: 21 | M22: 13 | N22: 12 | O22: 15 | P22: 10 | Q22: 15 | R22: 6 | S22: 5 | T22: 3 | U22: 7 | V22: 15 | W22: 2 | X22: 103 | Y22: 84
A23: Total | H23: 122 | I23: 123 | J23: 60 | K23: 50 | L23: 55 | M23: 52 | N23: 38 | O23: 48 | P23: 25 | Q23: 41 | R23: 17 | S23: 23 | T23: 14 | U23: 26 | V23: 37 | W23: 18 | X23: 368 | Y23: 381
A25: Block 3: Presumptive TB Cases Identified Laboratory Diagnosis and use of WRD | M25: Block 4 : TB HIV Activities
A26: Total New OPD in Quarter | B26: No. of presumptive TB cases identified | C26: Presumptive Identified through Community Referrals (LHWs) | D26: No. of Presumptive TB Patients tested Using | F26: Among Presumptive TB cases tested number reported B+ | J26: Among all registered number of B+ TB Cases | K26: Amoung All (N+R+UK) number tested by Gene Xpert | M26: No. of TB patients tested for HIV | O26: TB Patients tested positive for HIV | Q26: HIV positive TB Patients put on ART
D27: AFB | E27: Xpert | F27: AFB | G27: Xpert | H27: AFB + Xpert | I27: G.Tot | M27: 0 | O27: 0 | Q27: 0
A28: 179930 | B28: 3347 | D28: 2762 | E28: 0 | F28: 105 | G28: 0 | H28: 0 | I28: 105 | J28: 107 | K28: 124 | M28: HIV patient tested for TB | O28: HIV patients tested positive for TB | Q28: TB positive HIV patients put on TB Tx | T28: HIV positive TB -Ve patients on TPT
U29: 0-4 | W29: 5-14 | X29: 15 & above
T30: 6H
T31: 3HR
T32: 3 HP
A34: Block 5 : Bacteriologically Confermid TB Cases with DST Result | M34: Block 6 : Contact Tracing HH *
F35: Rifampicin | H35: Isoniazid | J35: Fluoroquninolone | M35: Total No. of HH of B+ PTB | O35: No. of HH contacts of B+ PTB Cases Screened | Q35: Amoung HH contact screened, No. of TB Cases diagnosed | S35: No. of HH Contacts Initiated on TPT | W35: HIV negative Immuno compromised on TPT
F36: Result | G36: Resistant | H36: Result | I36: Resistant | J36: Result | K36: Resistant | M36: <=5yrs | N36: >5yrs | O36: <=5yrs | P36: >5yrs | Q36: <=5yrs | R36: >5yrs | T36: 0-4 | U36: 5-14 | V36: 15+ | W36: 0-4 | X36: 5-14 | Y36: 15+
A37: New + UK | F37: 79 | G37: 1 | H37: 0 | I37: 0 | J37: 0 | K37: 0 | M37: 0 | N37: 57 | O37: 47 | P37: 99 | Q37: 0 | R37: 0 | S37: 6H | V37: 2
A38: Relapse | F38: 2 | G38: 0 | H38: 0 | I38: 0 | J38: 0 | K38: 0 | S38: 3HR
A39: Previously treated | F39: 0 | G39: 0 | H39: 0 | I39: 0 | J39: 0 | K39: 0 | S39: 3 HP
A40: Total | F40: 81 | G40: 1 | H40: 0 | I40: 0 | J40: 0 | K40: 0
A41: QUARTERLY REPORT ON TB CASES REGISTRATION
A42: INDIVIDUAL/CONSOLIDATED (TICK ONE) | U42: TB - 07
A43: Name of TB Care Facility (BMU) : | E43: GILGIT BALTISTAN | H43: District : | J43: 0 | L43: Central : | N43: CONSOLIDATED | Q43: Patients registered during | U43: 2nd Quarter | X43: of Year 2023
A45: Name of TB Coodinator/Facility incharge : | G45: ___________________________________________________ | Q45: Date of completion of this form : | V45: _______________________
A47: Block 1: | J47: New (N) | L47: Relapse ® | N47: Previous Treatment History Unknown (UK) | P47: N+R+UK | R47: Previously treated ( Excluding Relapse) | X47: Total
A48: All TB Cases Registered | R48: Treatment after failure | T48: Treatment after lost to follow-up | V48: Other previously treated
A50: Pulmonary, Bacteriologically Confermid | J50: 107 | L50: 3 | N50: 0 | P50: 110 | R50: 0 | T50: 0 | V50: 0 | X50: 110
A51: Pulmonary , Clinically Diagnosed | J51: 542 | L51: 0 | N51: 1 | P51: 543 | R51: 0 | T51: 0 | V51: 1 | X51: 544
A52: Extra Pulmonary, Bacteriologically Confermid | J52: 0 | L52: 0 | N52: 0 | P52: 0 | R52: 0 | T52: 0 | V52: 0 | X52: 0
A53: Extra Pulmonary , Clinically Diagnosed | J53: 216 | L53: 0 | N53: 1 | P53: 217 | R53: 0 | T53: 0 | V53: 0 | X53: 217
A54: Total | J54: 865 | L54: 3 | N54: 2 | P54: 870 | R54: 0 | T54: 0 | V54: 1 | X54: 871
A55: Block 2: All New, Relapse and previous treatment history unknown Cases registered during the period by Age Group and Gender
H56: 0-4 | J56: 5-14 | L56: 15-24 | N56: 25-34 | P56: 35-44 | R56: 45-54 | T56: 55-64 | V56: 65 & Above | X56: Total
H57: M | I57: F | J57: M | K57: F | L57: M | M57: F | N57: M | O57: F | P57: M | Q57: F | R57: M | S57: F | T57: M | U57: F | V57: M | W57: F | X57: M | Y57: F
A58: Pulmonary, Bacteriologically Confermid | H58: 0 | I58: 0 | J58: 1 | K58: 1 | L58: 10 | M58: 11 | N58: 19 | O58: 18 | P58: 13 | Q58: 6 | R58: 9 | S58: 6 | T58: 2 | U58: 1 | V58: 11 | W58: 2 | X58: 65 | Y58: 45
A59: Pulmonary , Clinically Diagnosed | H59: 138 | I59: 104 | J59: 40 | K59: 41 | L59: 24 | M59: 36 | N59: 16 | O59: 22 | P59: 20 | Q59: 17 | R59: 13 | S59: 13 | T59: 7 | U59: 20 | V59: 24 | W59: 8 | X59: 282 | Y59: 261
A60: Extra Pulmonary, Bacteriologically Confermid | H60: 0 | I60: 0 | J60: 0 | K60: 0 | L60: 0 | M60: 0 | N60: 0 | O60: 0 | P60: 0 | Q60: 0 | R60: 0 | S60: 0 | T60: 0 | U60: 0 | V60: 0 | W60: 0 | X60: 0 | Y60: 0
A61: Extra Pulmonary , Clinically Diagnosed | H61: 27 | I61: 12 | J61: 17 | K61: 17 | L61: 26 | M61: 24 | N61: 16 | O61: 16 | P61: 16 | Q61: 9 | R61: 8 | S61: 3 | T61: 9 | U61: 7 | V61: 7 | W61: 3 | X61: 126 | Y61: 91
A62: Total | H62: 165 | I62: 116 | J62: 58 | K62: 59 | L62: 60 | M62: 71 | N62: 51 | O62: 56 | P62: 49 | Q62: 32 | R62: 30 | S62: 22 | T62: 18 | U62: 28 | V62: 42 | W62: 13 | X62: 473 | Y62: 397
A64: Block 3: Presumptive TB Cases Identified Laboratory Diagnosis and use of WRD | M64: Block 4 : TB HIV Activities
A65: Total New OPD in Quarter | B65: No. of presumptive TB cases identified | C65: Presumptive Identified through Community Referrals (LHWs) | D65: No. of Presumptive TB Patients tested Using | F65: Among Presumptive TB cases tested number reported B+ | J65: Among all registered number of B+ TB Cases | K65: Amoung All (N+R+UK) number tested by Gene Xpert | M65: No. of TB patients tested for HIV | O65: TB Patients tested positive for HIV | Q65: HIV positive TB Patients put on ART
D66: AFB | E66: Xpert | F66: AFB | G66: Xpert | H66: AFB + Xpert | I66: G.Tot | M66: 0 | O66: 0 | Q66: 0
A67: 224618 | B67: 2520 | D67: 2239 | F67: 98 | G67: 0 | H67: 0 | I67: 98 | J67: 102 | K67: 221 | M67: HIV patient tested for TB | O67: HIV patients tested positive for TB | Q67: TB positive HIV patients put on TB Tx | T67: HIV positive TB -Ve patients on TPT
U68: 0-4 | W68: 5-14 | X68: 15 & above
T69: 6H
T70: 3HR
T71: 3 HP
A73: Block 5 : Bacteriologically Confermid TB Cases with DST Result | M73: Block 6 : Contact Tracing HH *
F74: Rifampicin | H74: Isoniazid | J74: Fluoroquninolone | M74: Total No. of HH of B+ PTB | O74: No. of HH contacts of B+ PTB Cases Screened | Q74: Amoung HH contact screened, No. of TB Cases diagnosed | S74: No. of HH Contacts Initiated on TPT | W74: HIV negative Immuno compromised on TPT
F75: Result | G75: Resistant | H75: Result | I75: Resistant | J75: Result | K75: Resistant | M75: <=5yrs | N75: >5yrs | O75: <=5yrs | P75: >5yrs | Q75: <=5yrs | R75: >5yrs | T75: 0-4 | U75: 5-14 | V75: 15+ | W75: 0-4 | X75: 5-14 | Y75: 15+
A76: New + UK | F76: 65 | G76: 0 | H76: 0 | I76: 0 | J76: 0 | K76: 0 | N76: 98 | O76: 59 | P76: 211 | Q76: 1 | R76: 6 | S76: 6H | T76: 0 | V76: 0
A77: Relapse | F77: 2 | G77: 0 | H77: 0 | I77: 0 | J77: 0 | K77: 0 | S77: 3HR
A78: Previously treated | F78: 0 | G78: 0 | H78: 0 | I78: 0 | J78: 0 | K78: 0 | S78: 3 HP
A79: Total | F79: 67 | G79: 0 | H79: 0 | I79: 0 | J79: 0 | K79: 0
A80: QUARTERLY REPORT ON TB CASES REGISTRATION
A81: INDIVIDUAL/CONSOLIDATED (TICK ONE) | U81: TB - 07
A82: Name of TB Care Facility (BMU) : | E82: GILGIT BALTISTAN | H82: District : | J82: 0 | L82: Central : | N82: CONSOLIDATED | Q82: Patients registered during | U82: 3rd Quarter | X82: of Year 2023
A84: Name of TB Coodinator/Facility incharge : | G84: ___________________________________________________ | Q84: Date of completion of this form : | V84: _______________________
A86: Block 1: | J86: New (N) | L86: Relapse ® | N86: Previous Treatment History Unknown (UK) | P86: N+R+UK | R86: Previously treated ( Excluding Relapse) | X86: Total
A87: All TB Cases Registered | R87: Treatment after failure | T87: Treatment after lost to follow-up | V87: Other previously treated
A89: Pulmonary, Bacteriologically Confermid | J89: 103 | L89: 1 | N89: 2 | P89: 106 | R89: 0 | T89: 0 | V89: 0 | X89: 106
A90: Pulmonary , Clinically Diagnosed | J90: 902 | L90: 0 | N90: 4 | P90: 906 | R90: 0 | T90: 0 | V90: 0 | X90: 906
A91: Extra Pulmonary, Bacteriologically Confermid | J91: 0 | L91: 0 | N91: 0 | P91: 0 | R91: 0 | T91: 0 | V91: 0 | X91: 0
A92: Extra Pulmonary , Clinically Diagnosed | J92: 360 | L92: 0 | N92: 1 | P92: 361 | R92: 0 | T92: 0 | V92: 0 | X92: 361
A93: Total | J93: 1365 | L93: 1 | N93: 7 | P93: 1373 | R93: 0 | T93: 0 | V93: 0 | X93: 1373
A94: Block 2: All New, Relapse and previous treatment history unknown Cases registered during the period by Age Group and Gender
H95: 0-4 | J95: 5-14 | L95: 15-24 | N95: 25-34 | P95: 35-44 | R95: 45-54 | T95: 55-64 | V95: 65 & Above | X95: Total
H96: M | I96: F | J96: M | K96: F | L96: M | M96: F | N96: M | O96: F | P96: M | Q96: F | R96: M | S96: F | T96: M | U96: F | V96: M | W96: F | X96: M | Y96: F
A97: Pulmonary, Bacteriologically Confermid | H97: 0 | I97: 0 | J97: 0 | K97: 4 | L97: 15 | M97: 21 | N97: 10 | O97: 9 | P97: 6 | Q97: 2 | R97: 3 | S97: 8 | T97: 5 | U97: 1 | V97: 12 | W97: 10 | X97: 51 | Y97: 55
A98: Pulmonary , Clinically Diagnosed | H98: 334 | I98: 238 | J98: 59 | K98: 53 | L98: 20 | M98: 42 | N98: 23 | O98: 27 | P98: 11 | Q98: 16 | R98: 15 | S98: 18 | T98: 12 | U98: 11 | V98: 21 | W98: 6 | X98: 495 | Y98: 411
A99: Extra Pulmonary, Bacteriologically Confermid | H99: 0 | I99: 0 | J99: 0 | K99: 0 | L99: 0 | M99: 0 | N99: 0 | O99: 0 | P99: 0 | Q99: 0 | R99: 0 | S99: 0 | T99: 0 | U99: 0 | V99: 0 | W99: 0 | X99: 0 | Y99: 0
A100: Extra Pulmonary , Clinically Diagnosed | H100: 86 | I100: 73 | J100: 18 | K100: 14 | L100: 30 | M100: 35 | N100: 14 | O100: 12 | P100: 14 | Q100: 13 | R100: 13 | S100: 9 | T100: 6 | U100: 5 | V100: 12 | W100: 7 | X100: 193 | Y100: 168
A101: Total | H101: 420 | I101: 311 | J101: 77 | K101: 71 | L101: 65 | M101: 98 | N101: 47 | O101: 48 | P101: 31 | Q101: 31 | R101: 31 | S101: 35 | T101: 23 | U101: 17 | V101: 45 | W101: 23 | X101: 739 | Y101: 634
A103: Block 3: Presumptive TB Cases Identified Laboratory Diagnosis and use of WRD | M103: Block 4 : TB HIV Activities
A104: Total New OPD in Quarter | B104: No. of presumptive TB cases identified | C104: Presumptive Identified through Community Referrals (LHWs) | D104: No. of Presumptive TB Patients tested Using | F104: Among Presumptive TB cases tested number reported B+ | J104: Among all registered number of B+ TB Cases | K104: Amoung All (N+R+UK) number tested by Gene Xpert | M104: No. of TB patients tested for HIV | O104: TB Patients tested positive for HIV | Q104: HIV positive TB Patients put on ART
D105: AFB | E105: Xpert | F105: AFB | G105: Xpert | H105: AFB + Xpert | I105: G.Tot | O105: 0 | Q105: 0
A106: 159991 | B106: 3441 | D106: 2107 | F106: 87 | I106: 87 | J106: 107 | K106: 202 | M106: HIV patient tested for TB | O106: HIV patients tested positive for TB | Q106: TB positive HIV patients put on TB Tx | T106: HIV positive TB -Ve patients on TPT
U107: 0-4 | W107: 5-14 | X107: 15 & above
T108: 6H
T109: 3HR
T110: 3 HP
A112: Block 5 : Bacteriologically Confermid TB Cases with DST Result | M112: Block 6 : Contact Tracing HH *
F113: Rifampicin | H113: Isoniazid | J113: Fluoroquninolone | M113: Total No. of HH of B+ PTB | O113: No. of HH contacts of B+ PTB Cases Screened | Q113: Amoung HH contact screened, No. of TB Cases diagnosed | S113: No. of HH Contacts Initiated on TPT | W113: HIV negative Immuno compromised on TPT
F114: Result | G114: Resistant | H114: Result | I114: Resistant | J114: Result | K114: Resistant | M114: <=5yrs | N114: >5yrs | O114: <=5yrs | P114: >5yrs | Q114: <=5yrs | R114: >5yrs | T114: 0-4 | U114: 5-14 | V114: 15+ | W114: 0-4 | X114: 5-14 | Y114: 15+
A115: New + UK | F115: 62 | G115: 0 | H115: 0 | I115: 0 | J115: 0 | K115: 0 | N115: 84 | O115: 15 | P115: 102 | Q115: 0 | R115: 3 | S115: 6H | T115: 0 | V115: 0
A116: Relapse | F116: 0 | G116: 0 | H116: 0 | I116: 0 | J116: 0 | K116: 0 | S116: 3HR
...

Sheet AZAD - KASHMIR
A2: QUARTERLY REPORT ON TB CASES REGISTRATION
A3: INDIVIDUAL/CONSOLIDATED (TICK ONE) | U3: TB - 07
A4: Name of TB Care Facility (BMU) : | E4: AZAD KASHMIR | H4: District : | L4: Central : | N4: CONSOLIDATED | Q4: Patients registered during | U4: 1st Quarter | X4: of Year 2023
A6: Name of TB Coodinator/Facility incharge : | G6: ___________________________________________________ | Q6: Date of completion of this form : | V6: _______________________
A8: Block 1: | J8: New (N) | L8: Relapse ® | N8: Previous Treatment History Unknown (UK) | P8: N+R+UK | R8: Previously treated ( Excluding Relapse) | X8: Total
A9: All TB Cases Registered | R9: Treatment after failure | T9: Treatment after lost to follow-up | V9: Other previously treated
A11: Pulmonary, Bacteriologically Confermid | J11: 704 | L11: 39 | N11: 0 | P11: 743 | R11: 1 | T11: 0 | V11: 3 | X11: 747
A12: Pulmonary , Clinically Diagnosed | J12: 408 | L12: 4 | N12: 2 | P12: 414 | R12: 0 | T12: 0 | V12: 1 | X12: 415
A13: Extra Pulmonary, Bacteriologically Confermid | J13: 3 | L13: 0 | N13: 0 | P13: 3 | R13: 0 | T13: 0 | V13: 0 | X13: 3
A14: Extra Pulmonary , Clinically Diagnosed | J14: 351 | L14: 1 | N14: 1 | P14: 353 | R14: 0 | T14: 0 | V14: 3 | X14: 356
A15: Total | J15: 1466 | L15: 44 | N15: 3 | P15: 1513 | R15: 1 | T15: 0 | V15: 7 | X15: 1521
A16: Block 2: All New, Relapse and previous treatment history unknown Cases registered during the period by Age Group and Gender
H17: 0-4 | J17: 5-14 | L17: 15-24 | N17: 25-34 | P17: 35-44 | R17: 45-54 | T17: 55-64 | V17: 65 & Above | X17: Total
H18: M | I18: F | J18: M | K18: F | L18: M | M18: F | N18: M | O18: F | P18: M | Q18: F | R18: M | S18: F | T18: M | U18: F | V18: M | W18: F | X18: M | Y18: F
A19: Pulmonary, Bacteriologically Confermid | H19: 0 | I19: 0 | J19: 1 | K19: 11 | L19: 63 | M19: 72 | N19: 54 | O19: 59 | P19: 49 | Q19: 32 | R19: 51 | S19: 44 | T19: 82 | U19: 54 | V19: 102 | W19: 69 | X19: 402 | Y19: 341 | Z19: 743 | AA19: 4
A20: Pulmonary , Clinically Diagnosed | H20: 3 | I20: 3 | J20: 6 | K20: 6 | L20: 25 | M20: 40 | N20: 25 | O20: 30 | P20: 24 | Q20: 33 | R20: 26 | S20: 31 | T20: 37 | U20: 28 | V20: 55 | W20: 42 | X20: 201 | Y20: 213
A21: Extra Pulmonary, Bacteriologically Confermid | H21: 0 | I21: 0 | J21: 1 | K21: 0 | L21: 1 | M21: 0 | N21: 0 | O21: 1 | P21: 0 | Q21: 0 | R21: 0 | S21: 0 | T21: 0 | U21: 0 | V21: 0 | W21: 0 | X21: 2 | Y21: 1
A22: Extra Pulmonary , Clinically Diagnosed | H22: 8 | I22: 4 | J22: 9 | K22: 5 | L22: 29 | M22: 35 | N22: 35 | O22: 33 | P22: 27 | Q22: 19 | R22: 23 | S22: 25 | T22: 26 | U22: 21 | V22: 33 | W22: 21 | X22: 190 | Y22: 163
A23: Total | H23: 11 | I23: 7 | J23: 17 | K23: 22 | L23: 118 | M23: 147 | N23: 114 | O23: 123 | P23: 100 | Q23: 84 | R23: 100 | S23: 100 | T23: 145 | U23: 103 | V23: 190 | W23: 132 | X23: 795 | Y23: 718 | Z23: 1513 | AA23: 8
A25: Block 3: Presumptive TB Cases Identified Laboratory Diagnosis and use of WRD | M25: Block 4 : TB HIV Activities
A26: Total New OPD in Quarter | B26: No. of presumptive TB cases identified | C26: Presumptive Identified through Community Referrals (LHWs) | D26: No. of Presumptive TB Patients tested Using | F26: Among Presumptive TB cases tested number reported B+ | J26: Among all registered number of B+ TB Cases | K26: Amoung All (N+R+UK) number tested by Gene Xpert | M26: No. of TB patients tested for HIV | O26: TB Patients tested positive for HIV | Q26: HIV positive TB Patients put on ART
D27: AFB | E27: Xpert | F27: AFB | G27: Xpert | H27: AFB + Xpert | I27: G.Tot | M27: 0 | O27: 0 | Q27: 0
A28: 237228 | B28: 8301 | C28: 0 | D28: 9252 | E28: 0 | F28: 0 | G28: 0 | H28: 261 | I28: 835 | J28: 716 | K28: 623 | M28: HIV patient tested for TB | O28: HIV patients tested positive for TB | Q28: TB positive HIV patients put on TB Tx | T28: HIV positive TB -Ve patients on TPT
M29: 0 | O29: 0 | Q29: 0 | U29: 0-4 | W29: 5-14 | X29: 15 & above
T30: 6H | U30: 0 | W30: 0 | X30: 0
T31: 3HR | U31: 0 | W31: 0 | X31: 0
T32: 3 HP | U32: 0 | W32: 0 | X32: 0
A34: Block 5 : Bacteriologically Confermid TB Cases with DST Result | M34: Block 6 : Contact Tracing HH *
F35: Rifampicin | H35: Isoniazid | J35: Fluoroquninolone | M35: Total No. of HH of B+ PTB | O35: No. of HH contacts of B+ PTB Cases Screened | Q35: Amoung HH contact screened, No. of TB Cases diagnosed | S35: No. of HH Contacts Initiated on TPT | W35: HIV negative Immuno compromised on TPT
F36: Result | G36: Resistant | H36: Result | I36: Resistant | J36: Result | K36: Resistant | M36: <=5yrs | N36: >5yrs | O36: <=5yrs | P36: >5yrs | Q36: <=5yrs | R36: >5yrs | T36: 0-4 | U36: 5-14 | V36: 15+ | W36: 0-4 | X36: 5-14 | Y36: 15+
A37: New + UK | F37: 708 | G37: 1 | H37: 1 | I37: 0 | J37: 0 | K37: 0 | M37: 1642 | N37: 113 | O37: 769 | P37: 3804 | Q37: 7 | R37: 148 | S37: 6H | T37: 0 | U37: 0 | V37: 0 | W37: 0 | X37: 0 | Y37: 0
A38: Relapse | F38: 13 | G38: 0 | H38: 0 | I38: 0 | J38: 0 | K38: 0 | S38: 3HR | T38: 0 | U38: 0 | V38: 0 | W38: 0 | X38: 0 | Y38: 0
A39: Previously treated | F39: 0 | G39: 0 | H39: 0 | I39: 0 | J39: 0 | K39: 0 | S39: 3 HP | T39: 0 | U39: 0 | V39: 0 | W39: 0 | X39: 0 | Y39: 0
A40: Total | F40: 721 | G40: 1 | H40: 1 | I40: 0 | J40: 0 | K40: 0
A41: QUARTERLY REPORT ON TB CASES REGISTRATION
A42: INDIVIDUAL/CONSOLIDATED (TICK ONE) | U42: TB - 07
A43: Name of TB Care Facility (BMU) : | E43: AZAD KASHMIR | H43: District : | J43: 0 | L43: Central : | N43: CONSOLIDATED | Q43: Patients registered during | U43: 2nd Quarter | X43: of Year 2023
A45: Name of TB Coodinator/Facility incharge : | G45: ___________________________________________________ | Q45: Date of completion of this form : | V45: _______________________
A47: Block 1: | J47: New (N) | L47: Relapse ® | N47: Previous Treatment History Unknown (UK) | P47: N+R+UK | R47: Previously treated ( Excluding Relapse) | X47: Total
A48: All TB Cases Registered | R48: Treatment after failure | T48: Treatment after lost to follow-up | V48: Other previously treated
A50: Pulmonary, Bacteriologically Confermid | J50: 768 | L50: 45 | N50: 0 | P50: 813 | R50: 0 | T50: 1 | V50: 0 | X50: 814
A51: Pulmonary , Clinically Diagnosed | J51: 417 | L51: 3 | N51: 0 | P51: 420 | R51: 0 | T51: 0 | V51: 7 | X51: 427
A52: Extra Pulmonary, Bacteriologically Confermid | J52: 0 | L52: 0 | N52: 0 | P52: 0 | R52: 0 | T52: 0 | V52: 0 | X52: 0
A53: Extra Pulmonary , Clinically Diagnosed | J53: 439 | L53: 1 | N53: 2 | P53: 442 | R53: 0 | T53: 0 | V53: 2 | X53: 444
A54: Total | J54: 1624 | L54: 49 | N54: 2 | P54: 1675 | R54: 0 | T54: 1 | V54: 9 | X54: 1685
A55: Block 2: All New, Relapse and previous treatment history unknown Cases registered during the period by Age Group and Gender
H56: 0-4 | J56: 5-14 | L56: 15-24 | N56: 25-34 | P56: 35-44 | R56: 45-54 | T56: 55-64 | V56: 65 & Above | X56: Total
H57: M | I57: F | J57: M | K57: F | L57: M | M57: F | N57: M | O57: F | P57: M | Q57: F | R57: M | S57: F | T57: M | U57: F | V57: M | W57: F | X57: M | Y57: F
A58: Pulmonary, Bacteriologically Confermid | H58: 5 | I58: 0 | J58: 7 | K58: 27 | L58: 76 | M58: 86 | N58: 55 | O58: 61 | P58: 47 | Q58: 38 | R58: 55 | S58: 54 | T58: 73 | U58: 61 | V58: 100 | W58: 69 | X58: 418 | Y58: 396
A59: Pulmonary , Clinically Diagnosed | H59: 5 | I59: 6 | J59: 11 | K59: 17 | L59: 24 | M59: 32 | N59: 29 | O59: 25 | P59: 29 | Q59: 26 | R59: 33 | S59: 27 | T59: 33 | U59: 39 | V59: 58 | W59: 32 | X59: 222 | Y59: 204
A60: Extra Pulmonary, Bacteriologically Confermid | H60: 0 | I60: 0 | J60: 0 | K60: 0 | L60: 0 | M60: 0 | N60: 0 | O60: 0 | P60: 0 | Q60: 0 | R60: 0 | S60: 0 | T60: 0 | U60: 0 | V60: 0 | W60: 0 | X60: 0 | Y60: 0
A61: Extra Pulmonary , Clinically Diagnosed | H61: 4 | I61: 5 | J61: 15 | K61: 16 | L61: 48 | M61: 37 | N61: 45 | O61: 40 | P61: 25 | Q61: 36 | R61: 28 | S61: 27 | T61: 34 | U61: 17 | V61: 36 | W61: 29 | X61: 235 | Y61: 207
A62: Total | H62: 14 | I62: 11 | J62: 33 | K62: 60 | L62: 148 | M62: 155 | N62: 129 | O62: 126 | P62: 101 | Q62: 100 | R62: 116 | S62: 108 | T62: 140 | U62: 117 | V62: 194 | W62: 130 | X62: 875 | Y62: 807
A64: Block 3: Presumptive TB Cases Identified Laboratory Diagnosis and use of WRD | M64: Block 4 : TB HIV Activities
A65: Total New OPD in Quarter | B65: No. of presumptive TB cases identified | C65: Presumptive Identified through Community Referrals (LHWs) | D65: No. of Presumptive TB Patients tested Using | F65: Among Presumptive TB cases tested number reported B+ | J65: Among all registered number of B+ TB Cases | K65: Amoung All (N+R+UK) number tested by Gene Xpert | M65: No. of TB patients tested for HIV | O65: TB Patients tested positive for HIV | Q65: HIV positive TB Patients put on ART
D66: AFB | E66: Xpert | F66: AFB | G66: Xpert | H66: AFB + Xpert | I66: G.Tot | M66: 0 | O66: 0 | Q66: 0
A67: 296432 | B67: 9485 | C67: 1648 | D67: 4172 | E67: 5583 | F67: 0 | G67: 0 | H67: 905 | I67: 905 | J67: 813 | K67: 1381 | M67: HIV patient tested for TB | O67: HIV patients tested positive for TB | Q67: TB positive HIV patients put on TB Tx | T67: HIV positive TB -Ve patients on TPT
M68: 0 | O68: 0 | Q68: 0 | U68: 0-4 | W68: 5-14 | X68: 15 & above
T69: 6H | U69: 0 | W69: 0 | X69: 0
T70: 3HR | U70: 0 | W70: 0 | X70: 0
T71: 3 HP | U71: 0 | W71: 0 | X71: 0
A73: Block 5 : Bacteriologically Confermid TB Cases with DST Result | M73: Block 6 : Contact Tracing HH *
F74: Rifampicin | H74: Isoniazid | J74: Fluoroquninolone | M74: Total No. of HH of B+ PTB | O74: No. of HH contacts of B+ PTB Cases Screened | Q74: Amoung HH contact screened, No. of TB Cases diagnosed | S74: No. of HH Contacts Initiated on TPT | W74: HIV negative Immuno compromised on TPT
F75: Result | G75: Resistant | H75: Result | I75: Resistant | J75: Result | K75: Resistant | M75: <=5yrs | N75: >5yrs | O75: <=5yrs | P75: >5yrs | Q75: <=5yrs | R75: >5yrs | T75: 0-4 | U75: 5-14 | V75: 15+ | W75: 0-4 | X75: 5-14 | Y75: 15+
A76: New + UK | F76: 793 | G76: 0 | H76: 0 | I76: 1 | J76: 0 | K76: 0 | M76: 1101 | N76: 4501 | O76: 930 | P76: 4096 | Q76: 12 | R76: 202 | S76: 6H | T76: 0 | U76: 0 | V76: 0 | W76: 0 | X76: 0 | Y76: 0
A77: Relapse | F77: 0 | G77: 0 | H77: 0 | I77: 0 | J77: 0 | K77: 0 | S77: 3HR | T77: 0 | U77: 0 | V77: 0 | W77: 0 | X77: 0 | Y77: 0
A78: Previously treated | F78: 0 | G78: 0 | H78: 0 | I78: 0 | J78: 0 | K78: 0 | S78: 3 HP | T78: 0 | U78: 0 | V78: 66 | W78: 0 | X78: 0 | Y78: 0
A79: Total | F79: 793 | G79: 0 | H79: 0 | I79: 1 | J79: 0 | K79: 0
A80: QUARTERLY REPORT ON TB CASES REGISTRATION
A81: INDIVIDUAL/CONSOLIDATED (TICK ONE) | U81: TB - 07
A82: Name of TB Care Facility (BMU) : | E82: AZAD KASHMIR | H82: District : | J82: 0 | L82: Central : | N82: CONSOLIDATED | Q82: Patients registered during | U82: 3rd Quarter | X82: of Year 2023
A84: Name of TB Coodinator/Facility incharge : | G84: ___________________________________________________ | Q84: Date of completion of this form : | V84: _______________________
A86: Block 1: | J86: New (N) | L86: Relapse ® | N86: Previous Treatment History Unknown (UK) | P86: N+R+UK | R86: Previously treated ( Excluding Relapse) | X86: Total
A87: All TB Cases Registered | R87: Treatment after failure | T87: Treatment after lost to follow-up | V87: Other previously treated
A89: Pulmonary, Bacteriologically Confermid | J89: 788 | L89: 60 | N89: 0 | P89: 848 | R89: 1 | T89: 0 | V89: 0 | X89: 849
A90: Pulmonary , Clinically Diagnosed | J90: 481 | L90: 15 | N90: 1 | P90: 497 | R90: 0 | T90: 0 | V90: 3 | X90: 500
A91: Extra Pulmonary, Bacteriologically Confermid | J91: 0 | L91: 0 | N91: 0 | P91: 0 | R91: 0 | T91: 0 | V91: 0 | X91: 0
A92: Extra Pulmonary , Clinically Diagnosed | J92: 454 | L92: 4 | N92: 1 | P92: 459 | R92: 0 | T92: 0 | V92: 2 | X92: 461
A93: Total | J93: 1723 | L93: 79 | N93: 2 | P93: 1804 | R93: 1 | T93: 0 | V93: 5 | X93: 1810
A94: Block 2: All New, Relapse and previous treatment history unknown Cases registered during the period by Age Group and Gender
H95: 0-4 | J95: 5-14 | L95: 15-24 | N95: 25-34 | P95: 35-44 | R95: 45-54 | T95: 55-64 | V95: 65 & Above | X95: Total
H96: M | I96: F | J96: M | K96: F | L96: M | M96: F | N96: M | O96: F | P96: M | Q96: F | R96: M | S96: F | T96: M | U96: F | V96: M | W96: F | X96: M | Y96: F
A97: Pulmonary, Bacteriologically Confermid | H97: 1 | I97: 2 | J97: 7 | K97: 21 | L97: 45 | M97: 95 | N97: 59 | O97: 66 | P97: 60 | Q97: 45 | R97: 50 | S97: 47 | T97: 56 | U97: 61 | V97: 124 | W97: 109 | X97: 402 | Y97: 446
A98: Pulmonary , Clinically Diagnosed | H98: 5 | I98: 4 | J98: 12 | K98: 19 | L98: 26 | M98: 41 | N98: 39 | O98: 27 | P98: 32 | Q98: 26 | R98: 34 | S98: 34 | T98: 38 | U98: 37 | V98: 66 | W98: 58 | X98: 252 | Y98: 246
A99: Extra Pulmonary, Bacteriologically Confermid | H99: 0 | I99: 0 | J99: 0 | K99: 0 | L99: 0 | M99: 0 | N99: 0 | O99: 0 | P99: 0 | Q99: 0 | R99: 0 | S99: 0 | T99: 0 | U99: 0 | V99: 0 | W99: 0 | X99: 0 | Y99: 0
A100: Extra Pulmonary , Clinically Diagnosed | H100: 6 | I100: 2 | J100: 10 | K100: 14 | L100: 40 | M100: 60 | N100: 37 | O100: 36 | P100: 23 | Q100: 30 | R100: 28 | S100: 19 | T100: 43 | U100: 18 | V100: 66 | W100: 31 | X100: 253 | Y100: 210
A101: Total | H101: 12 | I101: 8 | J101: 29 | K101: 54 | L101: 111 | M101: 196 | N101: 135 | O101: 129 | P101: 115 | Q101: 101 | R101: 112 | S101: 100 | T101: 137 | U101: 116 | V101: 256 | W101: 198 | X101: 907 | Y101: 902
A103: Block 3: Presumptive TB Cases Identified Laboratory Diagnosis and use of WRD | M103: Block 4 : TB HIV Activities
A104: Total New OPD in Quarter | B104: No. of presumptive TB cases identified | C104: Presumptive Identified through Community Referrals (LHWs) | D104: No. of Presumptive TB Patients tested Using | F104: Among Presumptive TB cases tested number reported B+ | J104: Among all registered number of B+ TB Cases | K104: Amoung All (N+R+UK) number tested by Gene Xpert | M104: No. of TB patients tested for HIV | O104: TB Patients tested positive for HIV | Q104: HIV positive TB Patients put on ART
D105: AFB | E105: Xpert | F105: AFB | G105: Xpert | H105: AFB + Xpert | I105: G.Tot | M105: 0 | O105: 0 | Q105: 0
A106: 312649 | B106: 10205 | C106: 1123 | D106: 6346 | E106: 5235 | F106: 0 | G106: 0 | H106: 786 | I106: 786 | J106: 817 | K106: 1160 | M106: HIV patient tested for TB | O106: HIV patients tested positive for TB | Q106: TB positive HIV patients put on TB Tx | T106: HIV positive TB -Ve patients on TPT
M107: 0 | O107: 0 | Q107: 0 | U107: 0-4 | W107: 5-14 | X107: 15 & above
T108: 6H | U108: 0 | W108: 0 | X108: 0
T109: 3HR | U109: 0 | W109: 0 | X109: 0
T110: 3 HP | U110: 0 | W110: 0 | X110: 0
A112: Block 5 : Bacteriologically Confermid TB Cases with DST Result | M112: Block 6 : Contact Tracing HH *
F113: Rifampicin | H113: Isoniazid | J113: Fluoroquninolone | M113: Total No. of HH of B+ PTB | O113: No. of HH contacts of B+ PTB Cases Screened | Q113: Amoung HH contact screened, No. of TB Cases diagnosed | S113: No. of HH Contacts Initiated on TPT | W113: HIV negative Immuno compromised on TPT
F114: Result | G114: Resistant | H114: Result | I114: Resistant | J114: Result | K114: Resistant | M114: <=5yrs | N114: >5yrs | O114: <=5yrs | P114: >5yrs | Q114: <=5yrs | R114: >5yrs | T114: 0-4 | U114: 5-14 | V114: 15+ | W114: 0-4 | X114: 5-14 | Y114: 15+
A115: New + UK | F115: 694 | G115: 5 | H115: 0 | I115: 0 | J115: 0 | K115: 0 | M115: 1007 | N115: 4487 | O115: 913 | P115: 4131 | Q115: 14 | R115: 155 | S115: 6H | T115: 1 | U115: 4 | V115: 0 | W115: 0 | X115: 0 | Y115: 0
A116: Relapse | F116: 0 | G116: 0 | H116: 0 | I116: 0 | J116: 0 | K116: 0 | S116: 3HR | T116: 0 | U116: 0 | V116: 0 | W116: 0 | X116: 0 | Y116: 0
...

Sheet KPK
A2: QUARTERLY REPORT ON TB CASES REGISTRATION
A3: INDIVIDUAL/CONSOLIDATED (TICK ONE) | U3: TB - 07
A4: Name of TB Care Facility (BMU) : | E4: Khyber Pukhtunkhwa | H4: District : | L4: Central : | N4: CONSOLIDATED | Q4: Patients registered during | U4: 1st Quarter | X4: of Year 2023
A6: Name of TB Coodinator/Facility incharge : | G6: ___________________________________________________ | Q6: Date of completion of this form : | V6: _______________________
A8: Block 1: | J8: New (N) | L8: Relapse ® | N8: Previous Treatment History Unknown (UK) | P8: N+R+UK | R8: Previously treated ( Excluding Relapse) | X8: Total
A9: All TB Cases Registered | R9: Treatment after failure | T9: Treatment after lost to follow-up | V9: Other previously treated
A11: Pulmonary, Bacteriologically Confermid | J11: 34 | L11: 3 | N11: 0 | P11: 37 | R11: 0 | T11: 0 | V11: 0 | X11: 37
A12: Pulmonary , Clinically Diagnosed | J12: 27 | L12: 0 | N12: 0 | P12: 27 | R12: 0 | T12: 0 | V12: 0 | X12: 27
A13: Extra Pulmonary, Bacteriologically Confermid | J13: 0 | L13: 0 | N13: 0 | P13: 0 | R13: 0 | T13: 0 | V13: 0 | X13: 0
A14: Extra Pulmonary , Clinically Diagnosed | J14: 27 | L14: 0 | N14: 0 | P14: 27 | R14: 0 | T14: 0 | V14: 0 | X14: 27
A15: Total | J15: 88 | L15: 3 | N15: 0 | P15: 91 | R15: 0 | T15: 0 | V15: 0 | X15: 91
A16: Block 2: All New, Relapse and previous treatment history unknown Cases registered during the period by Age Group and Gender
H17: 0-4 | J17: 5-14 | L17: 15-24 | N17: 25-34 | P17: 35-44 | R17: 45-54 | T17: 55-64 | V17: 65 & Above | X17: Total
H18: M | I18: F | J18: M | K18: F | L18: M | M18: F | N18: M | O18: F | P18: M | Q18: F | R18: M | S18: F | T18: M | U18: F | V18: M | W18: F | X18: M | Y18: F
A19: Pulmonary, Bacteriologically Confermid | H19: 0 | I19: 0 | J19: 0 | K19: 0 | L19: 4 | M19: 1 | N19: 7 | O19: 3 | P19: 4 | Q19: 5 | R19: 1 | S19: 2 | T19: 4 | U19: 3 | V19: 1 | W19: 2 | X19: 21 | Y19: 16
A20: Pulmonary , Clinically Diagnosed | H20: 0 | I20: 0 | J20: 0 | K20: 3 | L20: 0 | M20: 2 | N20: 2 | O20: 3 | P20: 8 | Q20: 1 | R20: 0 | S20: 1 | T20: 2 | U20: 0 | V20: 3 | W20: 2 | X20: 15 | Y20: 12
A21: Extra Pulmonary, Bacteriologically Confermid | H21: 0 | I21: 0 | J21: 0 | K21: 0 | L21: 0 | M21: 0 | N21: 0 | O21: 0 | P21: 0 | Q21: 0 | R21: 0 | S21: 0 | T21: 0 | U21: 0 | V21: 0 | W21: 0 | X21: 0 | Y21: 0
A22: Extra Pulmonary , Clinically Diagnosed | H22: 0 | I22: 0 | J22: 6 | K22: 1 | L22: 6 | M22: 4 | N22: 2 | O22: 0 | P22: 0 | Q22: 1 | R22: 2 | S22: 1 | T22: 2 | U22: 0 | V22: 2 | W22: 0 | X22: 20 | Y22: 7
A23: Total | H23: 0 | I23: 0 | J23: 6 | K23: 4 | L23: 10 | M23: 7 | N23: 11 | O23: 6 | P23: 12 | Q23: 7 | R23: 3 | S23: 4 | T23: 8 | U23: 3 | V23: 6 | W23: 4 | X23: 56 | Y23: 35
A25: Block 3: Presumptive TB Cases Identified Laboratory Diagnosis and use of WRD | M25: Block 4 : TB HIV Activities
A26: Total New OPD in Quarter | B26: No. of presumptive TB cases identified | C26: Presumptive Identified through Community Referrals (LHWs) | D26: No. of Presumptive TB Patients tested Using | F26: Among Presumptive TB cases tested number reported B+ | J26: Among all registered number of B+ TB Cases | K26: Amoung All (N+R+UK) number tested by Gene Xpert | M26: No. of TB patients tested for HIV | O26: TB Patients tested positive for HIV | Q26: HIV positive TB Patients put on ART
D27: AFB | E27: Xpert | F27: AFB | G27: Xpert | H27: AFB + Xpert | I27: G.Tot | M27: 0 | O27: 0 | Q27: 0
A28: 556 | B28: 208 | C28: 98 | D28: 123 | E28: 0 | F28: 24 | G28: 0 | H28: 0 | I28: 0 | J28: 23 | K28: 1 | M28: HIV patient tested for TB | O28: HIV patients tested positive for TB | Q28: TB positive HIV patients put on TB Tx | T28: HIV positive TB -Ve patients on TPT
M29: 0 | O29: 0 | Q29: 0 | U29: 0-4 | W29: 5-14 | X29: 15 & above
T30: 6H | U30: 0 | W30: 0 | X30: 0
T31: 3HR | U31: 0 | W31: 0 | X31: 0
T32: 3 HP | U32: 0 | W32: 0 | X32: 0
A34: Block 5 : Bacteriologically Confermid TB Cases with DST Result | M34: Block 6 : Contact Tracing HH *
F35: Rifampicin | H35: Isoniazid | J35: Fluoroquninolone | M35: Total No. of HH of B+ PTB | O35: No. of HH contacts of B+ PTB Cases Screened | Q35: Amoung HH contact screened, No. of TB Cases diagnosed | S35: No. of HH Contacts Initiated on TPT | W35: HIV negative Immuno compromised on TPT
F36: Result | G36: Resistant | H36: Result | I36: Resistant | J36: Result | K36: Resistant | M36: <=5yrs | N36: >5yrs | O36: <=5yrs | P36: >5yrs | Q36: <=5yrs | R36: >5yrs | T36: 0-4 | U36: 5-14 | V36: 15+ | W36: 0-4 | X36: 5-14 | Y36: 15+
A37: New + UK | F37: 0 | G37: 0 | H37: 0 | I37: 0 | J37: 0 | K37: 0 | M37: 0 | N37: 530 | O37: 0 | P37: 35 | Q37: 0 | R37: 12 | S37: 6H | T37: 0 | U37: 0 | V37: 0 | W37: 0 | X37: 0 | Y37: 0
A38: Relapse | F38: 0 | G38: 0 | H38: 0 | I38: 0 | J38: 0 | K38: 0 | S38: 3HR | T38: 0 | U38: 0 | V38: 0 | W38: 0 | X38: 0 | Y38: 0
A39: Previously treated | F39: 0 | G39: 0 | H39: 0 | I39: 0 | J39: 0 | K39: 0 | S39: 3 HP | T39: 0 | U39: 0 | V39: 0 | W39: 0 | X39: 0 | Y39: 0
A40: Total | F40: 0 | G40: 0 | H40: 0 | I40: 0 | J40: 0 | K40: 0
A41: QUARTERLY REPORT ON TB CASES REGISTRATION
A42: INDIVIDUAL/CONSOLIDATED (TICK ONE) | U42: TB - 07
A43: Name of TB Care Facility (BMU) : | E43: Khyber Pukhtunkhwa | H43: District : | J43: 0 | L43: Central : | N43: CONSOLIDATED | Q43: Patients registered during | U43: 2nd Quarter | X43: of Year 2023
A45: Name of TB Coodinator/Facility incharge : | G45: ___________________________________________________ | Q45: Date of completion of this form : | V45: _______________________
A47: Block 1: | J47: New (N) | L47: Relapse ® | N47: Previous Treatment History Unknown (UK) | P47: N+R+UK | R47: Previously treated ( Excluding Relapse) | X47: Total
A48: All TB Cases Registered | R48: Treatment after failure | T48: Treatment after lost to follow-up | V48: Other previously treated
A50: Pulmonary, Bacteriologically Confermid | J50: 29 | L50: 2 | N50: 0 | P50: 31 | R50: 0 | T50: 0 | V50: 0 | X50: 31
A51: Pulmonary , Clinically Diagnosed | J51: 32 | L51: 0 | N51: 0 | P51: 32 | R51: 0 | T51: 0 | V51: 0 | X51: 32
A52: Extra Pulmonary, Bacteriologically Confermid | J52: 0 | L52: 0 | N52: 0 | P52: 0 | R52: 0 | T52: 0 | V52: 0 | X52: 0
A53: Extra Pulmonary , Clinically Diagnosed | J53: 44 | L53: 0 | N53: 0 | P53: 44 | R53: 0 | T53: 0 | V53: 0 | X53: 44
A54: Total | J54: 105 | L54: 2 | N54: 0 | P54: 107 | R54: 0 | T54: 0 | V54: 0 | X54: 107
A55: Block 2: All New, Relapse and previous treatment history unknown Cases registered during the period by Age Group and Gender
H56: 0-4 | J56: 5-14 | L56: 15-24 | N56: 25-34 | P56: 35-44 | R56: 45-54 | T56: 55-64 | V56: 65 & Above | X56: Total
H57: M | I57: F | J57: M | K57: F | L57: M | M57: F | N57: M | O57: F | P57: M | Q57: F | R57: M | S57: F | T57: M | U57: F | V57: M | W57: F | X57: M | Y57: F
A58: Pulmonary, Bacteriologically Confermid | H58: 0 | I58: 0 | J58: 0 | K58: 0 | L58: 3 | M58: 5 | N58: 7 | O58: 1 | P58: 2 | Q58: 1 | R58: 4 | S58: 2 | T58: 3 | U58: 0 | V58: 1 | W58: 2 | X58: 20 | Y58: 11
A59: Pulmonary , Clinically Diagnosed | H59: 0 | I59: 0 | J59: 0 | K59: 1 | L59: 4 | M59: 4 | N59: 4 | O59: 6 | P59: 0 | Q59: 1 | R59: 2 | S59: 5 | T59: 2 | U59: 1 | V59: 1 | W59: 1 | X59: 13 | Y59: 19
A60: Extra Pulmonary, Bacteriologically Confermid | H60: 0 | I60: 0 | J60: 0 | K60: 0 | L60: 0 | M60: 0 | N60: 0 | O60: 0 | P60: 0 | Q60: 0 | R60: 0 | S60: 0 | T60: 0 | U60: 0 | V60: 0 | W60: 0 | X60: 0 | Y60: 0
A61: Extra Pulmonary , Clinically Diagnosed | H61: 1 | I61: 1 | J61: 13 | K61: 6 | L61: 6 | M61: 2 | N61: 4 | O61: 0 | P61: 1 | Q61: 0 | R61: 1 | S61: 1 | T61: 2 | U61: 1 | V61: 2 | W61: 3 | X61: 30 | Y61: 14
A62: Total | H62: 1 | I62: 1 | J62: 13 | K62: 7 | L62: 13 | M62: 11 | N62: 15 | O62: 7 | P62: 3 | Q62: 2 | R62: 7 | S62: 8 | T62: 7 | U62: 2 | V62: 4 | W62: 6 | X62: 63 | Y62: 44
A64: Block 3: Presumptive TB Cases Identified Laboratory Diagnosis and use of WRD | M64: Block 4 : TB HIV Activities
A65: Total New OPD in Quarter | B65: No. of presumptive TB cases identified | C65: Presumptive Identified through Community Referrals (LHWs) | D65: No. of Presumptive TB Patients tested Using | F65: Among Presumptive TB cases tested number reported B+ | J65: Among all registered number of B+ TB Cases | K65: Amoung All (N+R+UK) number tested by Gene Xpert | M65: No. of TB patients tested for HIV | O65: TB Patients tested positive for HIV | Q65: HIV positive TB Patients put on ART
D66: AFB | E66: Xpert | F66: AFB | G66: Xpert | H66: AFB + Xpert | I66: G.Tot | M66: 0 | O66: 0 | Q66: 0
A67: 634 | B67: 140 | C67: 0 | D67: 23 | E67: 61 | F67: 0 | G67: 0 | H67: 5 | I67: 31 | J67: 31 | K67: 23 | M67: HIV patient tested for TB | O67: HIV patients tested positive for TB | Q67: TB positive HIV patients put on TB Tx | T67: HIV positive TB -Ve patients on TPT
M68: 0 | O68: 0 | Q68: 0 | U68: 0-4 | W68: 5-14 | X68: 15 & above
T69: 6H | U69: 0 | W69: 0 | X69: 0
T70: 3HR | U70: 0 | W70: 0 | X70: 0
T71: 3 HP | U71: 0 | W71: 0 | X71: 0
A73: Block 5 : Bacteriologically Confermid TB Cases with DST Result | M73: Block 6 : Contact Tracing HH *
F74: Rifampicin | H74: Isoniazid | J74: Fluoroquninolone | M74: Total No. of HH of B+ PTB | O74: No. of HH contacts of B+ PTB Cases Screened | Q74: Amoung HH contact screened, No. of TB Cases diagnosed | S74: No. of HH Contacts Initiated on TPT | W74: HIV negative Immuno compromised on TPT
F75: Result | G75: Resistant | H75: Result | I75: Resistant | J75: Result | K75: Resistant | M75: <=5yrs | N75: >5yrs | O75: <=5yrs | P75: >5yrs | Q75: <=5yrs | R75: >5yrs | T75: 0-4 | U75: 5-14 | V75: 15+ | W75: 0-4 | X75: 5-14 | Y75: 15+
A76: New + UK | F76: 0 | G76: 0 | H76: 0 | I76: 0 | J76: 0 | K76: 0 | M76: 12 | N76: 69 | O76: 66 | P76: 10 | Q76: 14 | R76: 0 | S76: 6H | T76: 0 | U76: 0 | V76: 0 | W76: 0 | X76: 0 | Y76: 0
A77: Relapse | F77: 0 | G77: 0 | H77: 0 | I77: 0 | J77: 0 | K77: 0 | S77: 3HR | T77: 0 | U77: 0 | V77: 0 | W77: 0 | X77: 0 | Y77: 0
A78: Previously treated | F78: 0 | G78: 0 | H78: 0 | I78: 0 | J78: 0 | K78: 0 | S78: 3 HP | T78: 0 | U78: 0 | V78: 0 | W78: 0 | X78: 0 | Y78: 0
A79: Total | F79: 0 | G79: 0 | H79: 0 | I79: 0 | J79: 0 | K79: 0
A80: QUARTERLY REPORT ON TB CASES REGISTRATION
A81: INDIVIDUAL/CONSOLIDATED (TICK ONE) | U81: TB - 07
A82: Name of TB Care Facility (BMU) : | E82: Khyber Pukhtunkhwa | H82: District : | J82: 0 | L82: Central : | N82: CONSOLIDATED | Q82: Patients registered during | U82: 3rd Quarter | X82: of Year 2023
A84: Name of TB Coodinator/Facility incharge : | G84: ___________________________________________________ | Q84: Date of completion of this form : | V84: _______________________
A86: Block 1: | J86: New (N) | L86: Relapse ® | N86: Previous Treatment History Unknown (UK) | P86: N+R+UK | R86: Previously treated ( Excluding Relapse) | X86: Total
A87: All TB Cases Registered | R87: Treatment after failure | T87: Treatment after lost to follow-up | V87: Other previously treated
A89: Pulmonary, Bacteriologically Confermid | J89: 34 | L89: 1 | N89: 0 | P89: 35 | R89: 0 | T89: 0 | V89: 0 | X89: 35
A90: Pulmonary , Clinically Diagnosed | J90: 30 | L90: 0 | N90: 0 | P90: 30 | R90: 0 | T90: 0 | V90: 0 | X90: 30
A91: Extra Pulmonary, Bacteriologically Confermid | J91: 0 | L91: 0 | N91: 0 | P91: 0 | R91: 0 | T91: 0 | V91: 0 | X91: 0
A92: Extra Pulmonary , Clinically Diagnosed | J92: 42 | L92: 1 | N92: 0 | P92: 43 | R92: 0 | T92: 0 | V92: 0 | X92: 43
A93: Total | J93: 106 | L93: 2 | N93: 0 | P93: 108 | R93: 0 | T93: 0 | V93: 0 | X93: 108
A94: Block 2: All New, Relapse and previous treatment history unknown Cases registered during the period by Age Group and Gender
H95: 0-4 | J95: 5-14 | L95: 15-24 | N95: 25-34 | P95: 35-44 | R95: 45-54 | T95: 55-64 | V95: 65 & Above | X95: Total
H96: M | I96: F | J96: M | K96: F | L96: M | M96: F | N96: M | O96: F | P96: M | Q96: F | R96: M | S96: F | T96: M | U96: F | V96: M | W96: F | X96: M | Y96: F
A97: Pulmonary, Bacteriologically Confermid | H97: 0 | I97: 0 | J97: 0 | K97: 2 | L97: 3 | M97: 3 | N97: 5 | O97: 1 | P97: 5 | Q97: 6 | R97: 1 | S97: 1 | T97: 1 | U97: 1 | V97: 3 | W97: 3 | X97: 18 | Y97: 17
A98: Pulmonary , Clinically Diagnosed | H98: 1 | I98: 0 | J98: 2 | K98: 3 | L98: 5 | M98: 3 | N98: 4 | O98: 3 | P98: 2 | Q98: 3 | R98: 1 | S98: 1 | T98: 1 | U98: 1 | V98: 0 | W98: 0 | X98: 16 | Y98: 14
A99: Extra Pulmonary, Bacteriologically Confermid | H99: 0 | I99: 0 | J99: 0 | K99: 0 | L99: 0 | M99: 0 | N99: 0 | O99: 0 | P99: 0 | Q99: 0 | R99: 0 | S99: 0 | T99: 0 | U99: 0 | V99: 0 | W99: 0 | X99: 0 | Y99: 0
A100: Extra Pulmonary , Clinically Diagnosed | H100: 4 | I100: 5 | J100: 7 | K100: 5 | L100: 5 | M100: 3 | N100: 2 | O100: 2 | P100: 2 | Q100: 2 | R100: 1 | S100: 1 | T100: 2 | U100: 1 | V100: 1 | W100: 0 | X100: 24 | Y100: 19
A101: Total | H101: 5 | I101: 5 | J101: 9 | K101: 10 | L101: 13 | M101: 9 | N101: 11 | O101: 6 | P101: 9 | Q101: 11 | R101: 3 | S101: 3 | T101: 4 | U101: 3 | V101: 4 | W101: 3 | X101: 58 | Y101: 50
A103: Block 3: Presumptive TB Cases Identified Laboratory Diagnosis and use of WRD | M103: Block 4 : TB HIV Activities
A104: Total New OPD in Quarter | B104: No. of presumptive TB cases identified | C104: Presumptive Identified through Community Referrals (LHWs) | D104: No. of Presumptive TB Patients tested Using | F104: Among Presumptive TB cases tested number reported B+ | J104: Among all registered number of B+ TB Cases | K104: Amoung All (N+R+UK) number tested by Gene Xpert | M104: No. of TB patients tested for HIV | O104: TB Patients tested positive for HIV | Q104: HIV positive TB Patients put on ART
D105: AFB | E105: Xpert | F105: AFB | G105: Xpert | H105: AFB + Xpert | I105: G.Tot | M105: 0 | O105: 0 | Q105: 0
A106: 690 | B106: 173 | C106: 12 | D106: 112 | E106: 83 | F106: 7 | G106: 14 | H106: 14 | I106: 37 | J106: 35 | K106: 83 | M106: HIV patient tested for TB | O106: HIV patients tested positive for TB | Q106: TB positive HIV patients put on TB Tx | T106: HIV positive TB -Ve patients on TPT
M107: 0 | O107: 0 | Q107: 0 | U107: 0-4 | W107: 5-14 | X107: 15 & above
T108: 6H | U108: 0 | W108: 0 | X108: 0
T109: 3HR | U109: 0 | W109: 0 | X109: 0
T110: 3 HP | U110: 0 | W110: 0 | X110: 0
A112: Block 5 : Bacteriologically Confermid TB Cases with DST Result | M112: Block 6 : Contact Tracing HH *
F113: Rifampicin | H113: Isoniazid | J113: Fluoroquninolone | M113: Total No. of HH of B+ PTB | O113: No. of HH contacts of B+ PTB Cases Screened | Q113: Amoung HH contact screened, No. of TB Cases diagnosed | S113: No. of HH Contacts Initiated on TPT | W113: HIV negative Immuno compromised on TPT
F114: Result | G114: Resistant | H114: Result | I114: Resistant | J114: Result | K114: Resistant | M114: <=5yrs | N114: >5yrs | O114: <=5yrs | P114: >5yrs | Q114: <=5yrs | R114: >5yrs | T114: 0-4 | U114: 5-14 | V114: 15+ | W114: 0-4 | X114: 5-14 | Y114: 15+
A115: New + UK | F115: 31 | G115: 0 | H115: 0 | I115: 0 | J115: 0 | K115: 0 | M115: 94 | N115: 430 | O115: 0 | P115: 75 | Q115: 2 | R115: 15 | S115: 6H | T115: 0 | U115: 0 | V115: 0 | W115: 0 | X115: 0 | Y115: 0
A116: Relapse | F116: 0 | G116: 0 | H116: 0 | I116: 0 | J116: 0 | K116: 0 | S116: 3HR | T116: 0 | U116: 0 | V116: 0 | W116: 0 | X116: 0 | Y116: 0
...

Sheet All Project Total - 2023
A2: QUARTERLY REPORT ON TB CASES REGISTRATION
A3: INDIVIDUAL/CONSOLIDATED (TICK ONE) | U3: TB - 07
A4: Name of TB Care Facility (BMU) : | E4: All Project Total | H4: District : | L4: Central : | N4: CONSOLIDATED | Q4: Patients registered during | U4: 1st Quarter | X4: of Year 2023
A6: Name of TB Coodinator/Facility incharge : | G6: ___________________________________________________ | Q6: Date of completion of this form : | V6: _______________________
A8: Block 1: | J8: New (N) | L8: Relapse ® | N8: Previous Treatment History Unknown (UK) | P8: N+R+UK | R8: Previously treated ( Excluding Relapse) | X8: Total
A9: All TB Cases Registered | R9: Treatment after failure | T9: Treatment after lost to follow-up | V9: Other previously treated
A11: Pulmonary, Bacteriologically Confermid | J11: =MPR!J11+KARACHI!J11+SINDH!J11+'GILGIT -BALTISTAN'!J11+'AZAD - KASHMIR'!J11+KPK!J11 -> 1013 | L11: =MPR!L11+KARACHI!L11+SINDH!L11+'GILGIT -BALTISTAN'!L11+'AZAD - KASHMIR'!L11+KPK!L11 -> 65 | N11: =MPR!N11+KARACHI!N11+SINDH!N11+'GILGIT -BALTISTAN'!N11+'AZAD - KASHMIR'!N11+KPK!N11 -> 0 | P11: =SUM(J11+L11+N11) -> 1078 | R11: =MPR!R11+KARACHI!R11+SINDH!R11+'GILGIT -BALTISTAN'!R11+'AZAD - KASHMIR'!R11+KPK!R11 -> 1 | T11: =MPR!T11+KARACHI!T11+SINDH!T11+'GILGIT -BALTISTAN'!T11+'AZAD - KASHMIR'!T11+KPK!T11 -> 1 | V11: =MPR!V11+KARACHI!V11+SINDH!V11+'GILGIT -BALTISTAN'!V11+'AZAD - KASHMIR'!V11+KPK!V11 -> 5 | X11: =SUM(J11+L11+N11+R11+T11+V11) -> 1085
A12: Pulmonary , Clinically Diagnosed | J12: =MPR!J12+KARACHI!J12+SINDH!J12+'GILGIT -BALTISTAN'!J12+'AZAD - KASHMIR'!J12+KPK!J12 -> 981 | L12: =MPR!L12+KARACHI!L12+SINDH!L12+'GILGIT -BALTISTAN'!L12+'AZAD - KASHMIR'!L12+KPK!L12 -> 26 | N12: =MPR!N12+KARACHI!N12+SINDH!N12+'GILGIT -BALTISTAN'!N12+'AZAD - KASHMIR'!N12+KPK!N12 -> 3 | P12: =SUM(J12+L12+N12) -> 1010 | R12: =MPR!R12+KARACHI!R12+SINDH!R12+'GILGIT -BALTISTAN'!R12+'AZAD - KASHMIR'!R12+KPK!R12 -> 1 | T12: =MPR!T12+KARACHI!T12+SINDH!T12+'GILGIT -BALTISTAN'!T12+'AZAD - KASHMIR'!T12+KPK!T12 -> 1 | V12: =MPR!V12+KARACHI!V12+SINDH!V12+'GILGIT -BALTISTAN'!V12+'AZAD - KASHMIR'!V12+KPK!V12 -> 3 | X12: =SUM(J12+L12+N12+R12+T12+V12) -> 1015
A13: Extra Pulmonary, Bacteriologically Confermid | J13: =MPR!J13+KARACHI!J13+SINDH!J13+'GILGIT -BALTISTAN'!J13+'AZAD - KASHMIR'!J13+KPK!J13 -> 4 | L13: =MPR!L13+KARACHI!L13+SINDH!L13+'GILGIT -BALTISTAN'!L13+'AZAD - KASHMIR'!L13+KPK!L13 -> 0 | N13: =MPR!N13+KARACHI!N13+SINDH!N13+'GILGIT -BALTISTAN'!N13+'AZAD - KASHMIR'!N13+KPK!N13 -> 0 | P13: =SUM(J13+L13+N13) -> 4 | R13: =MPR!R13+KARACHI!R13+SINDH!R13+'GILGIT -BALTISTAN'!R13+'AZAD - KASHMIR'!R13+KPK!R13 -> 0 | T13: =MPR!T13+KARACHI!T13+SINDH!T13+'GILGIT -BALTISTAN'!T13+'AZAD - KASHMIR'!T13+KPK!T13 -> 0 | V13: =MPR!V13+KARACHI!V13+SINDH!V13+'GILGIT -BALTISTAN'!V13+'AZAD - KASHMIR'!V13+KPK!V13 -> 0 | X13: =SUM(J13+L13+N13+R13+T13+V13) -> 4
A14: Extra Pulmonary , Clinically Diagnosed | J14: =MPR!J14+KARACHI!J14+SINDH!J14+'GILGIT -BALTISTAN'!J14+'AZAD - KASHMIR'!J14+KPK!J14 -> 627 | L14: =MPR!L14+KARACHI!L14+SINDH!L14+'GILGIT -BALTISTAN'!L14+'AZAD - KASHMIR'!L14+KPK!L14 -> 5 | N14: =MPR!N14+KARACHI!N14+SINDH!N14+'GILGIT -BALTISTAN'!N14+'AZAD - KASHMIR'!N14+KPK!N14 -> 1 | P14: =SUM(J14+L14+N14) -> 633 | R14: =MPR!R14+KARACHI!R14+SINDH!R14+'GILGIT -BALTISTAN'!R14+'AZAD - KASHMIR'!R14+KPK!R14 -> 0 | T14: =MPR!T14+KARACHI!T14+SINDH!T14+'GILGIT -BALTISTAN'!T14+'AZAD - KASHMIR'!T14+KPK!T14 -> 0 | V14: =MPR!V14+KARACHI!V14+SINDH!V14+'GILGIT -BALTISTAN'!V14+'AZAD - KASHMIR'!V14+KPK!V14 -> 8 | X14: =SUM(J14+L14+N14+R14+T14+V14) -> 641
A15: Total | J15: =SUM(J11:K14) -> 2625 | L15: =SUM(L11:M14) -> 96 | N15: =SUM(N11:O14) -> 4 | P15: =SUM(J15+L15+N15) -> 2725 | R15: =SUM(R11:S14) -> 2 | T15: =SUM(T11:U14) -> 2 | V15: =SUM(V11:W14) -> 16 | X15: =SUM(J15+L15+N15+R15+T15+V15) -> 2745
A16: Block 2: All New, Relapse and previous treatment history unknown Cases registered during the period by Age Group and Gender
H17: 0-4 | J17: 5-14 | L17: 15-24 | N17: 25-34 | P17: 35-44 | R17: 45-54 | T17: 55-64 | V17: 65 & Above | X17: Total
H18: M | I18: F | J18: M | K18: F | L18: M | M18: F | N18: M | O18: F | P18: M | Q18: F | R18: M | S18: F | T18: M | U18: F | V18: M | W18: F | X18: M | Y18: F
A19: Pulmonary, Bacteriologically Confermid | H19: =MPR!H19+KARACHI!H19+SINDH!H19+'GILGIT -BALTISTAN'!H19+'AZAD - KASHMIR'!H19+KPK!H19 -> 0 | I19: =MPR!I19+KARACHI!I19+SINDH!I19+'GILGIT -BALTISTAN'!I19+'AZAD - KASHMIR'!I19+KPK!I19 -> 0 | J19: =MPR!J19+KARACHI!J19+SINDH!J19+'GILGIT -BALTISTAN'!J19+'AZAD - KASHMIR'!J19+KPK!J19 -> 4 | K19: =MPR!K19+KARACHI!K19+SINDH!K19+'GILGIT -BALTISTAN'!K19+'AZAD - KASHMIR'!K19+KPK!K19 -> 25 | L19: =MPR!L19+KARACHI!L19+SINDH!L19+'GILGIT -BALTISTAN'!L19+'AZAD - KASHMIR'!L19+KPK!L19 -> 104 | M19: =MPR!M19+KARACHI!M19+SINDH!M19+'GILGIT -BALTISTAN'!M19+'AZAD - KASHMIR'!M19+KPK!M19 -> 126 | N19: =MPR!N19+KARACHI!N19+SINDH!N19+'GILGIT -BALTISTAN'!N19+'AZAD - KASHMIR'!N19+KPK!N19 -> 88 | O19: =MPR!O19+KARACHI!O19+SINDH!O19+'GILGIT -BALTISTAN'!O19+'AZAD - KASHMIR'!O19+KPK!O19 -> 92 | ... W19: =MPR!W19+KARACHI!W19+SINDH!W19+'GILGIT -BALTISTAN'!W19+'AZAD - KASHMIR'!W19+KPK!W19 -> 85 | X19: =SUM(H19+J19+L19+N19+P19+R19+T19+V19) -> 564 | Y19: =SUM(I19+K19+M19+O19+Q19+S19+U19+W19) -> 514
A20: Pulmonary , Clinically Diagnosed | H20: =MPR!H20+KARACHI!H20+SINDH!H20+'GILGIT -BALTISTAN'!H20+'AZAD - KASHMIR'!H20+KPK!H20 -> 107 | I20: =MPR!I20+KARACHI!I20+SINDH!I20+'GILGIT -BALTISTAN'!I20+'AZAD - KASHMIR'!I20+KPK!I20 -> 109 | J20: =MPR!J20+KARACHI!J20+SINDH!J20+'GILGIT -BALTISTAN'!J20+'AZAD - KASHMIR'!J20+KPK!J20 -> 47 | K20: =MPR!K20+KARACHI!K20+SINDH!K20+'GILGIT -BALTISTAN'!K20+'AZAD - KASHMIR'!K20+KPK!K20 -> 42 | L20: =MPR!L20+KARACHI!L20+SINDH!L20+'GILGIT -BALTISTAN'!L20+'AZAD - KASHMIR'!L20+KPK!L20 -> 57 | M20: =MPR!M20+KARACHI!M20+SINDH!M20+'GILGIT -BALTISTAN'!M20+'AZAD - KASHMIR'!M20+KPK!M20 -> 77 | N20: =MPR!N20+KARACHI!N20+SINDH!N20+'GILGIT -BALTISTAN'!N20+'AZAD - KASHMIR'!N20+KPK!N20 -> 55 | O20: =MPR!O20+KARACHI!O20+SINDH!O20+'GILGIT -BALTISTAN'!O20+'AZAD - KASHMIR'!O20+KPK!O20 -> 60 | ... W20: =MPR!W20+KARACHI!W20+SINDH!W20+'GILGIT -BALTISTAN'!W20+'AZAD - KASHMIR'!W20+KPK!W20 -> 55 | X20: =SUM(H20+J20+L20+N20+P20+R20+T20+V20) -> 501 | Y20: =SUM(I20+K20+M20+O20+Q20+S20+U20+W20) -> 509
A21: Extra Pulmonary, Bacteriologically Confermid | H21: =MPR!H21+KARACHI!H21+SINDH!H21+'GILGIT -BALTISTAN'!H21+'AZAD - KASHMIR'!H21+KPK!H21 -> 0 | I21: =MPR!I21+KARACHI!I21+SINDH!I21+'GILGIT -BALTISTAN'!I21+'AZAD - KASHMIR'!I21+KPK!I21 -> 0 | J21: =MPR!J21+KARACHI!J21+SINDH!J21+'GILGIT -BALTISTAN'!J21+'AZAD - KASHMIR'!J21+KPK!J21 -> 1 | K21: =MPR!K21+KARACHI!K21+SINDH!K21+'GILGIT -BALTISTAN'!K21+'AZAD - KASHMIR'!K21+KPK!K21 -> 1 | L21: =MPR!L21+KARACHI!L21+SINDH!L21+'GILGIT -BALTISTAN'!L21+'AZAD - KASHMIR'!L21+KPK!L21 -> 1 | M21: =MPR!M21+KARACHI!M21+SINDH!M21+'GILGIT -BALTISTAN'!M21+'AZAD - KASHMIR'!M21+KPK!M21 -> 0 | N21: =MPR!N21+KARACHI!N21+SINDH!N21+'GILGIT -BALTISTAN'!N21+'AZAD - KASHMIR'!N21+KPK!N21 -> 0 | O21: =MPR!O21+KARACHI!O21+SINDH!O21+'GILGIT -BALTISTAN'!O21+'AZAD - KASHMIR'!O21+KPK!O21 -> 1 | ... W21: =MPR!W21+KARACHI!W21+SINDH!W21+'GILGIT -BALTISTAN'!W21+'AZAD - KASHMIR'!W21+KPK!W21 -> 0 | X21: =SUM(H21+J21+L21+N21+P21+R21+T21+V21) -> 2 | Y21: =SUM(I21+K21+M21+O21+Q21+S21+U21+W21) -> 2
A22: Extra Pulmonary , Clinically Diagnosed | H22: =MPR!H22+KARACHI!H22+SINDH!H22+'GILGIT -BALTISTAN'!H22+'AZAD - KASHMIR'!H22+KPK!H22 -> 26 | I22: =MPR!I22+KARACHI!I22+SINDH!I22+'GILGIT -BALTISTAN'!I22+'AZAD - KASHMIR'!I22+KPK!I22 -> 22 | J22: =MPR!J22+KARACHI!J22+SINDH!J22+'GILGIT -BALTISTAN'!J22+'AZAD - KASHMIR'!J22+KPK!J22 -> 37 | K22: =MPR!K22+KARACHI!K22+SINDH!K22+'GILGIT -BALTISTAN'!K22+'AZAD - KASHMIR'!K22+KPK!K22 -> 19 | L22: =MPR!L22+KARACHI!L22+SINDH!L22+'GILGIT -BALTISTAN'!L22+'AZAD - KASHMIR'!L22+KPK!L22 -> 64 | M22: =MPR!M22+KARACHI!M22+SINDH!M22+'GILGIT -BALTISTAN'!M22+'AZAD - KASHMIR'!M22+KPK!M22 -> 65 | N22: =MPR!N22+KARACHI!N22+SINDH!N22+'GILGIT -BALTISTAN'!N22+'AZAD - KASHMIR'!N22+KPK!N22 -> 55 | O22: =MPR!O22+KARACHI!O22+SINDH!O22+'GILGIT -BALTISTAN'!O22+'AZAD - KASHMIR'!O22+KPK!O22 -> 55 | ... W22: =MPR!W22+KARACHI!W22+SINDH!W22+'GILGIT -BALTISTAN'!W22+'AZAD - KASHMIR'!W22+KPK!W22 -> 24 | X22: =SUM(H22+J22+L22+N22+P22+R22+T22+V22) -> 342 | Y22: =SUM(I22+K22+M22+O22+Q22+S22+U22+W22) -> 291
A23: Total | H23: =SUM(H19:H22) -> 133 | I23: =SUM(I19:I22) -> 131 | J23: =SUM(J19:J22) -> 89 | K23: =SUM(K19:K22) -> 87 | L23: =SUM(L19:L22) -> 226 | M23: =SUM(M19:M22) -> 268 | N23: =SUM(N19:N22) -> 198 | O23: =SUM(O19:O22) -> 208 | ... Y23: =SUM(Y19:Y22) -> 1316
A25: Block 3: Presumptive TB Cases Identified Laboratory Diagnosis and use of WRD | M25: Block 4 : TB HIV Activities
A26: Total New OPD in Quarter | B26: No. of presumptive TB cases identified | C26: Presumptive Identified through Community Referrals (LHWs) | D26: No. of Presumptive TB Patients tested Using | F26: Among Presumptive TB cases tested number reported B+ | J26: Among all registered number of B+ TB Cases | K26: Amoung All (N+R+UK) number tested by Gene Xpert | M26: No. of TB patients tested for HIV | O26: TB Patients tested positive for HIV | Q26: HIV positive TB Patients put on ART
D27: AFB | E27: Xpert | F27: AFB | G27: Xpert | H27: AFB + Xpert | I27: G.Tot | M27: =MPR!M27+KARACHI!M27+SINDH!M27+'GILGIT -BALTISTAN'!M27:N27+'AZAD - KASHMIR'!M27:N27+KPK!M27 -> 68 | O27: =MPR!O27+KARACHI!O27+SINDH!O27+'GILGIT -BALTISTAN'!O27:P27+'AZAD - KASHMIR'!O27:P27+KPK!O27 -> 0 | Q27: =MPR!Q27+KARACHI!Q27+SINDH!Q27+'GILGIT -BALTISTAN'!Q27:Y27+'AZAD - KASHMIR'!Q27:Y27+KPK!Q27 -> 0
A28: =MPR!A28+KARACHI!A28+SINDH!A28+'GILGIT -BALTISTAN'!A28:A32+'AZAD - KASHMIR'!A28:A32+KPK!A28 -> 464971 | B28: =MPR!B28+KARACHI!B28+SINDH!B28+'GILGIT -BALTISTAN'!B28:B32+'AZAD - KASHMIR'!B28:B32+KPK!B28 -> 13180 | C28: =MPR!C28+KARACHI!C28+SINDH!C28+'GILGIT -BALTISTAN'!C28:C32+'AZAD - KASHMIR'!C28:C32+KPK!C28 -> 148 | D28: =MPR!D28+KARACHI!D28+SINDH!D28+'GILGIT -BALTISTAN'!D28:D32+'AZAD - KASHMIR'!D28:D32+KPK!D28 -> 12869 | E28: =MPR!E28+KARACHI!E28+SINDH!E28+'GILGIT -BALTISTAN'!E28:E32+'AZAD - KASHMIR'!E28:E32+KPK!E28 -> 567 | F28: =MPR!F28+KARACHI!F28+SINDH!F28+'GILGIT -BALTISTAN'!F28:F32+'AZAD - KASHMIR'!F28:F32+KPK!F28 -> 157 | G28: =MPR!G28+KARACHI!G28+SINDH!G28+'GILGIT -BALTISTAN'!G28:G32+'AZAD - KASHMIR'!G28:G32+KPK!G28 -> 40 | H28: =MPR!H28+KARACHI!H28+SINDH!H28+'GILGIT -BALTISTAN'!H28:H32+'AZAD - KASHMIR'!H28:H32+KPK!H28 -> 341 | I28: =SUM(F28:H32) -> 538 | J28: =MPR!J28+KARACHI!J28+SINDH!J28+'GILGIT -BALTISTAN'!J28:J32+'AZAD - KASHMIR'!J28:J32+KPK!J28 -> 1020 | K28: =MPR!K28+KARACHI!K28+SINDH!K28+'GILGIT -BALTISTAN'!K28:K32+'AZAD - KASHMIR'!K28:K32+KPK!K28 -> 1038 | M28: HIV patient tested for TB | O28: HIV patients tested positive for TB | Q28: TB positive HIV patients put on TB Tx | T28: HIV positive TB -Ve patients on TPT
M29: =MPR!M29+KARACHI!M29+SINDH!M29+'GILGIT -BALTISTAN'!M29:N32+'AZAD - KASHMIR'!M29:N32+KPK!M29 -> 1 | O29: =MPR!O29+KARACHI!O29+SINDH!O29+'GILGIT -BALTISTAN'!O29:P32+'AZAD - KASHMIR'!O29:P32+KPK!O29 -> 0 | Q29: =MPR!Q29+KARACHI!Q29+SINDH!Q29+'GILGIT -BALTISTAN'!Q29:S32+'AZAD - KASHMIR'!Q29:S32+KPK!Q29 -> 0 | U29: 0-4 | W29: 5-14 | X29: 15 & above
T30: 6H | U30: =MPR!U30+KARACHI!U30+SINDH!U30+'GILGIT -BALTISTAN'!U30:V30+'AZAD - KASHMIR'!U30:V30+KPK!U30 -> 0 | W30: =MPR!W30+KARACHI!W30+SINDH!W30+'GILGIT -BALTISTAN'!W30+'AZAD - KASHMIR'!W30+KPK!W30 -> 0 | X30: =MPR!X30+KARACHI!X30+SINDH!X30+'GILGIT -BALTISTAN'!X30:Y30+'AZAD - KASHMIR'!X30:Y30+KPK!X30 -> 0
T31: 3HR | U31: =MPR!U31+KARACHI!U31+SINDH!U31+'GILGIT -BALTISTAN'!U31:V31+'AZAD - KASHMIR'!U31:V31+KPK!U31 -> 0 | W31: =MPR!W31+KARACHI!W31+SINDH!W31+'GILGIT -BALTISTAN'!W31+'AZAD - KASHMIR'!W31+KPK!W31 -> 0 | X31: =MPR!X31+KARACHI!X31+SINDH!X31+'GILGIT -BALTISTAN'!X31:Y31+'AZAD - KASHMIR'!X31:Y31+KPK!X31 -> 0
T32: 3 HP | U32: =MPR!U32+KARACHI!U32+SINDH!U32+'GILGIT -BALTISTAN'!U32:V32+'AZAD - KASHMIR'!U32:V32+KPK!U32 -> 0 | W32: =MPR!W32+KARACHI!W32+SINDH!W32+'GILGIT -BALTISTAN'!W32+'AZAD - KASHMIR'!W32+KPK!W32 -> 0 | X32: =MPR!X32+KARACHI!X32+SINDH!X32+'GILGIT -BALTISTAN'!X32:Y32+'AZAD - KASHMIR'!X32:Y32+KPK!X32 -> 0
A34: Block 5 : Bacteriologically Confermid TB Cases with DST Result | M34: Block 6 : Contact Tracing HH *
F35: Rifampicin | H35: Isoniazid | J35: Fluoroquninolone | M35: Total No. of HH of B+ PTB | O35: No. of HH contacts of B+ PTB Cases Screened | Q35: Amoung HH contact screened, No. of TB Cases diagnosed | S35: No. of HH Contacts Initiated on TPT | W35: HIV negative Immuno compromised on TPT
F36: Result | G36: Resistant | H36: Result | I36: Resistant | J36: Result | K36: Resistant | M36: <=5yrs | N36: >5yrs | O36: <=5yrs | P36: >5yrs | Q36: <=5yrs | R36: >5yrs | T36: 0-4 | U36: 5-14 | V36: 15+ | W36: 0-4 | X36: 5-14 | Y36: 15+
A37: New + UK | F37: =MPR!F37+KARACHI!F37+SINDH!F37+'GILGIT -BALTISTAN'!F37+'AZAD - KASHMIR'!F37+KPK!F37 -> 936 | G37: =MPR!G37+KARACHI!G37+SINDH!G37+'GILGIT -BALTISTAN'!G37+'AZAD - KASHMIR'!G37+KPK!G37 -> 5 | H37: =MPR!H37+KARACHI!H37+SINDH!H37+'GILGIT -BALTISTAN'!H37+'AZAD - KASHMIR'!H37+KPK!H37 -> 1 | I37: =MPR!I37+KARACHI!I37+SINDH!I37+'GILGIT -BALTISTAN'!I37+'AZAD - KASHMIR'!I37+KPK!I37 -> 0 | J37: =MPR!J37+KARACHI!J37+SINDH!J37+'GILGIT -BALTISTAN'!J37+'AZAD - KASHMIR'!J37+KPK!J37 -> 0 | K37: =MPR!K37+KARACHI!K37+SINDH!K37+'GILGIT -BALTISTAN'!K37+'AZAD - KASHMIR'!K37+KPK!K37 -> 0 | M37: =MPR!M37+KARACHI!M37+SINDH!M37+'GILGIT -BALTISTAN'!M37:M40+'AZAD - KASHMIR'!M37:M40+KPK!M37 -> 1794 | N37: =MPR!N37+KARACHI!N37+SINDH!N37+'GILGIT -BALTISTAN'!N37:N40+'AZAD - KASHMIR'!N37:N40+KPK!N37 -> 1329 | O37: =MPR!O37+KARACHI!O37+SINDH!O37+'GILGIT -BALTISTAN'!O37:O40+'AZAD - KASHMIR'!O37:O40+KPK!O37 -> 858 | P37: =MPR!P37+KARACHI!P37+SINDH!P37+'GILGIT -BALTISTAN'!P37:P40+'AZAD - KASHMIR'!P37:P40+KPK!P37 -> 4238 | Q37: =MPR!Q37+KARACHI!Q37+SINDH!Q37+'GILGIT -BALTISTAN'!Q37:Q40+'AZAD - KASHMIR'!Q37:Q40+KPK!Q37 -> 7 | R37: =MPR!R37+KARACHI!R37+SINDH!R37+'GILGIT -BALTISTAN'!R37:R40+'AZAD - KASHMIR'!R37:R40+KPK!R37 -> 175 | S37: 6H | T37: =MPR!T37+KARACHI!T37+SINDH!T37+'GILGIT -BALTISTAN'!T37+'AZAD - KASHMIR'!T37+KPK!T37 -> 0 | U37: =MPR!U37+KARACHI!U37+SINDH!U37+'GILGIT -BALTISTAN'!U37+'AZAD - KASHMIR'!U37+KPK!U37 -> 0 | V37: =MPR!V37+KARACHI!V37+SINDH!V37+'GILGIT -BALTISTAN'!V37+'AZAD - KASHMIR'!V37+KPK!V37 -> 2 | W37: =MPR!W37+KARACHI!W37+SINDH!W37+'GILGIT -BALTISTAN'!W37+'AZAD - KASHMIR'!W37+KPK!W37 -> 0 | X37: =MPR!X37+KARACHI!X37+SINDH!X37+'GILGIT -BALTISTAN'!X37+'AZAD - KASHMIR'!X37+KPK!X37 -> 0 | Y37: =MPR!Y37+KARACHI!Y37+SINDH!Y37+'GILGIT -BALTISTAN'!Y37+'AZAD - KASHMIR'!Y37+KPK!Y37 -> 0
A38: Relapse | F38: =MPR!F38+KARACHI!F38+SINDH!F38+'GILGIT -BALTISTAN'!F38+'AZAD - KASHMIR'!F38+KPK!F38 -> 37 | G38: =MPR!G38+KARACHI!G38+SINDH!G38+'GILGIT -BALTISTAN'!G38+'AZAD - KASHMIR'!G38+KPK!G38 -> 0 | H38: =MPR!H38+KARACHI!H38+SINDH!H38+'GILGIT -BALTISTAN'!H38+'AZAD - KASHMIR'!H38+KPK!H38 -> 0 | I38: =MPR!I38+KARACHI!I38+SINDH!I38+'GILGIT -BALTISTAN'!I38+'AZAD - KASHMIR'!I38+KPK!I38 -> 0 | J38: =MPR!J38+KARACHI!J38+SINDH!J38+'GILGIT -BALTISTAN'!J38+'AZAD - KASHMIR'!J38+KPK!J38 -> 0 | K38: =MPR!K38+KARACHI!K38+SINDH!K38+'GILGIT -BALTISTAN'!K38+'AZAD - KASHMIR'!K38+KPK!K38 -> 0 | S38: 3HR | T38: =MPR!T38+KARACHI!T38+SINDH!T38+'GILGIT -BALTISTAN'!T38+'AZAD - KASHMIR'!T38+KPK!T38 -> 0 | U38: =MPR!U38+KARACHI!U38+SINDH!U38+'GILGIT -BALTISTAN'!U38+'AZAD - KASHMIR'!U38+KPK!U38 -> 0 | V38: =MPR!V38+KARACHI!V38+SINDH!V38+'GILGIT -BALTISTAN'!V38+'AZAD - KASHMIR'!V38+KPK!V38 -> 0 | W38: =MPR!W38+KARACHI!W38+SINDH!W38+'GILGIT -BALTISTAN'!W38+'AZAD - KASHMIR'!W38+KPK!W38 -> 0 | X38: =MPR!X38+KARACHI!X38+SINDH!X38+'GILGIT -BALTISTAN'!X38+'AZAD - KASHMIR'!X38+KPK!X38 -> 0 | Y38: =MPR!Y38+KARACHI!Y38+SINDH!Y38+'GILGIT -BALTISTAN'!Y38+'AZAD - KASHMIR'!Y38+KPK!Y38 -> 0
A39: Previously treated | F39: =MPR!F39+KARACHI!F39+SINDH!F39+'GILGIT -BALTISTAN'!F39+'AZAD - KASHMIR'!F39+KPK!F39 -> 1 | G39: =MPR!G39+KARACHI!G39+SINDH!G39+'GILGIT -BALTISTAN'!G39+'AZAD - KASHMIR'!G39+KPK!G39 -> 0 | H39: =MPR!H39+KARACHI!H39+SINDH!H39+'GILGIT -BALTISTAN'!H39+'AZAD - KASHMIR'!H39+KPK!H39 -> 0 | I39: =MPR!I39+KARACHI!I39+SINDH!I39+'GILGIT -BALTISTAN'!I39+'AZAD - KASHMIR'!I39+KPK!I39 -> 0 | J39: =MPR!J39+KARACHI!J39+SINDH!J39+'GILGIT -BALTISTAN'!J39+'AZAD - KASHMIR'!J39+KPK!J39 -> 0 | K39: =MPR!K39+KARACHI!K39+SINDH!K39+'GILGIT -BALTISTAN'!K39+'AZAD - KASHMIR'!K39+KPK!K39 -> 0 | S39: 3 HP | T39: =MPR!T39+KARACHI!T39+SINDH!T39+'GILGIT -BALTISTAN'!T39:T40+'AZAD - KASHMIR'!T39:T40+KPK!T39 -> 0 | U39: =MPR!U39+KARACHI!U39+SINDH!U39+'GILGIT -BALTISTAN'!U39:U40+'AZAD - KASHMIR'!U39:U40+KPK!U39 -> 0 | V39: =MPR!V39+KARACHI!V39+SINDH!V39+'GILGIT -BALTISTAN'!V39:V40+'AZAD - KASHMIR'!V39:V40+KPK!V39 -> 0 | W39: =MPR!W39+KARACHI!W39+SINDH!W39+'GILGIT -BALTISTAN'!W39:W40+'AZAD - KASHMIR'!W39:W40+KPK!W39 -> 0 | X39: =MPR!X39+KARACHI!X39+SINDH!X39+'GILGIT -BALTISTAN'!X39:X40+'AZAD - KASHMIR'!X39:X40+KPK!X39 -> 0 | Y39: =MPR!Y39+KARACHI!Y39+SINDH!Y39+'GILGIT -BALTISTAN'!Y39:Y40+'AZAD - KASHMIR'!Y39:Y40+KPK!Y39 -> 0
A40: Total | F40: =SUM(F37:F39) -> 974 | G40: =SUM(G37:G39) -> 5 | H40: =SUM(H37:H39) -> 1 | I40: =SUM(I37:I39) -> 0 | J40: =SUM(J37:J39) -> 0 | K40: =SUM(K37:K39) -> 0
A41: QUARTERLY REPORT ON TB CASES REGISTRATION
A42: INDIVIDUAL/CONSOLIDATED (TICK ONE) | U42: TB - 07
A43: Name of TB Care Facility (BMU) : | E43: =E4 -> All Project Total | H43: District : | J43: =J4 -> 0 | L43: Central : | N43: =N4 -> CONSOLIDATED | Q43: Patients registered during | U43: 2nd Quarter | X43: =X4 -> of Year 2023
A45: Name of TB Coodinator/Facility incharge : | G45: ___________________________________________________ | Q45: Date of completion of this form : | V45: _______________________
A47: Block 1: | J47: New (N) | L47: Relapse ® | N47: Previous Treatment History Unknown (UK) | P47: N+R+UK | R47: Previously treated ( Excluding Relapse) | X47: Total
A48: All TB Cases Registered | R48: Treatment after failure | T48: Treatment after lost to follow-up | V48: Other previously treated
A50: Pulmonary, Bacteriologically Confermid | J50: =MPR!J50+KARACHI!J50+SINDH!J50+'GILGIT -BALTISTAN'!J50+'AZAD - KASHMIR'!J50+KPK!J50 -> 1069 | L50: =MPR!L50+KARACHI!L50+SINDH!L50+'GILGIT -BALTISTAN'!L50+'AZAD - KASHMIR'!L50+KPK!L50 -> 71 | N50: =MPR!N50+KARACHI!N50+SINDH!N50+'GILGIT -BALTISTAN'!N50+'AZAD - KASHMIR'!N50+KPK!N50 -> 0 | P50: =SUM(J50+L50+N50) -> 1140 | R50: =MPR!R50+KARACHI!R50+SINDH!R50+'GILGIT -BALTISTAN'!R50+'AZAD - KASHMIR'!R50+KPK!R50 -> 0 | T50: =MPR!T50+KARACHI!T50+SINDH!T50+'GILGIT -BALTISTAN'!T50+'AZAD - KASHMIR'!T50+KPK!T50 -> 2 | V50: =MPR!V50+KARACHI!V50+SINDH!V50+'GILGIT -BALTISTAN'!V50+'AZAD - KASHMIR'!V50+KPK!V50 -> 4 | X50: =SUM(J50+L50+N50+R50+T50+V50) -> 1146
A51: Pulmonary , Clinically Diagnosed | J51: =MPR!J51+KARACHI!J51+SINDH!J51+'GILGIT -BALTISTAN'!J51+'AZAD - KASHMIR'!J51+KPK!J51 -> 1129 | L51: =MPR!L51+KARACHI!L51+SINDH!L51+'GILGIT -BALTISTAN'!L51+'AZAD - KASHMIR'!L51+KPK!L51 -> 17 | N51: =MPR!N51+KARACHI!N51+SINDH!N51+'GILGIT -BALTISTAN'!N51+'AZAD - KASHMIR'!N51+KPK!N51 -> 1 | P51: =SUM(J51+L51+N51) -> 1147 | R51: =MPR!R51+KARACHI!R51+SINDH!R51+'GILGIT -BALTISTAN'!R51+'AZAD - KASHMIR'!R51+KPK!R51 -> 0 | T51: =MPR!T51+KARACHI!T51+SINDH!T51+'GILGIT -BALTISTAN'!T51+'AZAD - KASHMIR'!T51+KPK!T51 -> 1 | V51: =MPR!V51+KARACHI!V51+SINDH!V51+'GILGIT -BALTISTAN'!V51+'AZAD - KASHMIR'!V51+KPK!V51 -> 9 | X51: =SUM(J51+L51+N51+R51+T51+V51) -> 1157
A52: Extra Pulmonary, Bacteriologically Confermid | J52: =MPR!J52+KARACHI!J52+SINDH!J52+'GILGIT -BALTISTAN'!J52+'AZAD - KASHMIR'!J52+KPK!J52 -> 0 | L52: =MPR!L52+KARACHI!L52+SINDH!L52+'GILGIT -BALTISTAN'!L52+'AZAD - KASHMIR'!L52+KPK!L52 -> 0 | N52: =MPR!N52+KARACHI!N52+SINDH!N52+'GILGIT -BALTISTAN'!N52+'AZAD - KASHMIR'!N52+KPK!N52 -> 0 | P52: =SUM(J52+L52+N52) -> 0 | R52: =MPR!R52+KARACHI!R52+SINDH!R52+'GILGIT -BALTISTAN'!R52+'AZAD - KASHMIR'!R52+KPK!R52 -> 0 | T52: =MPR!T52+KARACHI!T52+SINDH!T52+'GILGIT -BALTISTAN'!T52+'AZAD - KASHMIR'!T52+KPK!T52 -> 0 | V52: =MPR!V52+KARACHI!V52+SINDH!V52+'GILGIT -BALTISTAN'!V52+'AZAD - KASHMIR'!V52+KPK!V52 -> 0 | X52: =SUM(J52+L52+N52+R52+T52+V52) -> 0
A53: Extra Pulmonary , Clinically Diagnosed | J53: =MPR!J53+KARACHI!J53+SINDH!J53+'GILGIT -BALTISTAN'!J53+'AZAD - KASHMIR'!J53+KPK!J53 -> 785 | L53: =MPR!L53+KARACHI!L53+SINDH!L53+'GILGIT -BALTISTAN'!L53+'AZAD - KASHMIR'!L53+KPK!L53 -> 5 | N53: =MPR!N53+KARACHI!N53+SINDH!N53+'GILGIT -BALTISTAN'!N53+'AZAD - KASHMIR'!N53+KPK!N53 -> 3 | P53: =SUM(J53+L53+N53) -> 793 | R53: =MPR!R53+KARACHI!R53+SINDH!R53+'GILGIT -BALTISTAN'!R53+'AZAD - KASHMIR'!R53+KPK!R53 -> 0 | T53: =MPR!T53+KARACHI!T53+SINDH!T53+'GILGIT -BALTISTAN'!T53+'AZAD - KASHMIR'!T53+KPK!T53 -> 0 | V53: =MPR!V53+KARACHI!V53+SINDH!V53+'GILGIT -BALTISTAN'!V53+'AZAD - KASHMIR'!V53+KPK!V53 -> 5 | X53: =SUM(J53+L53+N53+R53+T53+V53) -> 798
A54: Total | J54: =SUM(J50:K53) -> 2983 | L54: =SUM(L50:M53) -> 93 | N54: =SUM(N50:O53) -> 4 | P54: =SUM(J54+L54+N54) -> 3080 | R54: =SUM(R50:S53) -> 0 | T54: =SUM(T50:U53) -> 3 | V54: =SUM(V50:W53) -> 18 | X54: =SUM(J54+L54+N54+R54+T54+V54) -> 3101
A55: Block 2: All New, Relapse and previous treatment history unknown Cases registered during the period by Age Group and Gender
H56: 0-4 | J56: 5-14 | L56: 15-24 | N56: 25-34 | P56: 35-44 | R56: 45-54 | T56: 55-64 | V56: 65 & Above | X56: Total
H57: M | I57: F | J57: M | K57: F | L57: M | M57: F | N57: M | O57: F | P57: M | Q57: F | R57: M | S57: F | T57: M | U57: F | V57: M | W57: F | X57: M | Y57: F
A58: Pulmonary, Bacteriologically Confermid | H58: =MPR!H58+KARACHI!H58+SINDH!H58+'GILGIT -BALTISTAN'!H58+'AZAD - KASHMIR'!H58+KPK!H58 -> 5 | I58: =MPR!I58+KARACHI!I58+SINDH!I58+'GILGIT -BALTISTAN'!I58+'AZAD - KASHMIR'!I58+KPK!I58 -> 0 | J58: =MPR!J58+KARACHI!J58+SINDH!J58+'GILGIT -BALTISTAN'!J58+'AZAD - KASHMIR'!J58+KPK!J58 -> 8 | K58: =MPR!K58+KARACHI!K58+SINDH!K58+'GILGIT -BALTISTAN'!K58+'AZAD - KASHMIR'!K58+KPK!K58 -> 32 | L58: =MPR!L58+KARACHI!L58+SINDH!L58+'GILGIT -BALTISTAN'!L58+'AZAD - KASHMIR'!L58+KPK!L58 -> 115 | M58: =MPR!M58+KARACHI!M58+SINDH!M58+'GILGIT -BALTISTAN'!M58+'AZAD - KASHMIR'!M58+KPK!M58 -> 135 | N58: =MPR!N58+KARACHI!N58+SINDH!N58+'GILGIT -BALTISTAN'!N58+'AZAD - KASHMIR'!N58+KPK!N58 -> 92 | O58: =MPR!O58+KARACHI!O58+SINDH!O58+'GILGIT -BALTISTAN'!O58+'AZAD - KASHMIR'!O58+KPK!O58 -> 104 | ... W58: =MPR!W58+KARACHI!W58+SINDH!W58+'GILGIT -BALTISTAN'!W58+'AZAD - KASHMIR'!W58+KPK!W58 -> 80 | X58: =SUM(H58+J58+L58+N58+P58+R58+T58+V58) -> 593 | Y58: =SUM(I58+K58+M58+O58+Q58+S58+U58+W58) -> 548
A59: Pulmonary , Clinically Diagnosed | H59: =MPR!H59+KARACHI!H59+SINDH!H59+'GILGIT -BALTISTAN'!H59+'AZAD - KASHMIR'!H59+KPK!H59 -> 143 | I59: =MPR!I59+KARACHI!I59+SINDH!I59+'GILGIT -BALTISTAN'!I59+'AZAD - KASHMIR'!I59+KPK!I59 -> 110 | J59: =MPR!J59+KARACHI!J59+SINDH!J59+'GILGIT -BALTISTAN'!J59+'AZAD - KASHMIR'!J59+KPK!J59 -> 57 | K59: =MPR!K59+KARACHI!K59+SINDH!K59+'GILGIT -BALTISTAN'!K59+'AZAD - KASHMIR'!K59+KPK!K59 -> 72 | L59: =MPR!L59+KARACHI!L59+SINDH!L59+'GILGIT -BALTISTAN'!L59+'AZAD - KASHMIR'!L59+KPK!L59 -> 64 | M59: =MPR!M59+KARACHI!M59+SINDH!M59+'GILGIT -BALTISTAN'!M59+'AZAD - KASHMIR'!M59+KPK!M59 -> 90 | N59: =MPR!N59+KARACHI!N59+SINDH!N59+'GILGIT -BALTISTAN'!N59+'AZAD - KASHMIR'!N59+KPK!N59 -> 61 | O59: =MPR!O59+KARACHI!O59+SINDH!O59+'GILGIT -BALTISTAN'!O59+'AZAD - KASHMIR'!O59+KPK!O59 -> 71 | ... W59: =MPR!W59+KARACHI!W59+SINDH!W59+'GILGIT -BALTISTAN'!W59+'AZAD - KASHMIR'!W59+KPK!W59 -> 47 | X59: =SUM(H59+J59+L59+N59+P59+R59+T59+V59) -> 585 | Y59: =SUM(I59+K59+M59+O59+Q59+S59+U59+W59) -> 568
A60: Extra Pulmonary, Bacteriologically Confermid | H60: =MPR!H60+KARACHI!H60+SINDH!H60+'GILGIT -BALTISTAN'!H60+'AZAD - KASHMIR'!H60+KPK!H60 -> 0 | I60: =MPR!I60+KARACHI!I60+SINDH!I60+'GILGIT -BALTISTAN'!I60+'AZAD - KASHMIR'!I60+KPK!I60 -> 0 | J60: =MPR!J60+KARACHI!J60+SINDH!J60+'GILGIT -BALTISTAN'!J60+'AZAD - KASHMIR'!J60+KPK!J60 -> 0 | K60: =MPR!K60+KARACHI!K60+SINDH!K60+'GILGIT -BALTISTAN'!K60+'AZAD - KASHMIR'!K60+KPK!K60 -> 0 | L60: =MPR!L60+KARACHI!L60+SINDH!L60+'GILGIT -BALTISTAN'!L60+'AZAD - KASHMIR'!L60+KPK!L60 -> 0 | M60: =MPR!M60+KARACHI!M60+SINDH!M60+'GILGIT -BALTISTAN'!M60+'AZAD - KASHMIR'!M60+KPK!M60 -> 0 | N60: =MPR!N60+KARACHI!N60+SINDH!N60+'GILGIT -BALTISTAN'!N60+'AZAD - KASHMIR'!N60+KPK!N60 -> 0 | O60: =MPR!O60+KARACHI!O60+SINDH!O60+'GILGIT -BALTISTAN'!O60+'AZAD - KASHMIR'!O60+KPK!O60 -> 0 | ... W60: =MPR!W60+KARACHI!W60+SINDH!W60+'GILGIT -BALTISTAN'!W60+'AZAD - KASHMIR'!W60+KPK!W60 -> 0 | X60: =SUM(H60+J60+L60+N60+P60+R60+T60+V60) -> 0 | Y60: =SUM(I60+K60+M60+O60+Q60+S60+U60+W60) -> 0
A61: Extra Pulmonary , Clinically Diagnosed | H61: =MPR!H61+KARACHI!H61+SINDH!H61+'GILGIT -BALTISTAN'!H61+'AZAD - KASHMIR'!H61+KPK!H61 -> 32 | I61: =MPR!I61+KARACHI!I61+SINDH!I61+'GILGIT -BALTISTAN'!I61+'AZAD - KASHMIR'!I61+KPK!I61 -> 18 | J61: =MPR!J61+KARACHI!J61+SINDH!J61+'GILGIT -BALTISTAN'!J61+'AZAD - KASHMIR'!J61+KPK!J61 -> 49 | K61: =MPR!K61+KARACHI!K61+SINDH!K61+'GILGIT -BALTISTAN'!K61+'AZAD - KASHMIR'!K61+KPK!K61 -> 51 | L61: =MPR!L61+KARACHI!L61+SINDH!L61+'GILGIT -BALTISTAN'!L61+'AZAD - KASHMIR'!L61+KPK!L61 -> 91 | M61: =MPR!M61+KARACHI!M61+SINDH!M61+'GILGIT -BALTISTAN'!M61+'AZAD - KASHMIR'!M61+KPK!M61 -> 72 | N61: =MPR!N61+KARACHI!N61+SINDH!N61+'GILGIT -BALTISTAN'!N61+'AZAD - KASHMIR'!N61+KPK!N61 -> 77 | O61: =MPR!O61+KARACHI!O61+SINDH!O61+'GILGIT -BALTISTAN'!O61+'AZAD - KASHMIR'!O61+KPK!O61 -> 66 | ... W61: =MPR!W61+KARACHI!W61+SINDH!W61+'GILGIT -BALTISTAN'!W61+'AZAD - KASHMIR'!W61+KPK!W61 -> 39 | X61: =SUM(H61+J61+L61+N61+P61+R61+T61+V61) -> 431 | Y61: =SUM(I61+K61+M61+O61+Q61+S61+U61+W61) -> 362
A62: Total | H62: =SUM(H58:H61) -> 180 | I62: =SUM(I58:I61) -> 128 | J62: =SUM(J58:J61) -> 114 | K62: =SUM(K58:K61) -> 155 | L62: =SUM(L58:L61) -> 270 | M62: =SUM(M58:M61) -> 297 | N62: =SUM(N58:N61) -> 230 | O62: =SUM(O58:O61) -> 241 | ... Y62: =SUM(Y58:Y61) -> 1478
A64: Block 3: Presumptive TB Cases Identified Laboratory Diagnosis and use of WRD | M64: Block 4 : TB HIV Activities
A65: Total New OPD in Quarter | B65: No. of presumptive TB cases identified | C65: Presumptive Identified through Community Referrals (LHWs) | D65: No. of Presumptive TB Patients tested Using | F65: Among Presumptive TB cases tested number reported B+ | J65: Among all registered number of B+ TB Cases | K65: Amoung All (N+R+UK) number tested by Gene Xpert | M65: No. of TB patients tested for HIV | O65: TB Patients tested positive for HIV | Q65: HIV positive TB Patients put on ART
D66: AFB | E66: Xpert | F66: AFB | G66: Xpert | H66: AFB + Xpert | I66: G.Tot | M66: =MPR!M66+KARACHI!M66+SINDH!M66+'GILGIT -BALTISTAN'!M66:N66+'AZAD - KASHMIR'!M66:N66+KPK!M66 -> 150 | O66: =MPR!O66+KARACHI!O66+SINDH!O66+'GILGIT -BALTISTAN'!O66:P66+'AZAD - KASHMIR'!O66:P66+KPK!O66 -> 0 | Q66: =MPR!Q66+KARACHI!Q66+SINDH!Q66+'GILGIT -BALTISTAN'!Q66:Y66+'AZAD - KASHMIR'!Q66:Y66+KPK!Q66 -> 0
A67: =MPR!A67+KARACHI!A67+SINDH!A67+'GILGIT -BALTISTAN'!A67:A71+'AZAD - KASHMIR'!A67:A71+KPK!A67 -> 567409 | B67: =MPR!B67+KARACHI!B67+SINDH!B67+'GILGIT -BALTISTAN'!B67:B71+'AZAD - KASHMIR'!B67:B71+KPK!B67 -> 13268 | C67: =MPR!C67+KARACHI!C67+SINDH!C67+'GILGIT -BALTISTAN'!C67:C71+'AZAD - KASHMIR'!C67:C71+KPK!C67 -> 1713 | D67: =MPR!D67+KARACHI!D67+SINDH!D67+'GILGIT -BALTISTAN'!D67:D71+'AZAD - KASHMIR'!D67:D71+KPK!D67 -> 7008 | E67: =MPR!E67+KARACHI!E67+SINDH!E67+'GILGIT -BALTISTAN'!E67:E71+'AZAD - KASHMIR'!E67:E71+KPK!E67 -> 6280 | F67: =MPR!F67+KARACHI!F67+SINDH!F67+'GILGIT -BALTISTAN'!F67:F71+'AZAD - KASHMIR'!F67:F71+KPK!F67 -> 107 | G67: =MPR!G67+KARACHI!G67+SINDH!G67+'GILGIT -BALTISTAN'!G67:G71+'AZAD - KASHMIR'!G67:G71+KPK!G67 -> 67 | H67: =MPR!H67+KARACHI!H67+SINDH!H67+'GILGIT -BALTISTAN'!H67:H71+'AZAD - KASHMIR'!H67:H71+KPK!H67 -> 1009 | I67: =SUM(F67:H71) -> 1183 | J67: =MPR!J67+KARACHI!J67+SINDH!J67+'GILGIT -BALTISTAN'!J67:J71+'AZAD - KASHMIR'!J67:J71+KPK!J67 -> 1129 | K67: =MPR!K67+KARACHI!K67+SINDH!K67+'GILGIT -BALTISTAN'!K67:K71+'AZAD - KASHMIR'!K67:K71+KPK!K67 -> 1857 | M67: HIV patient tested for TB | O67: HIV patients tested positive for TB | Q67: TB positive HIV patients put on TB Tx | T67: HIV positive TB -Ve patients on TPT
M68: =MPR!M68+KARACHI!M68+SINDH!M68+'GILGIT -BALTISTAN'!M68:N71+'AZAD - KASHMIR'!M68:N71+KPK!M68 -> 0 | O68: =MPR!O68+KARACHI!O68+SINDH!O68+'GILGIT -BALTISTAN'!O68:P71+'AZAD - KASHMIR'!O68:P71+KPK!O68 -> 0 | Q68: =MPR!Q68+KARACHI!Q68+SINDH!Q68+'GILGIT -BALTISTAN'!Q68:S71+'AZAD - KASHMIR'!Q68:S71+KPK!Q68 -> 0 | U68: 0-4 | W68: 5-14 | X68: 15 & above
T69: 6H | U69: =MPR!U69+KARACHI!U69+SINDH!U69+'GILGIT -BALTISTAN'!U69:V69+'AZAD - KASHMIR'!U69:V69+KPK!U69 -> 0 | W69: =MPR!W69+KARACHI!W69+SINDH!W69+'GILGIT -BALTISTAN'!W69+'AZAD - KASHMIR'!W69+KPK!W69 -> 0 | X69: =MPR!X69+KARACHI!X69+SINDH!X69+'GILGIT -BALTISTAN'!X69:Y69+'AZAD - KASHMIR'!X69:Y69+KPK!X69 -> 0
T70: 3HR | U70: =MPR!U70+KARACHI!U70+SINDH!U70+'GILGIT -BALTISTAN'!U70:V70+'AZAD - KASHMIR'!U70:V70+KPK!U70 -> 0 | W70: =MPR!W70+KARACHI!W70+SINDH!W70+'GILGIT -BALTISTAN'!W70+'AZAD - KASHMIR'!W70+KPK!W70 -> 0 | X70: =MPR!X70+KARACHI!X70+SINDH!X70+'GILGIT -BALTISTAN'!X70:Y70+'AZAD - KASHMIR'!X70:Y70+KPK!X70 -> 0
T71: 3 HP | U71: =MPR!U71+KARACHI!U71+SINDH!U71+'GILGIT -BALTISTAN'!U71:V71+'AZAD - KASHMIR'!U71:V71+KPK!U71 -> 0 | W71: =MPR!W71+KARACHI!W71+SINDH!W71+'GILGIT -BALTISTAN'!W71+'AZAD - KASHMIR'!W71+KPK!W71 -> 0 | X71: =MPR!X71+KARACHI!X71+SINDH!X71+'GILGIT -BALTISTAN'!X71:Y71+'AZAD - KASHMIR'!X71:Y71+KPK!X71 -> 0
A73: Block 5 : Bacteriologically Confermid TB Cases with DST Result | M73: Block 6 : Contact Tracing HH *
F74: Rifampicin | H74: Isoniazid | J74: Fluoroquninolone | M74: Total No. of HH of B+ PTB | O74: No. of HH contacts of B+ PTB Cases Screened | Q74: Amoung HH contact screened, No. of TB Cases diagnosed | S74: No. of HH Contacts Initiated on TPT | W74: HIV negative Immuno compromised on TPT
F75: Result | G75: Resistant | H75: Result | I75: Resistant | J75: Result | K75: Resistant | M75: <=5yrs | N75: >5yrs | O75: <=5yrs | P75: >5yrs | Q75: <=5yrs | R75: >5yrs | T75: 0-4 | U75: 5-14 | V75: 15+ | W75: 0-4 | X75: 5-14 | Y75: 15+
A76: New + UK | F76: =MPR!F76+KARACHI!F76+SINDH!F76+'GILGIT -BALTISTAN'!F76+'AZAD - KASHMIR'!F76+KPK!F76 -> 1014 | G76: =MPR!G76+KARACHI!G76+SINDH!G76+'GILGIT -BALTISTAN'!G76+'AZAD - KASHMIR'!G76+KPK!G76 -> 2 | H76: =MPR!H76+KARACHI!H76+SINDH!H76+'GILGIT -BALTISTAN'!H76+'AZAD - KASHMIR'!H76+KPK!H76 -> 0 | I76: =MPR!I76+KARACHI!I76+SINDH!I76+'GILGIT -BALTISTAN'!I76+'AZAD - KASHMIR'!I76+KPK!I76 -> 1 | J76: =MPR!J76+KARACHI!J76+SINDH!J76+'GILGIT -BALTISTAN'!J76+'AZAD - KASHMIR'!J76+KPK!J76 -> 0 | K76: =MPR!K76+KARACHI!K76+SINDH!K76+'GILGIT -BALTISTAN'!K76+'AZAD - KASHMIR'!K76+KPK!K76 -> 0 | M76: =MPR!M76+KARACHI!M76+SINDH!M76+'GILGIT -BALTISTAN'!M76:M79+'AZAD - KASHMIR'!M76:M79+KPK!M76 -> 1167 | N76: =MPR!N76+KARACHI!N76+SINDH!N76+'GILGIT -BALTISTAN'!N76:N79+'AZAD - KASHMIR'!N76:N79+KPK!N76 -> 5504 | O76: =MPR!O76+KARACHI!O76+SINDH!O76+'GILGIT -BALTISTAN'!O76:O79+'AZAD - KASHMIR'!O76:O79+KPK!O76 -> 1070 | P76: =MPR!P76+KARACHI!P76+SINDH!P76+'GILGIT -BALTISTAN'!P76:P79+'AZAD - KASHMIR'!P76:P79+KPK!P76 -> 4747 | Q76: =MPR!Q76+KARACHI!Q76+SINDH!Q76+'GILGIT -BALTISTAN'!Q76:Q79+'AZAD - KASHMIR'!Q76:Q79+KPK!Q76 -> 27 | R76: =MPR!R76+KARACHI!R76+SINDH!R76+'GILGIT -BALTISTAN'!R76:R79+'AZAD - KASHMIR'!R76:R79+KPK!R76 -> 224 | S76: 6H | T76: =MPR!T76+KARACHI!T76+SINDH!T76+'GILGIT -BALTISTAN'!T76+'AZAD - KASHMIR'!T76+KPK!T76 -> 0 | U76: =MPR!U76+KARACHI!U76+SINDH!U76+'GILGIT -BALTISTAN'!U76+'AZAD - KASHMIR'!U76+KPK!U76 -> 0 | V76: =MPR!V76+KARACHI!V76+SINDH!V76+'GILGIT -BALTISTAN'!V76+'AZAD - KASHMIR'!V76+KPK!V76 -> 0 | W76: =MPR!W76+KARACHI!W76+SINDH!W76+'GILGIT -BALTISTAN'!W76+'AZAD - KASHMIR'!W76+KPK!W76 -> 0 | X76: =MPR!X76+KARACHI!X76+SINDH!X76+'GILGIT -BALTISTAN'!X76+'AZAD - KASHMIR'!X76+KPK!X76 -> 0 | Y76: =MPR!Y76+KARACHI!Y76+SINDH!Y76+'GILGIT -BALTISTAN'!Y76+'AZAD - KASHMIR'!Y76+KPK!Y76 -> 0
A77: Relapse | F77: =MPR!F77+KARACHI!F77+SINDH!F77+'GILGIT -BALTISTAN'!F77+'AZAD - KASHMIR'!F77+KPK!F77 -> 22 | G77: =MPR!G77+KARACHI!G77+SINDH!G77+'GILGIT -BALTISTAN'!G77+'AZAD - KASHMIR'!G77+KPK!G77 -> 1 | H77: =MPR!H77+KARACHI!H77+SINDH!H77+'GILGIT -BALTISTAN'!H77+'AZAD - KASHMIR'!H77+KPK!H77 -> 0 | I77: =MPR!I77+KARACHI!I77+SINDH!I77+'GILGIT -BALTISTAN'!I77+'AZAD - KASHMIR'!I77+KPK!I77 -> 0 | J77: =MPR!J77+KARACHI!J77+SINDH!J77+'GILGIT -BALTISTAN'!J77+'AZAD - KASHMIR'!J77+KPK!J77 -> 0 | K77: =MPR!K77+KARACHI!K77+SINDH!K77+'GILGIT -BALTISTAN'!K77+'AZAD - KASHMIR'!K77+KPK!K77 -> 1 | S77: 3HR | T77: =MPR!T77+KARACHI!T77+SINDH!T77+'GILGIT -BALTISTAN'!T77+'AZAD - KASHMIR'!T77+KPK!T77 -> 0 | U77: =MPR!U77+KARACHI!U77+SINDH!U77+'GILGIT -BALTISTAN'!U77+'AZAD - KASHMIR'!U77+KPK!U77 -> 0 | V77: =MPR!V77+KARACHI!V77+SINDH!V77+'GILGIT -BALTISTAN'!V77+'AZAD - KASHMIR'!V77+KPK!V77 -> 0 | W77: =MPR!W77+KARACHI!W77+SINDH!W77+'GILGIT -BALTISTAN'!W77+'AZAD - KASHMIR'!W77+KPK!W77 -> 0 | X77: =MPR!X77+KARACHI!X77+SINDH!X77+'GILGIT -BALTISTAN'!X77+'AZAD - KASHMIR'!X77+KPK!X77 -> 0 | Y77: =MPR!Y77+KARACHI!Y77+SINDH!Y77+'GILGIT -BALTISTAN'!Y77+'AZAD - KASHMIR'!Y77+KPK!Y77 -> 0
A78: Previously treated | F78: =MPR!F78+KARACHI!F78+SINDH!F78+'GILGIT -BALTISTAN'!F78+'AZAD - KASHMIR'!F78+KPK!F78 -> 4 | G78: =MPR!G78+KARACHI!G78+SINDH!G78+'GILGIT -BALTISTAN'!G78+'AZAD - KASHMIR'!G78+KPK!G78 -> 0 | H78: =MPR!H78+KARACHI!H78+SINDH!H78+'GILGIT -BALTISTAN'!H78+'AZAD - KASHMIR'!H78+KPK!H78 -> 0 | I78: =MPR!I78+KARACHI!I78+SINDH!I78+'GILGIT -BALTISTAN'!I78+'AZAD - KASHMIR'!I78+KPK!I78 -> 0 | J78: =MPR!J78+KARACHI!J78+SINDH!J78+'GILGIT -BALTISTAN'!J78+'AZAD - KASHMIR'!J78+KPK!J78 -> 0 | K78: =MPR!K78+KARACHI!K78+SINDH!K78+'GILGIT -BALTISTAN'!K78+'AZAD - KASHMIR'!K78+KPK!K78 -> 0 | S78: 3 HP | T78: =MPR!T78+KARACHI!T78+SINDH!T78+'GILGIT -BALTISTAN'!T78:T79+'AZAD - KASHMIR'!T78:T79+KPK!T78 -> 0 | U78: =MPR!U78+KARACHI!U78+SINDH!U78+'GILGIT -BALTISTAN'!U78:U79+'AZAD - KASHMIR'!U78:U79+KPK!U78 -> 0 | V78: =MPR!V78+KARACHI!V78+SINDH!V78+'GILGIT -BALTISTAN'!V78:V79+'AZAD - KASHMIR'!V78:V79+KPK!V78 -> 66 | W78: =MPR!W78+KARACHI!W78+SINDH!W78+'GILGIT -BALTISTAN'!W78:W79+'AZAD - KASHMIR'!W78:W79+KPK!W78 -> 0 | X78: =MPR!X78+KARACHI!X78+SINDH!X78+'GILGIT -BALTISTAN'!X78:X79+'AZAD - KASHMIR'!X78:X79+KPK!X78 -> 0 | Y78: =MPR!Y78+KARACHI!Y78+SINDH!Y78+'GILGIT -BALTISTAN'!Y78:Y79+'AZAD - KASHMIR'!Y78:Y79+KPK!Y78 -> 0
A79: Total | F79: =SUM(F76:F78) -> 1040 | G79: =SUM(G76:G78) -> 3 | H79: =SUM(H76:H78) -> 0 | I79: =SUM(I76:I78) -> 1 | J79: =SUM(J76:J78) -> 0 | K79: =SUM(K76:K78) -> 1
A80: QUARTERLY REPORT ON TB CASES REGISTRATION
A81: INDIVIDUAL/CONSOLIDATED (TICK ONE) | U81: TB - 07
A82: Name of TB Care Facility (BMU) : | E82: =E4 -> All Project Total | H82: District : | J82: =J4 -> 0 | L82: Central : | N82: =N4 -> CONSOLIDATED | Q82: Patients registered during | U82: 3rd Quarter | X82: =X43 -> of Year 2023
A84: Name of TB Coodinator/Facility incharge : | G84: ___________________________________________________ | Q84: Date of completion of this form : | V84: _______________________
A86: Block 1: | J86: New (N) | L86: Relapse ® | N86: Previous Treatment History Unknown (UK) | P86: N+R+UK | R86: Previously treated ( Excluding Relapse) | X86: Total
A87: All TB Cases Registered | R87: Treatment after failure | T87: Treatment after lost to follow-up | V87: Other previously treated
A89: Pulmonary, Bacteriologically Confermid | J89: =MPR!J89+KARACHI!J89+SINDH!J89+'GILGIT -BALTISTAN'!J89+'AZAD - KASHMIR'!J89+KPK!J89 -> 1113 | L89: =MPR!L89+KARACHI!L89+SINDH!L89+'GILGIT -BALTISTAN'!L89+'AZAD - KASHMIR'!L89+KPK!L89 -> 79 | N89: =MPR!N89+KARACHI!N89+SINDH!N89+'GILGIT -BALTISTAN'!N89+'AZAD - KASHMIR'!N89+KPK!N89 -> 2 | P89: =SUM(J89+L89+N89) -> 1194 | R89: =MPR!R89+KARACHI!R89+SINDH!R89+'GILGIT -BALTISTAN'!R89+'AZAD - KASHMIR'!R89+KPK!R89 -> 2 | T89: =MPR!T89+KARACHI!T89+SINDH!T89+'GILGIT -BALTISTAN'!T89+'AZAD - KASHMIR'!T89+KPK!T89 -> 1 | V89: =MPR!V89+KARACHI!V89+SINDH!V89+'GILGIT -BALTISTAN'!V89+'AZAD - KASHMIR'!V89+KPK!V89 -> 3 | X89: =SUM(J89+L89+N89+R89+T89+V89) -> 1200
A90: Pulmonary , Clinically Diagnosed | J90: =MPR!J90+KARACHI!J90+SINDH!J90+'GILGIT -BALTISTAN'!J90+'AZAD - KASHMIR'!J90+KPK!J90 -> 1584 | L90: =MPR!L90+KARACHI!L90+SINDH!L90+'GILGIT -BALTISTAN'!L90+'AZAD - KASHMIR'!L90+KPK!L90 -> 33 | N90: =MPR!N90+KARACHI!N90+SINDH!N90+'GILGIT -BALTISTAN'!N90+'AZAD - KASHMIR'!N90+KPK!N90 -> 5 | P90: =SUM(J90+L90+N90) -> 1622 | R90: =MPR!R90+KARACHI!R90+SINDH!R90+'GILGIT -BALTISTAN'!R90+'AZAD - KASHMIR'!R90+KPK!R90 -> 0 | T90: =MPR!T90+KARACHI!T90+SINDH!T90+'GILGIT -BALTISTAN'!T90+'AZAD - KASHMIR'!T90+KPK!T90 -> 1 | V90: =MPR!V90+KARACHI!V90+SINDH!V90+'GILGIT -BALTISTAN'!V90+'AZAD - KASHMIR'!V90+KPK!V90 -> 10 | X90: =SUM(J90+L90+N90+R90+T90+V90) -> 1633
A91: Extra Pulmonary, Bacteriologically Confermid | J91: =MPR!J91+KARACHI!J91+SINDH!J91+'GILGIT -BALTISTAN'!J91+'AZAD - KASHMIR'!J91+KPK!J91 -> 10 | L91: =MPR!L91+KARACHI!L91+SINDH!L91+'GILGIT -BALTISTAN'!L91+'AZAD - KASHMIR'!L91+KPK!L91 -> 1 | N91: =MPR!N91+KARACHI!N91+SINDH!N91+'GILGIT -BALTISTAN'!N91+'AZAD - KASHMIR'!N91+KPK!N91 -> 0 | P91: =SUM(J91+L91+N91) -> 11 | R91: =MPR!R91+KARACHI!R91+SINDH!R91+'GILGIT -BALTISTAN'!R91+'AZAD - KASHMIR'!R91+KPK!R91 -> 0 | T91: =MPR!T91+KARACHI!T91+SINDH!T91+'GILGIT -BALTISTAN'!T91+'AZAD - KASHMIR'!T91+KPK!T91 -> 0 | V91: =MPR!V91+KARACHI!V91+SINDH!V91+'GILGIT -BALTISTAN'!V91+'AZAD - KASHMIR'!V91+KPK!V91 -> 0 | X91: =SUM(J91+L91+N91+R91+T91+V91) -> 11
A92: Extra Pulmonary , Clinically Diagnosed | J92: =MPR!J92+KARACHI!J92+SINDH!J92+'GILGIT -BALTISTAN'!J92+'AZAD - KASHMIR'!J92+KPK!J92 -> 948 | L92: =MPR!L92+KARACHI!L92+SINDH!L92+'GILGIT -BALTISTAN'!L92+'AZAD - KASHMIR'!L92+KPK!L92 -> 6 | N92: =MPR!N92+KARACHI!N92+SINDH!N92+'GILGIT -BALTISTAN'!N92+'AZAD - KASHMIR'!N92+KPK!N92 -> 3 | P92: =SUM(J92+L92+N92) -> 957 | R92: =MPR!R92+KARACHI!R92+SINDH!R92+'GILGIT -BALTISTAN'!R92+'AZAD - KASHMIR'!R92+KPK!R92 -> 0 | T92: =MPR!T92+KARACHI!T92+SINDH!T92+'GILGIT -BALTISTAN'!T92+'AZAD - KASHMIR'!T92+KPK!T92 -> 3 | V92: =MPR!V92+KARACHI!V92+SINDH!V92+'GILGIT -BALTISTAN'!V92+'AZAD - KASHMIR'!V92+KPK!V92 -> 13 | X92: =SUM(J92+L92+N92+R92+T92+V92) -> 973
A93: Total | J93: =SUM(J89:K92) -> 3655 | L93: =SUM(L89:M92) -> 119 | N93: =SUM(N89:O92) -> 10 | P93: =SUM(J93+L93+N93) -> 3784 | R93: =SUM(R89:S92) -> 2 | T93: =SUM(T89:U92) -> 5 | V93: =SUM(V89:W92) -> 26 | X93: =SUM(J93+L93+N93+R93+T93+V93) -> 3817
A94: Block 2: All New, Relapse and previous treatment history unknown Cases registered during the period by Age Group and Gender
H95: 0-4 | J95: 5-14 | L95: 15-24 | N95: 25-34 | P95: 35-44 | R95: 45-54 | T95: 55-64 | V95: 65 & Above | X95: Total
H96: M | I96: F | J96: M | K96: F | L96: M | M96: F | N96: M | O96: F | P96: M | Q96: F | R96: M | S96: F | T96: M | U96: F | V96: M | W96: F | X96: M | Y96: F
A97: Pulmonary, Bacteriologically Confermid | H97: =MPR!H97+KARACHI!H97+SINDH!H97+'GILGIT -BALTISTAN'!H97+'AZAD - KASHMIR'!H97+KPK!H97 -> 1 | I97: =MPR!I97+KARACHI!I97+SINDH!I97+'GILGIT -BALTISTAN'!I97+'AZAD - KASHMIR'!I97+KPK!I97 -> 2 | J97: =MPR!J97+KARACHI!J97+SINDH!J97+'GILGIT -BALTISTAN'!J97+'AZAD - KASHMIR'!J97+KPK!J97 -> 7 | K97: =MPR!K97+KARACHI!K97+SINDH!K97+'GILGIT -BALTISTAN'!K97+'AZAD - KASHMIR'!K97+KPK!K97 -> 32 | L97: =MPR!L97+KARACHI!L97+SINDH!L97+'GILGIT -BALTISTAN'!L97+'AZAD - KASHMIR'!L97+KPK!L97 -> 86 | M97: =MPR!M97+KARACHI!M97+SINDH!M97+'GILGIT -BALTISTAN'!M97+'AZAD - KASHMIR'!M97+KPK!M97 -> 156 | N97: =MPR!N97+KARACHI!N97+SINDH!N97+'GILGIT -BALTISTAN'!N97+'AZAD - KASHMIR'!N97+KPK!N97 -> 96 | O97: =MPR!O97+KARACHI!O97+SINDH!O97+'GILGIT -BALTISTAN'!O97+'AZAD - KASHMIR'!O97+KPK!O97 -> 92 | ... W97: =MPR!W97+KARACHI!W97+SINDH!W97+'GILGIT -BALTISTAN'!W97+'AZAD - KASHMIR'!W97+KPK!W97 -> 129 | X97: =SUM(H97+J97+L97+N97+P97+R97+T97+V97) -> 579 | Y97: =SUM(I97+K97+M97+O97+Q97+S97+U97+W97) -> 615
A98: Pulmonary , Clinically Diagnosed | H98: =MPR!H98+KARACHI!H98+SINDH!H98+'GILGIT -BALTISTAN'!H98+'AZAD - KASHMIR'!H98+KPK!H98 -> 346 | I98: =MPR!I98+KARACHI!I98+SINDH!I98+'GILGIT -BALTISTAN'!I98+'AZAD - KASHMIR'!I98+KPK!I98 -> 244 | J98: =MPR!J98+KARACHI!J98+SINDH!J98+'GILGIT -BALTISTAN'!J98+'AZAD - KASHMIR'!J98+KPK!J98 -> 82 | K98: =MPR!K98+KARACHI!K98+SINDH!K98+'GILGIT -BALTISTAN'!K98+'AZAD - KASHMIR'!K98+KPK!K98 -> 87 | L98: =MPR!L98+KARACHI!L98+SINDH!L98+'GILGIT -BALTISTAN'!L98+'AZAD - KASHMIR'!L98+KPK!L98 -> 61 | M98: =MPR!M98+KARACHI!M98+SINDH!M98+'GILGIT -BALTISTAN'!M98+'AZAD - KASHMIR'!M98+KPK!M98 -> 106 | N98: =MPR!N98+KARACHI!N98+SINDH!N98+'GILGIT -BALTISTAN'!N98+'AZAD - KASHMIR'!N98+KPK!N98 -> 84 | O98: =MPR!O98+KARACHI!O98+SINDH!O98+'GILGIT -BALTISTAN'!O98+'AZAD - KASHMIR'!O98+KPK!O98 -> 70 | ... W98: =MPR!W98+KARACHI!W98+SINDH!W98+'GILGIT -BALTISTAN'!W98+'AZAD - KASHMIR'!W98+KPK!W98 -> 74 | X98: =SUM(H98+J98+L98+N98+P98+R98+T98+V98) -> 867 | Y98: =SUM(I98+K98+M98+O98+Q98+S98+U98+W98) -> 756
A99: Extra Pulmonary, Bacteriologically Confermid | H99: =MPR!H99+KARACHI!H99+SINDH!H99+'GILGIT -BALTISTAN'!H99+'AZAD - KASHMIR'!H99+KPK!H99 -> 0 | I99: =MPR!I99+KARACHI!I99+SINDH!I99+'GILGIT -BALTISTAN'!I99+'AZAD - KASHMIR'!I99+KPK!I99 -> 0 | J99: =MPR!J99+KARACHI!J99+SINDH!J99+'GILGIT -BALTISTAN'!J99+'AZAD - KASHMIR'!J99+KPK!J99 -> 0 | K99: =MPR!K99+KARACHI!K99+SINDH!K99+'GILGIT -BALTISTAN'!K99+'AZAD - KASHMIR'!K99+KPK!K99 -> 0 | L99: =MPR!L99+KARACHI!L99+SINDH!L99+'GILGIT -BALTISTAN'!L99+'AZAD - KASHMIR'!L99+KPK!L99 -> 1 | M99: =MPR!M99+KARACHI!M99+SINDH!M99+'GILGIT -BALTISTAN'!M99+'AZAD - KASHMIR'!M99+KPK!M99 -> 1 | N99: =MPR!N99+KARACHI!N99+SINDH!N99+'GILGIT -BALTISTAN'!N99+'AZAD - KASHMIR'!N99+KPK!N99 -> 2 | O99: =MPR!O99+KARACHI!O99+SINDH!O99+'GILGIT -BALTISTAN'!O99+'AZAD - KASHMIR'!O99+KPK!O99 -> 1 | ... W99: =MPR!W99+KARACHI!W99+SINDH!W99+'GILGIT -BALTISTAN'!W99+'AZAD - KASHMIR'!W99+KPK!W99 -> 1 | X99: =SUM(H99+J99+L99+N99+P99+R99+T99+V99) -> 5 | Y99: =SUM(I99+K99+M99+O99+Q99+S99+U99+W99) -> 6
A100: Extra Pulmonary , Clinically Diagnosed | H100: =MPR!H100+KARACHI!H100+SINDH!H100+'GILGIT -BALTISTAN'!H100+'AZAD - KASHMIR'!H100+KPK!H100 -> 96 | I100: =MPR!I100+KARACHI!I100+SINDH!I100+'GILGIT -BALTISTAN'!I100+'AZAD - KASHMIR'!I100+KPK!I100 -> 81 | J100: =MPR!J100+KARACHI!J100+SINDH!J100+'GILGIT -BALTISTAN'!J100+'AZAD - KASHMIR'!J100+KPK!J100 -> 40 | K100: =MPR!K100+KARACHI!K100+SINDH!K100+'GILGIT -BALTISTAN'!K100+'AZAD - KASHMIR'!K100+KPK!K100 -> 39 | L100: =MPR!L100+KARACHI!L100+SINDH!L100+'GILGIT -BALTISTAN'!L100+'AZAD - KASHMIR'!L100+KPK!L100 -> 88 | M100: =MPR!M100+KARACHI!M100+SINDH!M100+'GILGIT -BALTISTAN'!M100+'AZAD - KASHMIR'!M100+KPK!M100 -> 110 | N100: =MPR!N100+KARACHI!N100+SINDH!N100+'GILGIT -BALTISTAN'!N100+'AZAD - KASHMIR'!N100+KPK!N100 -> 58 | O100: =MPR!O100+KARACHI!O100+SINDH!O100+'GILGIT -BALTISTAN'!O100+'AZAD - KASHMIR'!O100+KPK!O100 -> 63 | ... W100: =MPR!W100+KARACHI!W100+SINDH!W100+'GILGIT -BALTISTAN'!W100+'AZAD - KASHMIR'!W100+KPK!W100 -> 39 | X100: =SUM(H100+J100+L100+N100+P100+R100+T100+V100) -> 516 | Y100: =SUM(I100+K100+M100+O100+Q100+S100+U100+W100) -> 445
A101: Total | H101: =SUM(H97:H100) -> 443 | I101: =SUM(I97:I100) -> 327 | J101: =SUM(J97:J100) -> 129 | K101: =SUM(K97:K100) -> 158 | L101: =SUM(L97:L100) -> 236 | M101: =SUM(M97:M100) -> 373 | N101: =SUM(N97:N100) -> 240 | O101: =SUM(O97:O100) -> 226 | ... Y101: =SUM(Y97:Y100) -> 1822
A103: Block 3: Presumptive TB Cases Identified Laboratory Diagnosis and use of WRD | M103: Block 4 : TB HIV Activities
A104: Total New OPD in Quarter | B104: No. of presumptive TB cases identified | C104: Presumptive Identified through Community Referrals (LHWs) | D104: No. of Presumptive TB Patients tested Using | F104: Among Presumptive TB cases tested number reported B+ | J104: Among all registered number of B+ TB Cases | K104: Amoung All (N+R+UK) number tested by Gene Xpert | M104: No. of TB patients tested for HIV | O104: TB Patients tested positive for HIV | Q104: HIV positive TB Patients put on ART
D105: AFB | E105: Xpert | F105: AFB | G105: Xpert | H105: AFB + Xpert | I105: G.Tot | M105: =MPR!M105+KARACHI!M105+SINDH!M105+'GILGIT -BALTISTAN'!M105:N105+'AZAD - KASHMIR'!M105:N105+KPK!M105 -> 213 | O105: =MPR!O105+KARACHI!O105+SINDH!O105+'GILGIT -BALTISTAN'!O105:P105+'AZAD - KASHMIR'!O105:P105+KPK!O105 -> 0 | Q105: =MPR!Q105+KARACHI!Q105+SINDH!Q105+'GILGIT -BALTISTAN'!Q105:Y105+'AZAD - KASHMIR'!Q105:Y105+KPK!Q105 -> 0
A106: =MPR!A106+KARACHI!A106+SINDH!A106+'GILGIT -BALTISTAN'!A106:A110+'AZAD - KASHMIR'!A106:A110+KPK!A106 -> 533900 | B106: =MPR!B106+KARACHI!B106+SINDH!B106+'GILGIT -BALTISTAN'!B106:B110+'AZAD - KASHMIR'!B106:B110+KPK!B106 -> 14953 | C106: =MPR!C106+KARACHI!C106+SINDH!C106+'GILGIT -BALTISTAN'!C106:C110+'AZAD - KASHMIR'!C106:C110+KPK!C106 -> 1239 | D106: =MPR!D106+KARACHI!D106+SINDH!D106+'GILGIT -BALTISTAN'!D106:D110+'AZAD - KASHMIR'!D106:D110+KPK!D106 -> 9271 | E106: =MPR!E106+KARACHI!E106+SINDH!E106+'GILGIT -BALTISTAN'!E106:E110+'AZAD - KASHMIR'!E106:E110+KPK!E106 -> 5888 | F106: =MPR!F106+KARACHI!F106+SINDH!F106+'GILGIT -BALTISTAN'!F106:F110+'AZAD - KASHMIR'!F106:F110+KPK!F106 -> 133 | G106: =MPR!G106+KARACHI!G106+SINDH!G106+'GILGIT -BALTISTAN'!G106:G110+'AZAD - KASHMIR'!G106:G110+KPK!G106 -> 87 | H106: =MPR!H106+KARACHI!H106+SINDH!H106+'GILGIT -BALTISTAN'!H106:H110+'AZAD - KASHMIR'!H106:H110+KPK!H106 -> 905 | I106: =SUM(F106:H110) -> 1125 | J106: =MPR!J106+KARACHI!J106+SINDH!J106+'GILGIT -BALTISTAN'!J106:J110+'AZAD - KASHMIR'!J106:J110+KPK!J106 -> 1152 | K106: =MPR!K106+KARACHI!K106+SINDH!K106+'GILGIT -BALTISTAN'!K106:K110+'AZAD - KASHMIR'!K106:K110+KPK!K106 -> 1707 | M106: HIV patient tested for TB | O106: HIV patients tested positive for TB | Q106: TB positive HIV patients put on TB Tx | T106: HIV positive TB -Ve patients on TPT
M107: =MPR!M107+KARACHI!M107+SINDH!M107+'GILGIT -BALTISTAN'!M107:N110+'AZAD - KASHMIR'!M107:N110+KPK!M107 -> 0 | O107: =MPR!O107+KARACHI!O107+SINDH!O107+'GILGIT -BALTISTAN'!O107:P110+'AZAD - KASHMIR'!O107:P110+KPK!O107 -> 0 | Q107: =MPR!Q107+KARACHI!Q107+SINDH!Q107+'GILGIT -BALTISTAN'!Q107:S110+'AZAD - KASHMIR'!Q107:S110+KPK!Q107 -> 0 | U107: 0-4 | W107: 5-14 | X107: 15 & above
T108: 6H | U108: =MPR!U108+KARACHI!U108+SINDH!U108+'GILGIT -BALTISTAN'!U108:V108+'AZAD - KASHMIR'!U108:V108+KPK!U108 -> 0 | W108: =MPR!W108+KARACHI!W108+SINDH!W108+'GILGIT -BALTISTAN'!W108+'AZAD - KASHMIR'!W108+KPK!W108 -> 0 | X108: =MPR!X108+KARACHI!X108+SINDH!X108+'GILGIT -BALTISTAN'!X108:Y108+'AZAD - KASHMIR'!X108:Y108+KPK!X108 -> 0
T109: 3HR | U109: =MPR!U109+KARACHI!U109+SINDH!U109+'GILGIT -BALTISTAN'!U109:V109+'AZAD - KASHMIR'!U109:V109+KPK!U109 -> 0 | W109: =MPR!W109+KARACHI!W109+SINDH!W109+'GILGIT -BALTISTAN'!W109+'AZAD - KASHMIR'!W109+KPK!W109 -> 0 | X109: =MPR!X109+KARACHI!X109+SINDH!X109+'GILGIT -BALTISTAN'!X109:Y109+'AZAD - KASHMIR'!X109:Y109+KPK!X109 -> 0
T110: 3 HP | U110: =MPR!U110+KARACHI!U110+SINDH!U110+'GILGIT -BALTISTAN'!U110:V110+'AZAD - KASHMIR'!U110:V110+KPK!U110 -> 0 | W110: =MPR!W110+KARACHI!W110+SINDH!W110+'GILGIT -BALTISTAN'!W110+'AZAD - KASHMIR'!W110+KPK!W110 -> 0 | X110: =MPR!X110+KARACHI!X110+SINDH!X110+'GILGIT -BALTISTAN'!X110:Y110+'AZAD - KASHMIR'!X110:Y110+KPK!X110 -> 0
A112: Block 5 : Bacteriologically Confermid TB Cases with DST Result | M112: Block 6 : Contact Tracing HH *
F113: Rifampicin | H113: Isoniazid | J113: Fluoroquninolone | M113: Total No. of HH of B+ PTB | O113: No. of HH contacts of B+ PTB Cases Screened | Q113: Amoung HH contact screened, No. of TB Cases diagnosed | S113: No. of HH Contacts Initiated on TPT | W113: HIV negative Immuno compromised on TPT
F114: Result | G114: Resistant | H114: Result | I114: Resistant | J114: Result | K114: Resistant | M114: <=5yrs | N114: >5yrs | O114: <=5yrs | P114: >5yrs | Q114: <=5yrs | R114: >5yrs | T114: 0-4 | U114: 5-14 | V114: 15+ | W114: 0-4 | X114: 5-14 | Y114: 15+
A115: New + UK | F115: =MPR!F115+KARACHI!F115+SINDH!F115+'GILGIT -BALTISTAN'!F115+'AZAD - KASHMIR'!F115+KPK!F115 -> 982 | G115: =MPR!G115+KARACHI!G115+SINDH!G115+'GILGIT -BALTISTAN'!G115+'AZAD - KASHMIR'!G115+KPK!G115 -> 6 | H115: =MPR!H115+KARACHI!H115+SINDH!H115+'GILGIT -BALTISTAN'!H115+'AZAD - KASHMIR'!H115+KPK!H115 -> 0 | I115: =MPR!I115+KARACHI!I115+SINDH!I115+'GILGIT -BALTISTAN'!I115+'AZAD - KASHMIR'!I115+KPK!I115 -> 0 | J115: =MPR!J115+KARACHI!J115+SINDH!J115+'GILGIT -BALTISTAN'!J115+'AZAD - KASHMIR'!J115+KPK!J115 -> 0 | K115: =MPR!K115+KARACHI!K115+SINDH!K115+'GILGIT -BALTISTAN'!K115+'AZAD - KASHMIR'!K115+KPK!K115 -> 1 | M115: =MPR!M115+KARACHI!M115+SINDH!M115+'GILGIT -BALTISTAN'!M115:M118+'AZAD - KASHMIR'!M115:M118+KPK!M115 -> 1254 | N115: =MPR!N115+KARACHI!N115+SINDH!N115+'GILGIT -BALTISTAN'!N115:N118+'AZAD - KASHMIR'!N115:N118+KPK!N115 -> 5841 | O115: =MPR!O115+KARACHI!O115+SINDH!O115+'GILGIT -BALTISTAN'!O115:O118+'AZAD - KASHMIR'!O115:O118+KPK!O115 -> 1006 | P115: =MPR!P115+KARACHI!P115+SINDH!P115+'GILGIT -BALTISTAN'!P115:P118+'AZAD - KASHMIR'!P115:P118+KPK!P115 -> 4678 | Q115: =MPR!Q115+KARACHI!Q115+SINDH!Q115+'GILGIT -BALTISTAN'!Q115:Q118+'AZAD - KASHMIR'!Q115:Q118+KPK!Q115 -> 19 | R115: =MPR!R115+KARACHI!R115+SINDH!R115+'GILGIT -BALTISTAN'!R115:R118+'AZAD - KASHMIR'!R115:R118+KPK!R115 -> 193 | S115: 6H | T115: =MPR!T115+KARACHI!T115+SINDH!T115+'GILGIT -BALTISTAN'!T115+'AZAD - KASHMIR'!T115+KPK!T115 -> 1 | U115: =MPR!U115+KARACHI!U115+SINDH!U115+'GILGIT -BALTISTAN'!U115+'AZAD - KASHMIR'!U115+KPK!U115 -> 4 | V115: =MPR!V115+KARACHI!V115+SINDH!V115+'GILGIT -BALTISTAN'!V115+'AZAD - KASHMIR'!V115+KPK!V115 -> 0 | W115: =MPR!W115+KARACHI!W115+SINDH!W115+'GILGIT -BALTISTAN'!W115+'AZAD - KASHMIR'!W115+KPK!W115 -> 0 | X115: =MPR!X115+KARACHI!X115+SINDH!X115+'GILGIT -BALTISTAN'!X115+'AZAD - KASHMIR'!X115+KPK!X115 -> 0 | Y115: =MPR!Y115+KARACHI!Y115+SINDH!Y115+'GILGIT -BALTISTAN'!Y115+'AZAD - KASHMIR'!Y115+KPK!Y115 -> 0
A116: Relapse | F116: =MPR!F116+KARACHI!F116+SINDH!F116+'GILGIT -BALTISTAN'!F116+'AZAD - KASHMIR'!F116+KPK!F116 -> 20 | G116: =MPR!G116+KARACHI!G116+SINDH!G116+'GILGIT -BALTISTAN'!G116+'AZAD - KASHMIR'!G116+KPK!G116 -> 1 | H116: =MPR!H116+KARACHI!H116+SINDH!H116+'GILGIT -BALTISTAN'!H116+'AZAD - KASHMIR'!H116+KPK!H116 -> 0 | I116: =MPR!I116+KARACHI!I116+SINDH!I116+'GILGIT -BALTISTAN'!I116+'AZAD - KASHMIR'!I116+KPK!I116 -> 0 | J116: =MPR!J116+KARACHI!J116+SINDH!J116+'GILGIT -BALTISTAN'!J116+'AZAD - KASHMIR'!J116+KPK!J116 -> 0 | K116: =MPR!K116+KARACHI!K116+SINDH!K116+'GILGIT -BALTISTAN'!K116+'AZAD - KASHMIR'!K116+KPK!K116 -> 0 | S116: 3HR | T116: =MPR!T116+KARACHI!T116+SINDH!T116+'GILGIT -BALTISTAN'!T116+'AZAD - KASHMIR'!T116+KPK!T116 -> 0 | U116: =MPR!U116+KARACHI!U116+SINDH!U116+'GILGIT -BALTISTAN'!U116+'AZAD - KASHMIR'!U116+KPK!U116 -> 0 | V116: =MPR!V116+KARACHI!V116+SINDH!V116+'GILGIT -BALTISTAN'!V116+'AZAD - KASHMIR'!V116+KPK!V116 -> 0 | W116: =MPR!W116+KARACHI!W116+SINDH!W116+'GILGIT -BALTISTAN'!W116+'AZAD - KASHMIR'!W116+KPK!W116 -> 0 | X116: =MPR!X116+KARACHI!X116+SINDH!X116+'GILGIT -BALTISTAN'!X116+'AZAD - KASHMIR'!X116+KPK!X116 -> 0 | Y116: =MPR!Y116+KARACHI!Y116+SINDH!Y116+'GILGIT -BALTISTAN'!Y116+'AZAD - KASHMIR'!Y116+KPK!Y116 -> 0
...
